{
  "baselines": {
    "constant_0.5": {
      "bayes_brier": 0.2402879297733307,
      "brier": 0.25,
      "correlation_with_truth": NaN,
      "ece": 0.08250001072883606,
      "excess_brier": 0.009712070226669312,
      "mse_to_truth": 0.010456157234103692,
      "n": 400
    },
    "oracle": {
      "bayes_brier": 0.2402879297733307,
      "brier": 0.2402879297733307,
      "correlation_with_truth": 1.0,
      "ece": 0.059072050675749777,
      "excess_brier": 0.0,
      "mse_to_truth": 0.0,
      "n": 400
    },
    "prior": {
      "base_rate": 0.44874998927116394,
      "bayes_brier": 0.2402879297733307,
      "brier": 0.24417031182944787,
      "correlation_with_truth": NaN,
      "ece": 0.03125,
      "excess_brier": 0.003882382056117184,
      "mse_to_truth": 0.009627067568352587,
      "n": 400
    }
  },
  "headlines_sample": [
    "Will G2 score more than 3 goals against Heat?",
    "Will US hold elections by 2024-09?",
    "Will BNB outperform Ethereum this week?",
    "Will H.R. 156 pass the House?",
    "Will Lakers win ESL Katowice?"
  ],
  "n_test": 400,
  "n_train": 1600,
  "spec": {
    "n_factors": 5,
    "n_samples": 2000,
    "noise": 0.2,
    "structure": "adversarial"
  }
}
