{
  "llm_meta": null,
  "models": [
    {
      "arb_profit": 0.3999999909341335,
      "brier": 0.25,
      "ece": 0.0014000000000000123,
      "gcal_S": 0.4000000059604645,
      "gcal_S_argmax_key": 1,
      "logloss": 0.6931471805599454,
      "n_eval": 5000,
      "name": "AR-intrinsic",
      "sce": 0.1599999927473071
    },
    {
      "arb_profit": 0.02335086439847946,
      "brier": 0.09175054063792072,
      "ece": 0.02175087346434594,
      "gcal_S": 0.023350894451141357,
      "gcal_S_argmax_key": 1,
      "logloss": 0.330893559775024,
      "n_eval": 5000,
      "name": "Diffusion-intrinsic",
      "sce": 0.0005452628681570637
    },
    {
      "arb_profit": 0.21401328411251305,
      "brier": 0.14310853382566172,
      "ece": 0.19350844859629868,
      "gcal_S": 0.5041666030883789,
      "gcal_S_argmax_key": 101,
      "logloss": 0.4667989504713653,
      "n_eval": 5000,
      "name": "AR+post",
      "sce": 0.052351110461664234
    },
    {
      "arb_profit": 0.049561595802009105,
      "brier": 0.0953688760506771,
      "ece": 0.05475587446540593,
      "gcal_S": 0.28541669249534607,
      "gcal_S_argmax_key": 2790,
      "logloss": 0.34664808705462286,
      "n_eval": 5000,
      "name": "Diffusion+post",
      "sce": 0.004074658151324121
    }
  ]
}
