{
  "llm_meta": {
    "K": 5,
    "n": 1000,
    "parse_failures": 0
  },
  "metrics": {
    "approachability": {
      "clip_eps": 1e-06,
      "curve": {
        "app_err": [
          0.1,
          0.1,
          0.06666666666666667,
          0.05,
          0.07,
          0.058333333333333334,
          0.05,
          0.04375,
          0.03888888888888889,
          0.045,
          0.045454545454545456,
          0.041666666666666664,
          0.038461538461538464,
          0.04642857142857143,
          0.043333333333333335,
          0.046875,
          0.052941176470588235,
          0.05277777777777778,
          0.05,
          0.045,
          0.04285714285714286,
          0.04772727272727273,
          0.04565217391304348,
          0.04583333333333333,
          0.044,
          0.04423076923076923,
          0.040740740740740744,
          0.04107142857142857,
          0.039655172413793106,
          0.04,
          0.041935483870967745,
          0.040625,
          0.03939393939393939,
          0.03823529411764706,
          0.03857142857142857,
          0.03888888888888889,
          0.04054054054054054,
          0.042105263157894736,
          0.041025641025641026,
          0.04,
          0.03780487804878049,
          0.036904761904761905,
          0.03604651162790698,
          0.03636363636363636,
          0.03666666666666667,
          0.035869565217391305,
          0.035106382978723406,
          0.034375,
          0.0336734693877551,
          0.034,
          0.03333333333333333,
          0.03365384615384615,
          0.03207547169811321,
          0.03148148148148148,
          0.03090909090909091,
          0.030357142857142857,
          0.02982456140350877,
          0.029310344827586206,
          0.0288135593220339,
          0.028333333333333332,
          0.027868852459016394,
          0.027419354838709678,
          0.026984126984126985,
          0.0265625,
          0.026153846153846153,
          0.025757575757575757,
          0.026119402985074626,
          0.025735294117647058,
          0.025362318840579712,
          0.024285714285714285,
          0.023943661971830985,
          0.02361111111111111,
          0.023287671232876714,
          0.024324324324324326,
          0.024,
          0.02368421052631579,
          0.023376623376623377,
          0.023076923076923078,
          0.02278481012658228,
          0.0225,
          0.022222222222222223,
          0.02195121951219512,
          0.022289156626506025,
          0.022023809523809525,
          0.02176470588235294,
          0.020930232558139535,
          0.020689655172413793,
          0.019886363636363636,
          0.019662921348314606,
          0.019444444444444445,
          0.019230769230769232,
          0.019021739130434784,
          0.01881720430107527,
          0.018617021276595744,
          0.018421052631578946,
          0.018229166666666668,
          0.018556701030927835,
          0.018367346938775512,
          0.01818181818181818,
          0.0195
        ],
        "t": [
          10,
          20,
          30,
          40,
          50,
          60,
          70,
          80,
          90,
          100,
          110,
          120,
          130,
          140,
          150,
          160,
          170,
          180,
          190,
          200,
          210,
          220,
          230,
          240,
          250,
          260,
          270,
          280,
          290,
          300,
          310,
          320,
          330,
          340,
          350,
          360,
          370,
          380,
          390,
          400,
          410,
          420,
          430,
          440,
          450,
          460,
          470,
          480,
          490,
          500,
          510,
          520,
          530,
          540,
          550,
          560,
          570,
          580,
          590,
          600,
          610,
          620,
          630,
          640,
          650,
          660,
          670,
          680,
          690,
          700,
          710,
          720,
          730,
          740,
          750,
          760,
          770,
          780,
          790,
          800,
          810,
          820,
          830,
          840,
          850,
          860,
          870,
          880,
          890,
          900,
          910,
          920,
          930,
          940,
          950,
          960,
          970,
          980,
          990,
          1000
        ]
      },
      "curve_every": 10,
      "curve_time_ts": [
        1761494402.1636631,
        1755786667.721317,
        1765818520.389775,
        1765786214.032286,
        1744297137.744982,
        1743785725.848381,
        1746452030.655029,
        1762794001.270776,
        1705518718.9550002,
        1737407801.1653152,
        1754908235.620882,
        1764257590.394356,
        1755425181.302361,
        1730222513.407464,
        1715277908.478744,
        1741787261.491043,
        1751407713.820672,
        1757354407.969131,
        1749734045.005978,
        1761572794.019048,
        1721241003.453942,
        1744142979.180035,
        1763744401.618592,
        1763740964.805242,
        1733775829.381151,
        1750369127.810498,
        1737410160.603235,
        1758693603.5605881,
        1719090696.494977,
        1732693988.891347,
        1744066566.3936791,
        1753807738.266647,
        1756128808.9727721,
        1761248929.707416,
        1761579904.8051589,
        1758038403.760753,
        1753102433.035558,
        1746661452.218008,
        1727720147.5087008,
        1759766353.561051,
        1763787610.455581,
        1760932812.160964,
        1730930874.109406,
        1740775355.674517,
        1753813464.605763,
        1761222200.198248,
        1757692802.633375,
        1763933884.2021928,
        1764871690.7842371,
        1710945913.197921,
        1726518909.100841,
        1745223861.835799,
        1751478805.950138,
        1755006764.591051,
        1733956764.849899,
        1757800803.542264,
        1728408551.721247,
        1763404212.6478279,
        1762876482.4426408,
        1747081136.0181508,
        1765806404.7742379,
        1761075995.919582,
        1757695096.242709,
        1764004101.609233,
        1757070553.308963,
        1743454331.045776,
        1764914435.606194,
        1747167552.676616,
        1762197003.808349,
        1764975604.6077619,
        1733781793.393218,
        1744647682.260103,
        1745522959.484865,
        1761141906.631115,
        1764003609.675736,
        1742416460.578916,
        1749228671.053628,
        1764694802.4251919,
        1754489716.175925,
        1721163049.701536,
        1760373905.212245,
        1735235475.725771,
        1765210755.908601,
        1750646111.2226748,
        1754938673.681497,
        1733167056.258962,
        1746214750.296588,
        1742912198.001069,
        1749747181.032205,
        1729813268.021617,
        1752588754.780184,
        1757174672.3655732,
        1749079838.460484,
        1763960403.621813,
        1737499857.864068,
        1759947815.513373,
        1751473430.306143,
        1750870293.2266319,
        1753292944.473825,
        1754327906.1378508
      ],
      "eps": 0.0,
      "family": "group_bin_indicator",
      "final": {
        "app_err": 0.0195,
        "top_violations": [
          {
            "bin_hi": 0.5,
            "bin_idx": 9,
            "bin_lo": 0.45,
            "coord": 9,
            "group": "(2020.615, 7206.405]|(158576.427, 575966.218]",
            "group_idx": 0,
            "mean_payoff": -0.0195,
            "violation": 0.0195
          },
          {
            "bin_hi": 0.5,
            "bin_idx": 9,
            "bin_lo": 0.45,
            "coord": 289,
            "group": "(71099.01, 36496306.548]|(2324740.386, 46702684.071]",