{
  "llm_meta": null,
  "models": [
    {
      "arb_profit": 0.3999999910235405,
      "brier": 0.25,
      "ece": 0.0038000000000000256,
      "gcal_S": 0.4000000059604645,
      "gcal_S_argmax_key": 1,
      "logloss": 0.6931471805599454,
      "n_eval": 5000,
      "name": "AR-intrinsic",
      "sce": 0.1599999928188327
    },
    {
      "arb_profit": 0.2605285941839218,
      "brier": 0.15737305617806482,
      "ece": 0.2623286031603813,
      "gcal_S": 0.2605286240577698,
      "gcal_S_argmax_key": 1,
      "logloss": 0.5033889191834829,
      "n_eval": 5000,
      "name": "Diffusion-intrinsic",
      "sce": 0.06787514838745151
    },
    {
      "arb_profit": 0.082974615688622,
      "brier": 0.09959424261328033,
      "ece": 0.08469462438374759,
      "gcal_S": 0.3107142448425293,
      "gcal_S_argmax_key": 556,
      "logloss": 0.357777601579986,
      "n_eval": 5000,
      "name": "AR+post",
      "sce": 0.009982575278608824
    },
    {
      "arb_profit": 0.06137161733806133,
      "brier": 0.09577648463534692,
      "ece": 0.06379030825793743,
      "gcal_S": 0.2749999761581421,
      "gcal_S_argmax_key": 556,
      "logloss": 0.34635307559970235,
      "n_eval": 5000,
      "name": "Diffusion+post",
      "sce": 0.0062033128520367345
    }
  ]
}
