{
  "metrics": {
    "brier": 0.24634792298352182,
    "ece": 0.2245166327878833,
    "logloss": 0.6857803767517949,
    "n": 4000,
    "trading": {
      "B": 1.0,
      "kelly": {
        "final_bankroll": 1.738656327338844e-83,
        "n": 4000,
        "roi": -1.0
      },
      "mode": "sign",
      "pnl_per_event": 0.013526000193596701,
      "transaction_cost": 0.0
    }
  },
  "train_meta": {
    "final_loss": 0.3745501249097288,
    "steps": 3000
  }
}
