{
  "metrics": {
    "brier": 0.8566579768356963,
    "ece_top": 0.22358151260614395,
    "logloss": 1.6339808344898092,
    "n_eval": 10000,
    "sce": 0.2232123424678265
  },
  "train_meta": {
    "final_loss": 0.8168072003126144,
    "steps": 1000
  }
}
