{
  "results": [
    {
      "mse": 0.0,
      "n": 10000,
      "name": "oracle",
      "static_arbitrage": {
        "M": 39,
        "curve": {
          "app_err": [
            0.0,
            0.0,
            0.0,
            0.0,
            0.0,
            0.0,
            0.0,
            0.0,
            0.0,
            0.0,
            0.0,
            0.0,
            0.0,
            0.0,
            0.0,
            0.0,
            0.0,
            0.0,
            0.0,
            0.0,
            0.0,
            0.0,
            0.0,
            0.0,
            0.0,
            0.0,
            0.0,
            0.0,
            0.0,
            0.0,
            0.0,
            0.0,
            0.0,
            0.0,
            0.0,
            0.0,
            0.0,
            0.0,
            0.0,
            0.0,
            0.0,
            0.0,
            0.0,
            0.0,
            0.0,
            0.0,
            0.0,
            0.0,
            0.0,
            0.0
          ],
          "t": [
            200,
            400,
            600,
            800,
            1000,
            1200,
            1400,
            1600,
            1800,
            2000,
            2200,
            2400,
            2600,
            2800,
            3000,
            3200,
            3400,
            3600,
            3800,
            4000,
            4200,
            4400,
            4600,
            4800,
            5000,
            5200,
            5400,
            5600,
            5800,
            6000,
            6200,
            6400,
            6600,
            6800,
            7000,
            7200,
            7400,
            7600,
            7800,
            8000,
            8200,
            8400,
            8600,
            8800,
            9000,
            9200,
            9400,
            9600,
            9800,
            10000
          ]
        },
        "final_app_err": 0.0,
        "frac_any_violated": 0.0,
        "mean_pos": 0.0,
        "structure": "star_in"
      }
    },
    {
      "mse": 0.026016915819400206,
      "n": 10000,
      "name": "diff(steps=8,mc=16)",
      "static_arbitrage": {
        "M": 39,
        "curve": {
          "app_err": [
            3.962963819503784e-06,
            4.706121981143951e-06,
            3.662767509619395e-06,
            1.760583370923996e-05,
            1.6635105013847352e-05,
            2.3448380331198376e-05,
            2.1932002689157212e-05,
            2.2326861508190632e-05,
            2.1686947180165184e-05,
            1.9518252462148665e-05,
            1.7743865874680606e-05,
            2.3668336992462477e-05,
            2.6666765602735372e-05,
            2.4761996631111418e-05,
            2.521627644697825e-05,
            2.518258523195982e-05,
            2.370125668890336e-05,
            2.5419460402594672e-05,
            2.4081594065616004e-05,
            2.2877514362335207e-05,
            2.1788108916509718e-05,
            2.079774032939564e-05,
            2.3064396303632985e-05,
            2.2343834862112997e-05,
            2.145008146762848e-05,
            2.166623966051982e-05,
            2.090018932466154e-05,
            2.2867842178259578e-05,
            2.2079295896250627e-05,
            2.3167782773574194e-05,
            2.2420434942168574e-05,
            2.1719796350225807e-05,
            2.1061620703249267e-05,
            2.1215820794596393e-05,
            2.4696430989674158e-05,
            2.4547970129383934e-05,
            2.3884511477238422e-05,
            2.3602160968278585e-05,
            2.4127176938912806e-05,
            2.3523997515439988e-05,
            2.303744234689852e-05,
            2.2636914537066504e-05,
            2.240484710349593e-05,
            2.3363225839354775e-05,
            2.3628666169113584e-05,
            2.4839203156854797e-05,
            2.620027816676079e-05,
            2.6538821402937173e-05,
            2.7423474405493054e-05,
            2.8956110030412673e-05
          ],
          "t": [
            200,
            400,
            600,
            800,
            1000,
            1200,
            1400,
            1600,
            1800,
            2000,
            2200,
            2400,
            2600,
            2800,
            3000,
            3200,
            3400,
            3600,
            3800,
            4000,
            4200,
            4400,
            4600,
            4800,
            5000,
            5200,
            5400,
            5600,
            5800,
            6000,
            6200,
            6400,
            6600,
            6800,
            7000,
            7200,
            7400,
            7600,
            7800,
            8000,
            8200,
            8400,
            8600,
            8800,
            9000,
            9200,
            9400,
            9600,
            9800,
            10000
          ]
        },
        "final_app_err": 2.8956110030412673e-05,
        "frac_any_violated": 0.0146,
        "mean_pos": 2.6961890359719596e-06,
        "structure": "star_in"
      }
    },
    {
      "mse": 0.025916306093195722,
      "n": 10000,
      "name": "diff(steps=16,mc=16)",
      "static_arbitrage": {
        "M": 39,
        "curve": {
          "app_err": [
            0.0,
            0.0,
            0.0,
            3.4049153327941895e-06,
            2.7239322662353517e-06,
            5.973416070143382e-06,
            5.1200709172657555e-06,
            4.480062052607537e-06,
            3.982277380095588e-06,
            3.584049642086029e-06,
            3.2582269473509355e-06,
            4.374043395121892e-06,
            4.775827893844018e-06,
            4.434697329998017e-06,
            4.139050841331482e-06,
            3.880360163748264e-06,
            3.6521036835277782e-06,
            3.761876788404253e-06,
            3.5638832732250817e-06,
            3.3856891095638277e-06,
            3.2244658186322166e-06,
            3.0778991905125706e-06,
            3.949015036873196e-06,
            3.7844727436701456e-06,
            3.63309383392334e-06,
            3.493359455695519e-06,
            3.363975772151241e-06,
            4.413697336401258e-06,
            4.261500876525353e-06,
            4.926097889741262e-06,
            4.767191506201221e-06,
            4.618216771632433e-06,
            4.478270808855693e-06,
            4.346556961536407e-06,
            5.099581820624215e-06,
            4.957926770051321e-06,
            4.823928749239122e-06,
            4.696983255838093e-06,
            4.57654778773968e-06,
            4.462134093046189e-06,
            4.353301554191403e-06,
            4.249651517186846e-06,
            4.150822412135989e-06,
            4.176324741406874e-06,
            4.083517524931166e-06,
            4.752600646537283e-06,
            5.242654934842536e-06,
            5.363669867316882e-06,
            5.632067213253099e-06,
            6.471878290176392e-06
          ],