{
  "baselines": {
    "constant_0.5": {
      "bayes_brier": 0.23054444789886475,
      "brier": 0.25,
      "correlation_with_truth": NaN,
      "ece": 0.0690000057220459,
      "excess_brier": 0.019455552101135254,
      "mse_to_truth": 0.0253610121541978,
      "n": 1000
    },
    "oracle": {
      "bayes_brier": 0.23054444789886475,
      "brier": 0.23054444789886475,
      "correlation_with_truth": 1.0,
      "ece": 0.029824377223849296,
      "excess_brier": 0.0,
      "mse_to_truth": 0.0,
      "n": 1000
    },
    "prior": {
      "base_rate": 0.43525001406669617,
      "bayes_brier": 0.23054444789886475,
      "brier": 0.24525706261956715,
      "correlation_with_truth": NaN,
      "ece": 0.004250019788742065,
      "excess_brier": 0.0147126147207024,
      "mse_to_truth": 0.022070795931521434,
      "n": 1000
    }
  },
  "headlines_sample": [
    "Will Cardano be above $186000 on 2024-03?",
    "Will Cardano be above $61000 on 2025-12?",
    "Will BNB market cap exceed $1067B?",
    "Will H.R. 7672 pass the Senate?",
    "Will Celtics score more than 3 goals against MOUZ?"
  ],
  "n_test": 1000,
  "n_train": 4000,
  "spec": {
    "n_factors": 5,
    "n_samples": 5000,
    "noise": 0.2,
    "structure": "factor"
  }
}
