{
  "llm_meta": null,
  "models": [
    {
      "arb_profit": 0.0,
      "brier": 0.08967000004045694,
      "ece": 0.001110014856234196,
      "logloss": 0.3241766184780579,
      "n_eval": 80000,
      "name": "oracle",
      "sce": 0.0
    },
    {
      "arb_profit": 0.3999999911341816,
      "brier": 0.25,
      "ece": 0.0009000000000000119,
      "logloss": 0.6931471805599453,
      "n_eval": 80000,
      "name": "const_0.5",
      "sce": 0.1599999929073456
    },
    {
      "arb_profit": 0.18742360182143747,
      "brier": 0.12495223432186503,
      "ece": 0.18783611068725586,
      "logloss": 0.42928663804131095,
      "n_eval": 80000,
      "name": "diff_analytic_rho=0.9",
      "sce": 0.035127606519720966
    },
    {
      "arb_profit": 0.3999999911341816,
      "brier": 0.25,
      "ece": 0.0009000000000000119,
      "logloss": 0.6931471805599453,
      "n_eval": 80000,
      "name": "L_query_oracle(L=4)",
      "sce": 0.1599999929073456
    }
  ]
}
