{
  "metrics": {
    "approachability": {
      "clip_eps": 1e-06,
      "curve": {
        "app_err": [
          0.07992007970809936,
          0.07955769332358614,
          0.10628840067889542,
          0.1096018676192034,
          0.11160571110341698,
          0.10628892083341877,
          0.09675276527713451,
          0.09486777901649475,
          0.09764275683297051,
          0.09559999935142696,
          0.09051047328393906,
          0.09293269268935546,
          0.09188924494700937,
          0.09673313285822847,
          0.09293372407152008,
          0.0921040209691273,
          0.0913719950128785,
          0.09070956072666579,
          0.08592431569888599,
          0.08362182501726784,
          0.07963194190945831,
          0.07623947002670982,
          0.07465841521387515,
          0.07986917595068614,
          0.08146629648208618,
          0.08447598631565388,
          0.08578437478454025,
          0.09413763318743025,
          0.09502531240726339,
          0.09451775948206584,
          0.09532666621669646,
          0.09359522044658661,
          0.09439173452781909,
          0.09631548348595115,
          0.09584246110916138,
          0.09761680603027344,
          0.10037642324292982,
          0.09878538250923156,
          0.09932623331363384,
          0.09983904683589935,
          0.09914503161459717
        ],
        "t": [
          25,
          50,
          75,
          100,
          125,
          150,
          175,
          200,
          225,
          250,
          275,
          300,
          325,
          350,
          375,
          400,
          425,
          450,
          475,
          500,
          525,
          550,
          575,
          600,
          625,
          650,
          675,
          700,
          725,
          750,
          775,
          800,
          825,
          850,
          875,
          900,
          925,
          950,
          975,
          1000,
          1007
        ]
      },
      "curve_every": 25,
      "curve_time_ts": [
        1755607189.2302961,
        1764489601.992749,
        1749230456.1648982,
        1757692801.088487,
        1758664802.233784,
        1766128211.475931,
        1732637173.121185,
        1724251359.9818292,
        1721059248.318618,
        1744013206.271193,
        1762876482.4426408,
        1746826759.137544,
        1732896480.239716,
        1733157619.963896,
        1744989926.194477,
        1750393469.3211122,
        1761753601.459714,
        1754501963.403122,
        1759961288.509166,
        1763269211.025377,
        1761248934.536551,
        1763226002.830776,
        1760377501.636529,
        1758837601.160341,
        1758816001.2131681,
        1762223105.6333618,
        1739387368.848027,
        1748032840.909587,
        1757716857.430743,
        1764781204.521163,
        1765645206.241966,
        1735924157.979765,
        1721339217.885109,
        1763571613.495424,
        1763830813.849674,
        1751846980.529997,
        1764091557.935233,
        1740286957.537361,
        1765457700.588395,
        1751156628.462006,
        1732575428.504298
      ],
      "eps": 0.0,
      "family": "group_bin_indicator",
      "final": {
        "app_err": 0.09914503161459717,
        "top_violations": [
          {
            "bin_hi": 1.0,
            "bin_idx": 19,
            "bin_lo": 0.9500000000000001,
            "coord": 19,
            "group": "crypto",
            "group_idx": 0,
            "mean_payoff": -0.09914503161459717,
            "violation": 0.09914503161459717
          },
          {
            "bin_hi": 0.05,
            "bin_idx": 0,
            "bin_lo": 0.0,
            "coord": 0,
            "group": "crypto",
            "group_idx": 0,
            "mean_payoff": 0.07909824309050723,
            "violation": 0.07909824309050723
          },
          {
            "bin_hi": 0.05,
            "bin_idx": 0,
            "bin_lo": 0.0,
            "coord": 20,
            "group": "politics",
            "group_idx": 1,
            "mean_payoff": 0.05831899391471056,
            "violation": 0.05831899391471056
          },
          {
            "bin_hi": 1.0,
            "bin_idx": 19,
            "bin_lo": 0.9500000000000001,
            "coord": 39,
            "group": "politics",
            "group_idx": 1,
            "mean_payoff": -0.05354758052390287,
            "violation": 0.05354758052390287
          },
          {
            "bin_hi": 1.0,
            "bin_idx": 19,
            "bin_lo": 0.9500000000000001,
            "coord": 59,
            "group": "sports",
            "group_idx": 2,
            "mean_payoff": -0.028755182838724056,
            "violation": 0.028755182838724056
          },
          {
            "bin_hi": 0.05,
            "bin_idx": 0,
            "bin_lo": 0.0,
            "coord": 40,
            "group": "sports",
            "group_idx": 2,
            "mean_payoff": 0.0187292961120377,
            "violation": 0.0187292961120377
          }
        ]
      },
      "group_cols": [
        "topic"
      ],
      "n": 1007,
      "n_bins": 20,
      "n_groups": 3,
      "pred_col": "pred_prob",
      "time_col": "createdAt",
      "y_col": "y"
    },
    "brier": 0.337937390867955,
    "ece": 0.3375943280944796,
    "groups": {
      "topic": {
        "avg_abs_bias": 0.03484408864158399,
        "n_groups": 3,
        "worst_abs_bias": 0.057691816764418036
      }
    },
    "logloss": 2.33224829528918,
    "n": 1007,
    "trading": {
      "B": 1.0,
      "mode": "sign",
      "pnl_per_event": 0.10798262205051652,
      "transaction_cost": 0.0
    }
  }
}
