{
  "metrics": {
    "brier": 0.9414873508526398,
    "ece_top": 0.14588323604837058,
    "logloss": 2.3921037774184906,
    "n_eval": 20000,
    "sce": 0.14132136582400262
  },
  "train_meta": {
    "final_loss": 0.269316668882966,
    "steps": 5000
  }
}
