{
  "metrics": {
    "brier": 0.23711572186820548,
    "ece": 0.3239763085959388,
    "logloss": 0.6670409605798162,
    "n": 122,
    "trading": {
      "B": 1.0,
      "kelly": {
        "final_bankroll": 4.964910913553477e-09,
        "n": 122,
        "roi": -0.9999999950350891
      },
      "mode": "sign",
      "pnl_per_event": -0.02005737656956447,
      "transaction_cost": 0.0
    }
  },
  "train_meta": {
    "final_loss": 0.3698505577724427,
    "steps": 2000
  }
}
