{
  "baselines": {
    "constant_0.5": {
      "bayes_brier": 0.21873317658901215,
      "brier": 0.25,
      "correlation_with_truth": NaN,
      "ece": 0.05199998617172241,
      "excess_brier": 0.031266823410987854,
      "mse_to_truth": 0.03302608890950209,
      "n": 1000
    },
    "oracle": {
      "bayes_brier": 0.21873317658901215,
      "brier": 0.21873317658901215,
      "correlation_with_truth": 1.0,
      "ece": 0.030204317413270475,
      "excess_brier": 0.0,
      "mse_to_truth": 0.0,
      "n": 1000
    },
    "prior": {
      "base_rate": 0.4622499942779541,
      "bayes_brier": 0.21873317658901215,
      "brier": 0.24749906233692173,
      "correlation_with_truth": NaN,
      "ece": 0.014249980449676514,
      "excess_brier": 0.028765885747909586,
      "mse_to_truth": 0.03073609484701519,
      "n": 1000
    }
  },
  "headlines_sample": [
    "Will Cardano be above $186000 on 2024-03?",
    "Will Cardano be above $61000 on 2025-12?",
    "Will BNB market cap exceed $1067B?",
    "Will H.R. 7672 pass the Senate?",
    "Will Celtics score more than 3 goals against MOUZ?"
  ],
  "n_test": 1000,
  "n_train": 4000,
  "spec": {
    "n_factors": 5,
    "n_samples": 5000,
    "noise": 0.2,
    "structure": "factor"
  }
}
