{
  "llm_meta": null,
  "models": [
    {
      "arb_profit": 0.39999999087452887,
      "brier": 0.25,
      "ece": 0.0046000000000000485,
      "gcal_S": 0.4000000059604645,
      "gcal_S_argmax_key": 1,
      "logloss": 0.6931471805599454,
      "n_eval": 5000,
      "name": "AR-intrinsic",
      "sce": 0.1599999926996234
    },
    {
      "arb_profit": 0.10503032766580582,
      "brier": 0.10197527457889474,
      "ece": 0.10343033679127692,
      "gcal_S": 0.105030357837677,
      "gcal_S_argmax_key": 1,
      "logloss": 0.367134158366209,
      "n_eval": 5000,
      "name": "Diffusion-intrinsic",
      "sce": 0.011031369729587423
    },
    {
      "arb_profit": 0.08641323754638433,
      "brier": 0.10150055709061456,
      "ece": 0.08430865568071605,
      "gcal_S": 0.4096153676509857,
      "gcal_S_argmax_key": 216,
      "logloss": 0.36207427047280494,
      "n_eval": 5000,
      "name": "AR+post",
      "sce": 0.01075787911186064
    },
    {
      "arb_profit": 0.0464173724681139,
      "brier": 0.09481774136626721,
      "ece": 0.04589737542569639,
      "gcal_S": 0.29423075914382935,
      "gcal_S_argmax_key": 216,
      "logloss": 0.3429533876507232,
      "n_eval": 5000,
      "name": "Diffusion+post",
      "sce": 0.0038584578061917315
    }
  ]
}
