{
  "llm_meta": {
    "K": 5,
    "L": 4,
    "aggregate": "median",
    "max_new_tokens_used": 128,
    "n": 512,
    "parse_failures": 37
  },
  "metrics": {
    "approachability": {
      "clip_eps": 1e-06,
      "curve": {
        "app_err": [
          0.09500000178813935,
          0.07750000208616256,
          0.05166666805744171,
          0.046250001341104505,
          0.04900000154972076,
          0.060833332935969035,
          0.05999999961682728,
          0.049374999664723876,
          0.03944444408019384,
          0.035500001609325406,
          0.03727272701534358,
          0.0375,
          0.046153846153846156,
          0.05,
          0.04,
          0.05,
          0.047058823529411764,
          0.044444444444444446,
          0.05263157894736842,
          0.05,
          0.05476190476190476,
          0.05227272727272727,
          0.05217391304347826,
          0.052083333333333336,
          0.056,
          0.05961538461538462,
          0.05555555555555555,
          0.060714285714285714,
          0.05862068965517241,
          0.058333333333333334,
          0.06129032258064516,
          0.0640625,
          0.06363636363636363,
          0.06323529411764706,
          0.054285714285714284,
          0.059722222222222225,
          0.060810810810810814,
          0.05921052631578947,
          0.06025641025641026,
          0.06125,
          0.06219512195121951,
          0.06547619047619048,
          0.07093023255813953,
          0.07045454545454545,
          0.06555555555555556,
          0.06195652173913044,
          0.06170212765957447,
          0.06458333333333334,
          0.06326530612244897,
          0.065,
          0.06372549019607843,
          0.0625
        ],
        "t": [
          10,
          20,
          30,
          40,
          50,
          60,
          70,
          80,
          90,
          100,
          110,
          120,
          130,
          140,
          150,
          160,
          170,
          180,
          190,
          200,
          210,
          220,
          230,
          240,
          250,
          260,
          270,
          280,
          290,
          300,
          310,
          320,
          330,
          340,
          350,
          360,
          370,
          380,
          390,
          400,
          410,
          420,
          430,
          440,
          450,
          460,
          470,
          480,
          490,
          500,
          510,
          512
        ]
      },
      "curve_every": 10,
      "curve_time_ts": [
        1764262809.032477,
        1747656052.526678,
        1741634166.9482272,
        1754050876.958071,
        1722269069.1550238,
        1747398914.172809,
        1764975519.997463,
        1763064007.912864,
        1761278414.2927291,
        1759550402.2426891,
        1757440842.070581,
        1753813459.435532,
        1728499027.6041589,
        1721762172.831563,
        1748631157.5986838,
        1746656535.262944,
        1754318272.468308,
        1763355608.277094,
        1743549097.839124,
        1757174400.785641,
        1731360734.238666,
        1758405601.551776,
        1761408006.631664,
        1763933884.2021928,
        1721689912.921076,
        1764975601.388214,
        1748642038.520172,
        1730230943.995541,
        1762349279.900373,
        1762972201.358755,
        1747756618.9433112,
        1711384325.194279,
        1755186088.389463,
        1737564584.439588,
        1753036175.0468988,
        1753351849.708707,
        1764572402.653297,
        1731619357.2552571,
        1748879232.683624,
        1746820396.494246,
        1734983293.542102,
        1765969222.633303,
        1765645203.894659,
        1757858401.1297889,
        1764867607.677494,
        1760113437.588408,
        1751289847.799587,
        1765645204.215929,
        1757538620.5251892,
        1758340803.192043,
        1757093022.182656,
        1759852801.771199
      ],
      "eps": 0.0,
      "family": "group_bin_indicator",
      "final": {
        "app_err": 0.0625,
        "top_violations": [
          {
            "bin_hi": 0.5,
            "bin_idx": 9,
            "bin_lo": 0.45,
            "coord": 9,
            "group": "",
            "group_idx": 0,
            "mean_payoff": -0.0625,
            "violation": 0.0625
          },
          {
            "bin_hi": 0.45,
            "bin_idx": 8,
            "bin_lo": 0.4,
            "coord": 8,
            "group": "",
            "group_idx": 0,
            "mean_payoff": -0.01773437496740371,
            "violation": 0.01773437496740371
          },
          {
            "bin_hi": 0.15000000000000002,
            "bin_idx": 2,
            "bin_lo": 0.1,
            "coord": 2,
            "group": "",
            "group_idx": 0,
            "mean_payoff": 0.012499999807914719,
            "violation": 0.012499999807914719
          },
          {
            "bin_hi": 0.35000000000000003,
            "bin_idx": 6,
            "bin_lo": 0.30000000000000004,
            "coord": 6,
            "group": "",
            "group_idx": 0,
            "mean_payoff": -0.012304688687436283,
            "violation": 0.012304688687436283
          },
          {
            "bin_hi": 0.9,
            "bin_idx": 17,
            "bin_lo": 0.8500000000000001,
            "coord": 17,
            "group": "",
            "group_idx": 0,
            "mean_payoff": -0.005078125046566129,
            "violation": 0.005078125046566129
          },
          {
            "bin_hi": 0.7000000000000001,
            "bin_idx": 13,
            "bin_lo": 0.65,
            "coord": 13,
            "group": "",
            "group_idx": 0,
            "mean_payoff": -0.005078124813735485,
            "violation": 0.005078124813735485
          },
          {
            "bin_hi": 0.2,
            "bin_idx": 3,
            "bin_lo": 0.15000000000000002,
            "coord": 3,
            "group": "",
            "group_idx": 0,
            "mean_payoff": 0.003124999813735485,
            "violation": 0.003124999813735485
          },
          {
            "bin_hi": 0.25,
            "bin_idx": 4,
            "bin_lo": 0.2,
            "coord": 4,
            "group": "",
            "group_idx": 0,
            "mean_payoff": -0.002441406511934474,
            "violation": 0.002441406511934474
          },
          {
            "bin_hi": 0.75,
            "bin_idx": 14,
            "bin_lo": 0.7000000000000001,
            "coord": 14,
            "group": "",
            "group_idx": 0,
            "mean_payoff": -0.00244140625,
            "violation": 0.00244140625
          },
          {
            "bin_hi": 0.9500000000000001,
            "bin_idx": 18,
            "bin_lo": 0.9,
            "coord": 18,
            "group": "",
            "group_idx": 0,
            "mean_payoff": -0.001660156180150807,
            "violation": 0.001660156180150807
          }
        ]
      },
      "group_cols": [
        "category"
      ],
      "n": 512,
      "n_bins": 20,
      "n_groups": 1,
      "pred_col": "pred_prob",
      "time_col": "createdAt",
      "y_col": "y"
    },
    "brier": 0.19763129880704877,
    "ece": 0.12952148531803687,
    "groups": {
      "category": {
        "avg_abs_bias": 0.09497070481120318,
        "n_groups": 1,
        "worst_abs_bias": 0.09497070481120318
      }
    },
    "logloss": 0.6001303197574079,
    "n": 512,
    "trading": {
      "B": 1.0,
      "mode": "sign",
      "pnl_per_event": 0.09227539052335487,
      "transaction_cost": 0.0
    }
  }
}
