{
  "metrics": {
    "brier": 0.8564396309225915,
    "ece_top": 0.22406324594318866,
    "logloss": 1.6287216118411445,
    "n_eval": 20000,
    "sce": 0.22327117010745892
  },
  "train_meta": {
    "final_loss": 0.24346620850265027,
    "steps": 5000
  }
}
