{
  "metrics": {
    "brier": 0.211344751921339,
    "ece": 0.11673137841373679,
    "logloss": 0.6343362974868385,
    "n": 1000,
    "trading": {
      "B": 1.0,
      "mode": "sign",
      "pnl_per_event": 0.12861350091872736,
      "transaction_cost": 0.0
    }
  },
  "train_meta": {
    "final_loss": 0.1345176899060607,
    "steps": 2000
  }
}
