{
  "bins": 20,
  "bw_group": "subcube_S",
  "curve_every": 1000,
  "eps": 0.0,
  "family": "group_bin_indicator",
  "rows": [
    {
      "curve": {
        "app_err": [
          0.0024999998807907105,
          0.0010999999046325684,
          0.0008999998966852824,
          0.0009000000208616257,
          0.0008400000214576722,
          0.0007500000248352686,
          0.0008000000289508275,
          0.0007249999046325683,
          0.0006555555827087826,
          0.0006500000268220902,
          0.0005454545725475658,
          0.0005583333596587181,
          0.0005538460658146785,
          0.0005428570508956909,
          0.0005000000258286794,
          0.0005687499120831489,
          0.0006411763850380392,
          0.0005777776903576321,
          0.0005105262241865459,
          0.0004749999105930328,
          0.0004380951495397659,
          0.00040454536676406863,
          0.00038260861065076747,
          0.00036249991754690804,
          0.00036399990558624265,
          0.0003692306738633376,
          0.0003407406453733091,
          0.0003357141784259251,
          0.0003137929973931148,
          0.0003366666922966639,
          0.0003225806701567865,
          0.000300000024959445,
          0.00033636366146983524,
          0.0003441176721278359,
          0.0003285714532647814,
          0.0003027778027786149,
          0.00030540543069710604,
          0.00028684213051670475,
          0.00031538464090762996,
          0.0002975000254809856,
          0.00028780490305365585,
          0.0002666666919276828,
          0.00024883723466895345,
          0.00024090911583466964,
          0.0002355555812517802,
          0.00021956524317679198,
          0.0002297872596598686,
          0.00021666669100522994,
          0.0002122449230174629,
          0.0002160000240802765
        ],
        "t": [
          1000,
          2000,
          3000,
          4000,
          5000,
          6000,
          7000,
          8000,
          9000,
          10000,
          11000,
          12000,
          13000,
          14000,
          15000,
          16000,
          17000,
          18000,
          19000,
          20000,
          21000,
          22000,
          23000,
          24000,
          25000,
          26000,
          27000,
          28000,
          29000,
          30000,
          31000,
          32000,
          33000,
          34000,
          35000,
          36000,
          37000,
          38000,
          39000,
          40000,
          41000,
          42000,
          43000,
          44000,
          45000,
          46000,
          47000,
          48000,
          49000,
          50000
        ]
      },
      "eps": 0.0,
      "final_app_err": 0.0002160000240802765,
      "group": "subcube_S",
      "n_bins": 20,
      "n_groups": 256,
      "name": "oracle",
      "top_violations": [
        {
          "bin_hi": 0.1,
          "bin_idx": 1,
          "bin_lo": 0.05,
          "coord": 5001,
          "group": "94",
          "group_idx": 250,
          "mean_payoff": 0.0002160000240802765,
          "violation": 0.0002160000240802765
        },
        {
          "bin_hi": 0.1,
          "bin_idx": 1,
          "bin_lo": 0.05,
          "coord": 781,
          "group": "133",
          "group_idx": 39,
          "mean_payoff": 0.00020600002348423004,
          "violation": 0.00020600002348423004
        },
        {
          "bin_hi": 0.1,
          "bin_idx": 1,
          "bin_lo": 0.05,
          "coord": 2281,
          "group": "200",
          "group_idx": 114,
          "mean_payoff": 0.00019400002539157868,
          "violation": 0.00019400002539157868
        },
        {
          "bin_hi": 0.1,
          "bin_idx": 1,
          "bin_lo": 0.05,
          "coord": 4081,
          "group": "52",
          "group_idx": 204,
          "mean_payoff": -0.00019399997889995576,
          "violation": 0.00019399997889995576
        },
        {
          "bin_hi": 0.1,
          "bin_idx": 1,
          "bin_lo": 0.05,
          "coord": 1541,
          "group": "168",
          "group_idx": 77,
          "mean_payoff": 0.00019000002562999727,
          "violation": 0.00019000002562999727
        }
      ]
    },
    {
      "curve": {
        "app_err": [
          0.005,
          0.00375,
          0.0035,
          0.00325,
          0.003,
          0.00275,
          0.002785714285714286,
          0.0025,
          0.0024444444444444444,
          0.00245,
          0.002409090909090909,
          0.0025,
          0.002423076923076923,
          0.0024642857142857144,
          0.0023666666666666667,
          0.00225,
          0.002176470588235294,
          0.0021944444444444446,
          0.002157894736842105,
          0.00215,
          0.002214285714285714,
          0.00225,
          0.002217391304347826,
          0.0021666666666666666,
          0.00218,
          0.0021153846153846153,
          0.0020925925925925925,
          0.002125,
          0.002103448275862069,
          0.0021333333333333334,
          0.0021451612903225807,
          0.002109375,
          0.0021212121212121214,
          0.002073529411764706,
          0.0020285714285714286,
          0.002013888888888889,
          0.0019594594594594594,
          0.0019605263157894738,
          0.001935897435897436,
          0.00195,
          0.0019634146341463415,
          0.001976190476190476,
          0.0019302325581395348,
          0.0019204545454545455,
          0.001911111111111111,
          0.001891304347826087,
          0.001904255319148936,
          0.00190625,
          0.0018877551020408164,
          0.00193
        ],
        "t": [
          1000,
          2000,
          3000,
          4000,
          5000,
          6000,
          7000,
          8000,
          9000,
          10000,
          11000,
          12000,
          13000,
          14000,
          15000,
          16000,
          17000,
          18000,
          19000,
          20000,
          21000,
          22000,
          23000,
          24000,
          25000,
          26000,
          27000,
          28000,
          29000,
          30000,
          31000,
          32000,
          33000,
          34000,
          35000,
          36000,
          37000,
          38000,
          39000,
          40000,
          41000,
          42000,
          43000,
          44000,
          45000,
          46000,
          47000,
          48000,
          49000,
          50000
        ]
      },
      "eps": 0.0,
      "final_app_err": 0.00193,
      "group": "subcube_S",
      "n_bins": 20,
      "n_groups": 256,
      "name": "const_0.5",
      "top_violations": [
        {
          "bin_hi": 0.5,
          "bin_idx": 9,
          "bin_lo": 0.45,
          "coord": 2949,
          "group": "230",
          "group_idx": 147,
          "mean_payoff": -0.00193,
          "violation": 0.00193
        },
        {
          "bin_hi": 0.5,
          "bin_idx": 9,
          "bin_lo": 0.45,
          "coord": 4509,
          "group": "71",
          "group_idx": 225,
          "mean_payoff": 0.00187,
          "violation": 0.00187
        },
        {
          "bin_hi": 0.5,
          "bin_idx": 9,
          "bin_lo": 0.45,
          "coord": 4329,
          "group": "63",
          "group_idx": 216,
          "mean_payoff": 0.00187,
          "violation": 0.00187
        },
        {
          "bin_hi": 0.5,
          "bin_idx": 9,
          "bin_lo": 0.45,
          "coord": 889,
          "group": "138",
          "group_idx": 44,
          "mean_payoff": -0.00186,
          "violation": 0.00186
        },
        {
          "bin_hi": 0.5,
          "bin_idx": 9,
          "bin_lo": 0.45,
          "coord": 4149,
          "group": "55",
          "group_idx": 207,
          "mean_payoff": -0.00185,