{
  "metrics": {
    "brier": 0.4950905757020297,
    "ece": 0.5480846094042063,
    "groups": {
      "ttc_q5": {
        "avg_abs_bias": 0.5478809688538313,
        "n_groups": 5,
        "worst_abs_bias": 0.6226320177950757
      },
      "volume_q5": {
        "avg_abs_bias": 0.5478809688538313,
        "n_groups": 5,
        "worst_abs_bias": 0.5685539802485184
      }
    },
    "logloss": 1.3057678252105156,
    "n": 4000,
    "trading": {
      "B": 1.0,
      "kelly": {
        "final_bankroll": 2.989909006021473e-258,
        "n": 4000,
        "roi": -1.0
      },
      "mode": "sign",
      "pnl_per_event": -0.1666325004479877,
      "transaction_cost": 0.0
    }
  },
  "train_meta": {
    "final_loss": 0.025437907534651458,
    "steps": 8000
  }
}
