{
  "llm_meta": {
    "K": 1,
    "L": 4,
    "aggregate": "mean",
    "max_new_tokens_used": 64,
    "n": 1536,
    "parse_failures": 13
  },
  "models": [
    {
      "arb_profit": 0.4453320355805772,
      "brier": 0.4583552692309796,
      "ece": 0.4497265552472527,
      "gcal_S": 0.8899999856948853,
      "gcal_S_argmax_key": 7,
      "logloss": 1.8635872181276816,
      "n_eval": 1024,
      "name": "AR-intrinsic",
      "sce": 0.3587302722405049
    },
    {
      "arb_profit": 0.1059632450924255,
      "brier": 0.10329565706344113,
      "ece": 0.10244762897491454,
      "gcal_S": 0.10596325993537903,
      "gcal_S_argmax_key": 1,
      "logloss": 0.3703128325005943,
      "n_eval": 1024,
      "name": "Diffusion-intrinsic",
      "sce": 0.011228209310517658
    },
    {
      "arb_profit": 0.268496454612432,
      "brier": 0.21401512960493185,
      "ece": 0.2225494091753717,
      "gcal_S": 0.5061508102549447,
      "gcal_S_argmax_key": 28,
      "logloss": 0.6365641089842144,
      "n_eval": 1024,
      "name": "AR+post",
      "sce": 0.11802258873575211
    },
    {
      "arb_profit": 0.06719388638884993,
      "brier": 0.10042590601970147,
      "ece": 0.0746157650792156,
      "gcal_S": 0.2437499761581421,
      "gcal_S_argmax_key": 29,
      "logloss": 0.35860518700924515,
      "n_eval": 1024,
      "name": "Diffusion+post",
      "sce": 0.007827348124379963
    }
  ]
}
