{
  "metrics": {
    "brier": 0.24260654852303187,
    "ece": 0.3326478971809637,
    "logloss": 0.6781942530470011,
    "n": 122,
    "trading": {
      "B": 1.0,
      "kelly": {
        "final_bankroll": 4.257677909496989e-09,
        "n": 122,
        "roi": -0.9999999957423221
      },
      "mode": "sign",
      "pnl_per_event": -0.036122949675611055,
      "transaction_cost": 0.0
    }
  },
  "train_meta": {
    "final_loss": 0.3237403311720118,
    "steps": 2000
  }
}
