{
  "llm_meta": null,
  "models": [
    {
      "arb_profit": 0.39999999131560326,
      "brier": 0.25,
      "ece": 0.0038000000000000256,
      "gcal_S": 0.4000000059604645,
      "gcal_S_argmax_key": 4,
      "logloss": 0.6931471805599454,
      "n_eval": 5000,
      "name": "AR-intrinsic",
      "sce": 0.1599999930524829
    },
    {
      "arb_profit": 0.2049299781680107,
      "brier": 0.1326205234624294,
      "ece": 0.20332998685240744,
      "gcal_S": 0.20493000745773315,
      "gcal_S_argmax_key": 4,
      "logloss": 0.4474540265304512,
      "n_eval": 5000,
      "name": "Diffusion-intrinsic",
      "sce": 0.041996295951942236
    },
    {
      "arb_profit": 0.33085035709142685,
      "brier": 0.2055896074600176,
      "ece": 0.1538912836253643,
      "gcal_S": 0.5607142448425293,
      "gcal_S_argmax_key": 9599,
      "logloss": 0.6020960840713254,
      "n_eval": 5000,
      "name": "AR+post",
      "sce": 0.11468249202151419
    },
    {
      "arb_profit": 0.1209369511604309,
      "brier": 0.11392500547408838,
      "ece": 0.1184735997736454,
      "gcal_S": 0.4178571105003357,
      "gcal_S_argmax_key": 9599,
      "logloss": 0.3938899269045536,
      "n_eval": 5000,
      "name": "Diffusion+post",
      "sce": 0.023015353857208657
    }
  ]
}
