{
  "metrics": {
    "brier": 0.21816071466430406,
    "ece": 0.14299590281955898,
    "logloss": 0.6786427326479818,
    "n": 1000,
    "trading": {
      "B": 1.0,
      "kelly": {
        "final_bankroll": 3.129951165885695e+17,
        "n": 1000,
        "roi": 3.129951165885695e+17
      },
      "mode": "sign",
      "pnl_per_event": 0.14659350089309736,
      "transaction_cost": 0.0
    }
  },
  "train_meta": {
    "final_loss": 0.12802261278033256,
    "steps": 2000
  }
}
