{
  "ar": {
    "brier": 0.18196189634942314,
    "ece": 0.1371391999651678,
    "logloss": 0.5414490763410025
  },
  "hybrid": {
    "brier": 0.238660519765012,
    "ece": 0.24922991767525673,
    "logloss": 0.6703975906760156
  },
  "improvement": {
    "brier_pct": -31.159613387799595,
    "ece_pct": -81.73499461755577
  },
  "market": {
    "brier": 0.2018460842012319,
    "ece": 0.21047750053927303,
    "logloss": 0.5839896168537413
  },
  "n_test": 200,
  "n_train": 800,
  "train_meta": {
    "final_loss": 0.31311624333262444,
    "steps": 2000
  }
}
