{
  "metrics": {
    "approachability": {
      "clip_eps": 1e-06,
      "curve": {
        "app_err": [
          0.03899941990384832,
          0.03356941294565331,
          0.02702030753600411,
          0.022537825415784026,
          0.02082007636723574,
          0.022143988603687225,
          0.020913754762981886,
          0.020127769582759355,
          0.019914648748753178,
          0.019341004968388007,
          0.01838637215000662,
          0.017441051548327476,
          0.017945787854618034,
          0.01847452190525863,
          0.01937443123505606,
          0.019107456061574338,
          0.01848870766688111,
          0.018528374488976422,
          0.018548686311574112,
          0.01772469792069751,
          0.01753258561723799,
          0.017252761729733637,
          0.017961377795284575,
          0.01733437547657992
        ],
        "t": [
          200,
          400,
          600,
          800,
          1000,
          1200,
          1400,
          1600,
          1800,
          2000,
          2200,
          2400,
          2600,
          2800,
          3000,
          3200,
          3400,
          3600,
          3800,
          4000,
          4200,
          4400,
          4600,
          4758
        ]
      },
      "curve_every": 200,
      "curve_time_ts": [
        1683057889.0,
        1691592550.0,
        1698732373.0,
        1704007464.0,
        1706684625.0,
        1708906653.0,
        1709794107.0,
        1711345805.0,
        1713161062.0,
        1714511346.0,
        1716063605.0,
        1717349232.0,
        1718430753.0,
        1719274523.0,
        1719749355.0,
        1720467741.0,
        1721288416.0,
        1722376838.0,
        1722839452.0,
        1723315813.0,
        1730475012.0,
        1730849711.0,
        1732174541.0,
        1739085597.0
      ],
      "eps": 0.0,
      "family": "group_bin_indicator",
      "final": {
        "app_err": 0.01733437547657992,
        "top_violations": [
          {
            "bin_hi": 0.05,
            "bin_idx": 0,
            "bin_lo": 0.0,
            "coord": 40,
            "group": "(38940.746, 139356.56]|nan",
            "group_idx": 2,
            "mean_payoff": 0.01733437547657992,
            "violation": 0.01733437547657992
          },
          {
            "bin_hi": 0.05,
            "bin_idx": 0,
            "bin_lo": 0.0,
            "coord": 20,
            "group": "(15629.304, 38940.746]|nan",
            "group_idx": 1,
            "mean_payoff": 0.016037725614108413,
            "violation": 0.016037725614108413
          },
          {
            "bin_hi": 0.05,
            "bin_idx": 0,
            "bin_lo": 0.0,
            "coord": 0,
            "group": "(139356.56, 1531479284.504]|nan",
            "group_idx": 0,
            "mean_payoff": 0.016015707387558774,
            "violation": 0.016015707387558774
          },
          {
            "bin_hi": 0.05,
            "bin_idx": 0,
            "bin_lo": 0.0,
            "coord": 60,
            "group": "(5409.256, 15629.304]|nan",
            "group_idx": 3,
            "mean_payoff": 0.01477248897402539,
            "violation": 0.01477248897402539
          },
          {
            "bin_hi": 1.0,
            "bin_idx": 19,
            "bin_lo": 0.9500000000000001,
            "coord": 79,
            "group": "(5409.256, 15629.304]|nan",
            "group_idx": 3,
            "mean_payoff": -0.009324749110375397,
            "violation": 0.009324749110375397
          },
          {
            "bin_hi": 0.05,
            "bin_idx": 0,
            "bin_lo": 0.0,
            "coord": 80,
            "group": "(999.999, 5409.256]|nan",
            "group_idx": 4,
            "mean_payoff": 0.00849357512869084,
            "violation": 0.00849357512869084
          },
          {
            "bin_hi": 0.9500000000000001,
            "bin_idx": 18,
            "bin_lo": 0.9,
            "coord": 78,
            "group": "(5409.256, 15629.304]|nan",
            "group_idx": 3,
            "mean_payoff": -0.007879079866429346,
            "violation": 0.007879079866429346
          },
          {
            "bin_hi": 0.9500000000000001,
            "bin_idx": 18,
            "bin_lo": 0.9,
            "coord": 18,
            "group": "(139356.56, 1531479284.504]|nan",
            "group_idx": 0,
            "mean_payoff": -0.007290565689454915,
            "violation": 0.007290565689454915
          },
          {
            "bin_hi": 1.0,
            "bin_idx": 19,
            "bin_lo": 0.9500000000000001,
            "coord": 59,
            "group": "(38940.746, 139356.56]|nan",
            "group_idx": 2,
            "mean_payoff": -0.005447005413820283,
            "violation": 0.005447005413820283
          },
          {
            "bin_hi": 0.9,
            "bin_idx": 17,
            "bin_lo": 0.8500000000000001,
            "coord": 57,
            "group": "(38940.746, 139356.56]|nan",
            "group_idx": 2,
            "mean_payoff": -0.005438320022413038,
            "violation": 0.005438320022413038
          }
        ]
      },
      "group_cols": [
        "volume_q5",
        "ttc_q5"
      ],
      "n": 4758,
      "n_bins": 20,
      "n_groups": 5,
      "pred_col": "pred_prob",
      "time_col": "market_prob_target_ts",
      "y_col": "y"
    },
    "brier": 0.2981894364913592,
    "ece": 0.2731390996710511,
    "groups": {
      "ttc_q5": {
        "avg_abs_bias": 0.07373194136288735,
        "n_groups": 1,
        "worst_abs_bias": 0.07373194136288735
      },
      "volume_q5": {
        "avg_abs_bias": 0.07373194136288735,
        "n_groups": 5,
        "worst_abs_bias": 0.08978041399482094
      }
    },
    "logloss": 1.0126478471572153,
    "n": 4758,
    "trading": {
      "B": 1.0,
      "mode": "sign",
      "pnl_per_event": -0.0003332282961800322,
      "transaction_cost": 0.0
    }
  }
}
