{
  "llm_meta": null,
  "metrics": {
    "approachability": {
      "clip_eps": 1e-06,
      "curve": {
        "app_err": [
          0.1044036328792572,
          0.0773811012506485,
          0.08175496757030487,
          0.06131622567772865,
          0.0726917839050293,
          0.06057648658752442,
          0.055829496468816485,
          0.05204131156206131,
          0.04342294169796838,
          0.03908064752817154,
          0.04005448465997523,
          0.04480038955807686,
          0.04516853117025815,
          0.04548824110201427,
          0.045739240050315856,
          0.04585593547672033,
          0.04021378194584566,
          0.040640711453225876,
          0.0385017266398982,
          0.036417207270860674,
          0.03468305454367683,
          0.037596810405904596,
          0.03584223882011745,
          0.0355943888425827,
          0.038905166387557984,
          0.0393136047399961,
          0.041471119500972604,
          0.039990008090223586,
          0.038611042294008975,
          0.037324007550875345,
          0.037688848472410635,
          0.03798743020743132,
          0.036836295958721274,
          0.03859254034126506,
          0.03748989633151463,
          0.036448510322305894,
          0.0401246087776648,
          0.03758273995236346,
          0.039050550109300856,
          0.036441034153103825,
          0.03579623873640851,
          0.037259267270565034,
          0.03979987148628678,
          0.039761865680867974,
          0.04101624667644501,
          0.04535777355017869,
          0.04636852151535927,
          0.04632211327552795,
          0.045376764025006976,
          0.04136905169486999,
          0.040557893818499995,
          0.04039946454577148
        ],
        "t": [
          10,
          20,
          30,
          40,
          50,
          60,
          70,
          80,
          90,
          100,
          110,
          120,
          130,
          140,
          150,
          160,
          170,
          180,
          190,
          200,
          210,
          220,
          230,
          240,
          250,
          260,
          270,
          280,
          290,
          300,
          310,
          320,
          330,
          340,
          350,
          360,
          370,
          380,
          390,
          400,
          410,
          420,
          430,
          440,
          450,
          460,
          470,
          480,
          490,
          500,
          510,
          512
        ]
      },
      "curve_every": 10,
      "curve_time_ts": [
        1764454170.796427,
        1764975603.961904,
        1746039253.0143192,
        1764975612.153339,
        1764489601.992749,
        1716582294.7209432,
        1752605662.6692412,
        1759844335.3846478,
        1763787610.0185869,
        1757692801.088487,
        1759939208.795478,
        1758794401.875069,
        1731691630.1683772,
        1739819940.558997,
        1766128211.475931,
        1731360767.473193,
        1747826494.497078,
        1731345013.192617,
        1761752127.082299,
        1724251359.9818292,
        1762534807.499985,
        1753657955.134179,
        1758218401.015598,
        1762783201.985727,
        1744013206.271193,
        1738097857.646245,
        1764692785.823267,
        1765644312.955094,
        1741718796.5851278,
        1746826759.137544,
        1755052271.978944,
        1719329152.9853811,
        1746024239.769436,
        1739908022.8717282,
        1733157619.963896,
        1739554895.0982451,
        1757469602.148373,
        1758477606.872763,
        1706902277.555,
        1750393469.3211122,
        1761250571.603311,
        1749734045.005978,
        1746720660.0606349,
        1761973211.340328,
        1754501963.403122,
        1721337199.335254,
        1759156206.500031,
        1751041023.0296881,
        1745356531.062998,
        1763269211.025377,
        1727806734.245898,
        1760975111.136162
      ],
      "eps": 0.0,
      "family": "group_bin_indicator",
      "final": {
        "app_err": 0.04039946454577148,
        "top_violations": [
          {
            "bin_hi": 0.5,
            "bin_idx": 9,
            "bin_lo": 0.45,
            "coord": 9,
            "group": "crypto",
            "group_idx": 0,
            "mean_payoff": -0.04039946454577148,
            "violation": 0.04039946454577148
          },
          {
            "bin_hi": 0.5,
            "bin_idx": 9,
            "bin_lo": 0.45,
            "coord": 29,
            "group": "politics",
            "group_idx": 1,
            "mean_payoff": -0.03159146377583966,
            "violation": 0.03159146377583966
          },
          {
            "bin_hi": 0.5,
            "bin_idx": 9,
            "bin_lo": 0.45,
            "coord": 49,
            "group": "sports",
            "group_idx": 2,
            "mean_payoff": -0.030209484801162034,
            "violation": 0.030209484801162034
          },
          {
            "bin_hi": 0.55,
            "bin_idx": 10,
            "bin_lo": 0.5,
            "coord": 10,
            "group": "crypto",
            "group_idx": 0,
            "mean_payoff": -0.006498842849396169,
            "violation": 0.006498842849396169
          },
          {
            "bin_hi": 0.55,
            "bin_idx": 10,
            "bin_lo": 0.5,
            "coord": 50,
            "group": "sports",
            "group_idx": 2,
            "mean_payoff": -0.006032200995832682,
            "violation": 0.006032200995832682
          },
          {
            "bin_hi": 0.55,
            "bin_idx": 10,
            "bin_lo": 0.5,
            "coord": 30,
            "group": "politics",
            "group_idx": 1,
            "mean_payoff": -0.005488169612362981,
            "violation": 0.005488169612362981
          },
          {
            "bin_hi": 0.4,
            "bin_idx": 7,
            "bin_lo": 0.35000000000000003,
            "coord": 27,
            "group": "politics",
            "group_idx": 1,
            "mean_payoff": -0.005197681195568293,
            "violation": 0.005197681195568293
          },
          {
            "bin_hi": 0.30000000000000004,
            "bin_idx": 5,
            "bin_lo": 0.25,
            "coord": 25,
            "group": "politics",
            "group_idx": 1,
            "mean_payoff": -0.0042880025575868785,
            "violation": 0.0042880025575868785
          },
          {
            "bin_hi": 0.35000000000000003,
            "bin_idx": 6,
            "bin_lo": 0.30000000000000004,
            "coord": 6,
            "group": "crypto",
            "group_idx": 0,
            "mean_payoff": -0.0036995422560721636,
            "violation": 0.0036995422560721636
          },
          {
            "bin_hi": 0.30000000000000004,
            "bin_idx": 5,
            "bin_lo": 0.25,
            "coord": 5,
            "group": "crypto",
            "group_idx": 0,
            "mean_payoff": -0.003685161063913256,
            "violation": 0.003685161063913256
          }
        ]
      },
      "group_cols": [
        "topic"
      ],
      "n": 512,
      "n_bins": 20,
      "n_groups": 3,
      "pred_col": "pred_prob",
      "time_col": "createdAt",
      "y_col": "y"
    },
    "brier": 0.20771189532127432,
    "ece": 0.1717301325588778,
    "groups": {
      "topic": {
        "avg_abs_bias": 0.16741531678053434,
        "n_groups": 3,
        "worst_abs_bias": 0.2071763745264003
      }
    },
    "logloss": 0.5993542983475242,
    "n": 512,
    "trading": {
      "B": 1.0,
      "mode": "sign",
      "pnl_per_event": 0.11465820303692453,
      "transaction_cost": 0.0
    }
  }
}
