{
  "llm_meta": null,
  "models": [
    {
      "arb_profit": 0.0,
      "brier": 0.09113599998593361,
      "ece": 0.0014199911785125845,
      "logloss": 0.3282030322131191,
      "n_eval": 50000,
      "name": "oracle",
      "sce": 0.0
    },
    {
      "arb_profit": 0.3999999911785126,
      "brier": 0.25,
      "ece": 0.002819999999999989,
      "logloss": 0.6931471805599453,
      "n_eval": 50000,
      "name": "const_0.5",
      "sce": 0.15999999294281037
    },
    {
      "arb_profit": 0.06634719681739808,
      "brier": 0.09534952563207413,
      "ece": 0.06492720563888549,
      "logloss": 0.3454009273064659,
      "n_eval": 50000,
      "name": "diff_analytic_rho=0.985",
      "sce": 0.004401950525526778
    },
    {
      "arb_profit": 0.3999999911785126,
      "brier": 0.25,
      "ece": 0.002819999999999989,
      "logloss": 0.6931471805599453,
      "n_eval": 50000,
      "name": "L_query_oracle(L=4)",
      "sce": 0.15999999294281037
    }
  ]
}
