{
  "llm_meta": null,
  "metrics": {
    "approachability": {
      "clip_eps": 1e-06,
      "curve": {
        "app_err": [
          0.1,
          0.125,
          0.16666666666666666,
          0.14950000000000002,
          0.14950000000000002,
          0.12458333333333334,
          0.11385714285714287,
          0.1055,
          0.10477777777777776,
          0.10919999999999998,
          0.10827272727272724,
          0.10316666666666664,
          0.09888461538461536,
          0.10199999999999997,
          0.10159999999999998,
          0.10137499999999997,
          0.09538235294117645,
          0.09283333333333332,
          0.09310526315789472,
          0.08844999999999999,
          0.08421428571428571,
          0.08915909090909088,
          0.0917173913043478,
          0.08993749999999999,
          0.09007999999999998,
          0.09226923076923077,
          0.09251851851851851,
          0.09992857142857142,
          0.09987931034482757,
          0.10154999999999999,
          0.1046774193548387,
          0.10431249999999999,
          0.10266666666666666,
          0.10258823529411763,
          0.09822857142857142,
          0.09541666666666665,
          0.09554054054054052,
          0.09302631578947367,
          0.09576923076923076,
          0.10084999999999997,
          0.10204878048780486,
          0.10199999999999998,
          0.1053837209302325,
          0.10743181818181811,
          0.11165555555555545,
          0.11573913043478251,
          0.12069148936170201,
          0.12335416666666653,
          0.12479591836734681,
          0.12827999999999987,
          0.1306568627450979,
          0.1291057692307691,
          0.12949999999999987,
          0.13173148148148137,
          0.13297272727272716,
          0.13326785714285702,
          0.13443859649122797,
          0.1355603448275861,
          0.13834745762711856,
          0.13853333333333326,
          0.13954098360655728,
          0.13970967741935475,
          0.1398730158730158,
          0.1400312499999999,
          0.1424923076923076,
          0.14101515151515145,
          0.14188059701492534,
          0.14193382352941175,
          0.1427536231884058,
          0.1448785714285714,
          0.1463450704225352,
          0.1463958333333333,
          0.14435616438356166,
          0.14779729729729732,
          0.14710000000000004,
          0.1464539473684211,
          0.14648701298701305,
          0.14395512820512826,
          0.144613924050633,
          0.14654375000000008,
          0.14840123456790133,
          0.14659146341463425,
          0.14781927710843384,
          0.1478214285714287,
          0.14719411764705895,
          0.14661627906976757,
          0.14549425287356332,
          0.14263636363636376,
          0.1421067415730338,
          0.13937222222222231,
          0.13673626373626382,
          0.13416304347826097,
          0.13430645161290333,
          0.1328617021276597,
          0.13237368421052645,
          0.1320104166666668,
          0.1306494845360826,
          0.13279081632653073,
          0.13245959595959605,
          0.13212000000000013
        ],
        "t": [
          10,
          20,
          30,
          40,
          50,
          60,
          70,
          80,
          90,
          100,
          110,
          120,
          130,
          140,
          150,
          160,
          170,
          180,
          190,
          200,
          210,
          220,
          230,
          240,
          250,
          260,
          270,
          280,
          290,
          300,
          310,
          320,
          330,
          340,
          350,
          360,
          370,
          380,
          390,
          400,
          410,
          420,
          430,
          440,
          450,
          460,
          470,
          480,
          490,
          500,
          510,
          520,
          530,
          540,
          550,
          560,
          570,
          580,
          590,
          600,
          610,
          620,
          630,
          640,
          650,
          660,
          670,
          680,
          690,
          700,
          710,
          720,
          730,
          740,
          750,
          760,
          770,
          780,
          790,
          800,
          810,
          820,
          830,
          840,
          850,
          860,
          870,
          880,
          890,
          900,
          910,
          920,
          930,
          940,
          950,
          960,
          970,
          980,
          990,
          1000
        ]
      },
      "curve_every": 10,
      "curve_time_ts": [
        1764262809.032477,
        1747656052.526678,
        1741634166.9482272,
        1754050876.958071,
        1722269069.1550238,
        1747398914.172809,
        1764975519.997463,
        1763064007.912864,
        1761278414.2927291,
        1759550402.2426891,
        1757440842.070581,
        1753813459.435532,
        1728499027.6041589,
        1721762172.831563,
        1748631157.5986838,
        1746656535.262944,
        1754318272.468308,
        1763355608.277094,
        1743549097.839124,
        1757174400.785641,
        1731360734.238666,
        1758405601.551776,
        1761408006.631664,
        1763933884.2021928,
        1721689912.921076,
        1764975601.388214,
        1748642038.520172,
        1730230943.995541,
        1762349279.900373,
        1762972201.358755,
        1747756618.9433112,
        1711384325.194279,
        1755186088.389463,
        1737564584.439588,
        1753036175.0468988,
        1753351849.708707,
        1764572402.653297,
        1731619357.2552571,
        1748879232.683624,
        1746820396.494246,
        1734983293.542102,
        1765969222.633303,
        1765645203.894659,
        1757858401.1297889,
        1764867607.677494,
        1760113437.588408,
        1751289847.799587,
        1765645204.215929,
        1757538620.5251892,
        1758340803.192043,
        1757093022.182656,
        1720537431.254245,
        1750033561.145973,
        1726712448.278788,
        1761660277.3025038,
        1759245672.401485,
        1760139921.879356,
        1763055071.8734121,
        1762539763.347243,
        1743784907.769736,
        1741758191.213501,
        1760371203.348442,
        1733166458.236286,
        1757354403.289058,
        1757224801.7674649,
        1748899532.1879392,
        1728676795.201969,
        1722283640.050862,
        1760374821.177963,
        1759766404.7924511,
        1752608321.816837,
        1732211017.521781,
        1766128217.2653592,
        1764975609.622238,
        1740763696.124919,
        1747081136.0181508,
        1760377502.6958358,
        1755101915.316101,
        1758038682.679605,
        1754868132.2146418,
        1764871690.7842371,
        1764046808.702848,
        1751563528.6942642,
        1756758467.489015,
        1736917681.5350468,
        1759850451.569773,
        1751985500.042857,
        1757130738.673835,
        1764448148.815037,
        1764795604.5459251,
        1719857431.832315,
        1765211179.3177311,
        1757070553.308963,
        1728343114.4744651,
        1762818024.754921,
        1761589081.079786,
        1717170691.225502,
        1733781667.458147,
        1755701724.4964852,
        1749677726.996403
      ],
      "eps": 0.0,
      "family": "group_bin_indicator",
      "final": {
        "app_err": 0.13212000000000013,
        "top_violations": [
          {
            "bin_hi": 0.5,
            "bin_idx": 9,
            "bin_lo": 0.45,
            "coord": 9,
            "group": "",
            "group_idx": 0,
            "mean_payoff": -0.13212000000000013,
            "violation": 0.13212000000000013
          },
          {
            "bin_hi": 0.25,
            "bin_idx": 4,
            "bin_lo": 0.2,