{
  "impact_model": {
    "name": "random_adversarial_1702",
    "regime": "adversarial",
    "base_fill_prob": 0.279910260664023,
    "fill_size_decay": 0.35103113154556564,
    "fill_spread_sensitivity": 6.577035648079008,
    "permanent_impact": 0.007911872031324334,
    "temporary_impact": 0.01524231006229253,
    "impact_power": 0.6371261410951033,
    "adverse_selection": 0.2721460113378833,
    "adverse_selection_decay": 0.2988592638290748,
    "mev_extraction_rate": 0.23551251020130154,
    "reorder_probability": 0.21927345814748223,
    "block_delay_cost": 0.004407589534247518,
    "base_liquidity": 4800.304656711364,
    "liquidity_price_factor": 2.0,
    "exit_spread": 0.05005123588174385,
    "exit_impact_mult": 4.774425287936081,
    "stress_multiplier": 1.5621487284656408
  },
  "best_params": {
    "spread_threshold": 0.0710583927223307,
    "n_bins": 23,
    "kelly_fraction": 0.36786944964306495,
    "max_position_pct": 0.16422591597426583,
    "fee": 0.009843152540757112
  },
  "optimization_sharpe": 1960070687832.555,
  "final_evaluation": {
    "mean_sharpe": 5.010915121148621,
    "std_sharpe": 1.43674219749102,
    "min_sharpe": 1.9773275424131003,
    "p5_sharpe": 2.4299237989407034,
    "p25_sharpe": 4.351820376949348,
    "median_sharpe": 4.956696683724158,
    "mean_return": 198.82337497092857,
    "mean_fill_rate": 0.00442523768366465,
    "mean_drawdown": 0.01925186270597521,
    "mean_impact_cost": 0.3281721197343498,
    "mean_mev_cost": 8.561885024891449,
    "mean_as_cost": 4.07877446059087,
    "n_simulations": 50,
    "impact_model": "random_adversarial_1702",
    "regime": "adversarial"
  },
  "all_trials": [
    {
      "number": 0,
      "value": 8882688851.342562,
      "params": {
        "spread_threshold": 0.062435616638630745,
        "n_bins": 24,
        "kelly_fraction": 0.3793972738151323,
        "max_position_pct": 0.15769145136531842,
        "fee": 0.008900466011060912
      }
    },
    {
      "number": 1,
      "value": 695455301808.1837,
      "params": {
        "spread_threshold": 0.03183923284706837,
        "n_bins": 6,
        "kelly_fraction": 0.4397792655987208,
        "max_position_pct": 0.15825645270093802,
        "fee": 0.022701814444901137
      }
    },
    {
      "number": 2,
      "value": 44088929370.95764,
      "params": {
        "spread_threshold": 0.012881829201412343,
        "n_bins": 25,
        "kelly_fraction": 0.4245991883601898,
        "max_position_pct": 0.06883799545600351,
        "fee": 0.009545624180177514
      }
    },
    {
      "number": 3,
      "value": 1385664242904.1555,
      "params": {
        "spread_threshold": 0.03567663137948073,
        "n_bins": 11,
        "kelly_fraction": 0.28614039423450705,
        "max_position_pct": 0.11934735428768663,
        "fee": 0.012280728504951047
      }
    },
    {
      "number": 4,
      "value": 912310121698.3344,
      "params": {
        "spread_threshold": 0.09565940526113312,
        "n_bins": 7,
        "kelly_fraction": 0.1814650918408482,
        "max_position_pct": 0.1042632239575491,
        "fee": 0.016401749605425897
      }
    },
    {
      "number": 5,
      "value": 16962029096.009804,
      "params": {
        "spread_threshold": 0.11992463459502188,
        "n_bins": 9,
        "kelly_fraction": 0.28140549728612524,
        "max_position_pct": 0.15625535083826977,
        "fee": 0.006161260317999943
      }
    },
    {
      "number": 6,
      "value": 180881603709.18393,
      "params": {
        "spread_threshold": 0.09505627926620136,
        "n_bins": 8,
        "kelly_fraction": 0.0792732168433758,
        "max_position_pct": 0.23824367356826665,
        "fee": 0.02914080082686398
      }
    },
    {
      "number": 7,
      "value": 55962043906.67776,
      "params": {
        "spread_threshold": 0.12317562873630454,
        "n_bins": 11,
        "kelly_fraction": 0.09395245130287275,
        "max_position_pct": 0.17737359609779607,
        "fee": 0.01600381234349003
      }
    },
    {
      "number": 8,
      "value": 1624206410.170804,
      "params": {
        "spread_threshold": 0.027085352878269034,
        "n_bins": 15,
        "kelly_fraction": 0.06547483450184828,
        "max_position_pct": 0.2291436924781199,
        "fee": 0.011469499540000422
      }
    },
    {
      "number": 9,
      "value": 1239886635988.9487,
      "params": {
        "spread_threshold": 0.10275311980955747,
        "n_bins": 11,
        "kelly_fraction": 0.28403060953001485,
        "max_position_pct": 0.14574336424895432,
        "fee": 0.009621361388138176
      }
    },
    {
      "number": 10,
      "value": 317119340447.2082,
      "params": {
        "spread_threshold": 0.061069251278459566,
        "n_bins": 17,
        "kelly_fraction": 0.1967385186931856,
        "max_position_pct": 0.02413123139140852,
        "fee": 0.021428091726816024
      }
    },
    {
      "number": 11,
      "value": 141787358838.21295,
      "params": {
        "spread_threshold": 0.06490258062260942,
        "n_bins": 13,
        "kelly_fraction": 0.296906532147106,
        "max_position_pct": 0.10089470909712195,
        "fee": 0.01278926525488654
      }
    },
    {
      "number": 12,
      "value": 51724450273.87827,
      "params": {
        "spread_threshold": 0.14759374336888562,
        "n_bins": 19,
        "kelly_fraction": 0.337550665222313,
        "max_position_pct": 0.11293944049506502,
        "fee": 0.005785815144768867
      }
    },
    {
      "number": 13,
      "value": 380025019538.85205,
      "params": {
        "spread_threshold": 0.043609321639411495,
        "n_bins": 12,
        "kelly_fraction": 0.19677594266808887,
        "max_position_pct": 0.20916673163822155,
        "fee": 0.013674124420176965
      }
    },
    {
      "number": 14,
      "value": 108425719032.68365,
      "params": {
        "spread_threshold": 0.08750975463534172,
        "n_bins": 10,
        "kelly_fraction": 0.2415012834828416,
        "max_position_pct": 0.05004978370783604,
        "fee": 0.020691073631398747
      }
    },
    {
      "number": 15,
      "value": 1058552815627.9077,
      "params": {
        "spread_threshold": 0.1154514151637061,
        "n_bins": 5,
        "kelly_fraction": 0.4982074392863459,
        "max_position_pct": 0.12911010396918543,
        "fee": 0.008894594829829638
      }
    },
    {
      "number": 16,
      "value": 179229932855.3717,
      "params": {
        "spread_threshold": 0.07133822344875881,
        "n_bins": 14,
        "kelly_fraction": 0.3365131675581005,
        "max_position_pct": 0.07727678604557311,
        "fee": 0.01785663849262467
      }
    },
    {
      "number": 17,
      "value": 54706515669.56958,
      "params": {
        "spread_threshold": 0.04726997591723663,
        "n_bins": 20,
        "kelly_fraction": 0.13953027913971844,
        "max_position_pct": 0.18136522377538095,
        "fee": 0.014018550530269795
      }
    },
    {
      "number": 18,
      "value": 787050689830.8094,
      "params": {
        "spread_threshold": 0.10687599949641244,
        "n_bins": 16,
        "kelly_fraction": 0.23684297736348503,
        "max_position_pct": 0.13223555187046085,
        "fee": 0.02551180632966729
      }
    },
    {
      "number": 19,
      "value": 830195280849.1115,
      "params": {
        "spread_threshold": 0.1398630396290957,
        "n_bins": 12,
        "kelly_fraction": 0.31291509802701273,
        "max_position_pct": 0.19518242866135005,
        "fee": 0.010717564811455702
      }
    },
    {
      "number": 20,
      "value": 898828150238.2643,
      "params": {
        "spread_threshold": 0.08085173987056371,
        "n_bins": 9,
        "kelly_fraction": 0.3823582513652691,
        "max_position_pct": 0.08131184507479246,
        "fee": 0.0073743175695940195
      }
    },
    {
      "number": 21,
      "value": 609316430227.903,
      "params": {
        "spread_threshold": 0.1159035186300029,