{
  "metrics": {
    "approachability": {
      "clip_eps": 1e-06,
      "curve": {
        "app_err": [
          0.015341259837150574,
          0.010242422744631767,
          0.008476242497563362,
          0.0073197012208402155,
          0.005506971433758736,
          0.005277017702658971,
          0.006065779871174268,
          0.006513543333858252,
          0.005484249749117427,
          0.0049393058791756626,
          0.0048702472448349,
          0.005740362703800201,
          0.006030737734757937,
          0.005848954234804426,
          0.005995199829339981,
          0.006034483695402742,
          0.006089794960092096,
          0.005593714018662771,
          0.005829252883007652,
          0.005811200439929962,
          0.005637003999380838,
          0.00547936807979237,
          0.005241134685018788,
          0.005067091120446916
        ],
        "t": [
          200,
          400,
          600,
          800,
          1000,
          1200,
          1400,
          1600,
          1800,
          2000,
          2200,
          2400,
          2600,
          2800,
          3000,
          3200,
          3400,
          3600,
          3800,
          4000,
          4200,
          4400,
          4600,
          4758
        ]
      },
      "curve_every": 200,
      "curve_time_ts": [
        1683057889.0,
        1691592550.0,
        1698732373.0,
        1704007464.0,
        1706684625.0,
        1708906653.0,
        1709794107.0,
        1711345805.0,
        1713161062.0,
        1714511346.0,
        1716063605.0,
        1717349232.0,
        1718430753.0,
        1719274523.0,
        1719749355.0,
        1720467741.0,
        1721288416.0,
        1722376838.0,
        1722839452.0,
        1723315813.0,
        1730475012.0,
        1730849711.0,
        1732174541.0,
        1739085597.0
      ],
      "eps": 0.0,
      "family": "group_bin_indicator",
      "final": {
        "app_err": 0.005067091120446916,
        "top_violations": [
          {
            "bin_hi": 0.45,
            "bin_idx": 8,
            "bin_lo": 0.4,
            "coord": 88,
            "group": "(999.999, 5409.256]|nan",
            "group_idx": 4,
            "mean_payoff": -0.005067091120446916,
            "violation": 0.005067091120446916
          },
          {
            "bin_hi": 0.5,
            "bin_idx": 9,
            "bin_lo": 0.45,
            "coord": 69,
            "group": "(5409.256, 15629.304]|nan",
            "group_idx": 3,
            "mean_payoff": -0.004630459048959476,
            "violation": 0.004630459048959476
          },
          {
            "bin_hi": 0.5,
            "bin_idx": 9,
            "bin_lo": 0.45,
            "coord": 9,
            "group": "(139356.56, 1531479284.504]|nan",
            "group_idx": 0,
            "mean_payoff": -0.0038843942745837305,
            "violation": 0.0038843942745837305
          },
          {
            "bin_hi": 0.55,
            "bin_idx": 10,
            "bin_lo": 0.5,
            "coord": 50,
            "group": "(38940.746, 139356.56]|nan",
            "group_idx": 2,
            "mean_payoff": -0.003797628602444399,
            "violation": 0.003797628602444399
          },
          {
            "bin_hi": 0.5,
            "bin_idx": 9,
            "bin_lo": 0.45,
            "coord": 49,
            "group": "(38940.746, 139356.56]|nan",
            "group_idx": 2,
            "mean_payoff": -0.003563684060975452,
            "violation": 0.003563684060975452
          },
          {
            "bin_hi": 0.15000000000000002,
            "bin_idx": 2,
            "bin_lo": 0.1,
            "coord": 22,
            "group": "(15629.304, 38940.746]|nan",
            "group_idx": 1,
            "mean_payoff": 0.00342102549553619,
            "violation": 0.00342102549553619
          },
          {
            "bin_hi": 0.45,
            "bin_idx": 8,
            "bin_lo": 0.4,
            "coord": 48,
            "group": "(38940.746, 139356.56]|nan",
            "group_idx": 2,
            "mean_payoff": -0.0033903413645205954,
            "violation": 0.0033903413645205954
          },
          {
            "bin_hi": 0.1,
            "bin_idx": 1,
            "bin_lo": 0.05,
            "coord": 1,
            "group": "(139356.56, 1531479284.504]|nan",
            "group_idx": 0,
            "mean_payoff": 0.0033002062714390518,
            "violation": 0.0033002062714390518
          },
          {
            "bin_hi": 0.45,
            "bin_idx": 8,
            "bin_lo": 0.4,
            "coord": 8,
            "group": "(139356.56, 1531479284.504]|nan",
            "group_idx": 0,
            "mean_payoff": -0.003233247034536685,
            "violation": 0.003233247034536685
          },
          {
            "bin_hi": 0.55,
            "bin_idx": 10,
            "bin_lo": 0.5,
            "coord": 10,
            "group": "(139356.56, 1531479284.504]|nan",
            "group_idx": 0,
            "mean_payoff": -0.0032006772113678185,
            "violation": 0.0032006772113678185
          }
        ]
      },
      "group_cols": [
        "volume_q5",
        "ttc_q5"
      ],
      "n": 4758,
      "n_bins": 20,
      "n_groups": 5,
      "pred_col": "pred_prob",
      "time_col": "market_prob_target_ts",
      "y_col": "y"
    },
    "brier": 0.21604410765588186,
    "ece": 0.14171583878262783,
    "groups": {
      "ttc_q5": {
        "avg_abs_bias": 0.0749417628243232,
        "n_groups": 1,
        "worst_abs_bias": 0.0749417628243232
      },
      "volume_q5": {
        "avg_abs_bias": 0.0749417628243232,
        "n_groups": 5,
        "worst_abs_bias": 0.09174427812327518
      }
    },
    "logloss": 0.636954978413734,
    "n": 4758,
    "trading": {
      "B": 1.0,
      "mode": "sign",
      "pnl_per_event": -0.0031604664862896195,
      "transaction_cost": 0.0
    }
  }
}
