{
  "metrics": {
    "brier": 0.6343993302650863,
    "ece": 0.6626649424880743,
    "groups": {
      "ttc_q5": {
        "avg_abs_bias": 0.6626649424880743,
        "n_groups": 5,
        "worst_abs_bias": 0.7405533319711686
      },
      "volume_q5": {
        "avg_abs_bias": 0.6626649424880743,
        "n_groups": 5,
        "worst_abs_bias": 0.6834931455377595
      }
    },
    "logloss": 2.1473423182402396,
    "n": 4000,
    "trading": {
      "B": 1.0,
      "kelly": {
        "final_bankroll": 1.521155525007366e-257,
        "n": 4000,
        "roi": -1.0
      },
      "mode": "sign",
      "pnl_per_event": -0.1643232504994812,
      "transaction_cost": 0.0
    }
  },
  "train_meta": {
    "final_loss": 0.02751080165617168,
    "steps": 8000
  }
}
