{
  "llm_meta": null,
  "models": [
    {
      "arb_profit": 0.3999999909341335,
      "brier": 0.25,
      "ece": 0.0014000000000000123,
      "gcal_S": 0.4000000059604645,
      "gcal_S_argmax_key": 1,
      "logloss": 0.6931471805599454,
      "n_eval": 5000,
      "name": "AR-intrinsic",
      "sce": 0.1599999927473071
    },
    {
      "arb_profit": 0.2870281934738159,
      "brier": 0.17274669866357567,
      "ece": 0.2854282025396824,
      "gcal_S": 0.2870281934738159,
      "gcal_S_argmax_key": 0,
      "logloss": 0.5361542016233591,
      "n_eval": 5000,
      "name": "Diffusion-intrinsic",
      "sce": 0.0823851838488423
    },
    {
      "arb_profit": 0.21401328411251305,
      "brier": 0.14310853382566172,
      "ece": 0.19350844859629868,
      "gcal_S": 0.5041666030883789,
      "gcal_S_argmax_key": 101,
      "logloss": 0.4667989504713653,
      "n_eval": 5000,
      "name": "AR+post",
      "sce": 0.052351110461664234
    },
    {
      "arb_profit": 0.14403218365013598,
      "brier": 0.11702202209758682,
      "ece": 0.14338969247043132,
      "gcal_S": 0.3895833492279053,
      "gcal_S_argmax_key": 2790,
      "logloss": 0.404440669192718,
      "n_eval": 5000,
      "name": "Diffusion+post",
      "sce": 0.025848029550715818
    }
  ]
}
