{
  "ar": {
    "brier": 0.20617697829723028,
    "ece": 0.12548239894022117,
    "logloss": 0.6070456115293066,
    "pnl": 0.14483000058370332,
    "roi": 214.6256615380022,
    "sharpe": 5.987170988301594
  },
  "hybrid": {
    "brier": 0.24234268926122884,
    "ece": 0.2036587682366371,
    "logloss": 0.677693688238953,
    "pnl": 0.05003000031846265,
    "roi": -0.7010550550192481,
    "sharpe": 1.90697260143605
  },
  "improvement": {
    "brier_pct": -17.541100496613694,
    "ece_pct": -62.30066523804547,
    "pnl_diff": -0.09480000026524067,
    "roi_diff_pp": -21532.671659302145
  },
  "market": {
    "brier": 0.20899034287642393,
    "ece": 0.17452333439451956,
    "logloss": 0.5982092176839539
  },
  "n_test": 300,
  "n_train": 1200,
  "train_meta": {
    "final_loss": 0.31908504754304884,
    "steps": 2000
  }
}
