{
  "metrics": {
    "approachability": {
      "clip_eps": 1e-06,
      "curve": {
        "app_err": [
          0.28746076583862307,
          0.2901878619194031,
          0.2136111354827881,
          0.21562641263008117,
          0.20892436933517455,
          0.1910648731390635,
          0.1998504866872515,
          0.20224643796682357,
          0.20837770382563273,
          0.20944540977478027,
          0.20361473907123911,
          0.19837495406468708,
          0.2113275957107544,
          0.2039118879181998,
          0.2050352931022644,
          0.19876454442739486,
          0.19329766203375423,
          0.19290889302889505,
          0.19055863719237479,
          0.1825274864435196,
          0.17383570137478058,
          0.16762130379676818,
          0.16033342102299566,
          0.1550757438937823,
          0.15167010622024535,
          0.15542291833804203,
          0.15891351567374334,
          0.16644758641719817,
          0.16954844409021838,
          0.1736905501683553,
          0.17725798137726323,
          0.17733183808624745,
          0.18542680827054112,
          0.18632433730013231,
          0.19101934678213936,
          0.19359337906042734,
          0.19390929537850457,
          0.189690435811093,
          0.1923644597713764,
          0.19290614408254622,
          0.19156518776816905
        ],
        "t": [
          25,
          50,
          75,
          100,
          125,
          150,
          175,
          200,
          225,
          250,
          275,
          300,
          325,
          350,
          375,
          400,
          425,
          450,
          475,
          500,
          525,
          550,
          575,
          600,
          625,
          650,
          675,
          700,
          725,
          750,
          775,
          800,
          825,
          850,
          875,
          900,
          925,
          950,
          975,
          1000,
          1007
        ]
      },
      "curve_every": 25,
      "curve_time_ts": [
        1755607189.2302961,
        1764489601.992749,
        1749230456.1648982,
        1757692801.088487,
        1758664802.233784,
        1766128211.475931,
        1732637173.121185,
        1724251359.9818292,
        1721059248.318618,
        1744013206.271193,
        1762876482.4426408,
        1746826759.137544,
        1732896480.239716,
        1733157619.963896,
        1744989926.194477,
        1750393469.3211122,
        1761753601.459714,
        1754501963.403122,
        1759961288.509166,
        1763269211.025377,
        1761248934.536551,
        1763226002.830776,
        1760377501.636529,
        1758837601.160341,
        1758816001.2131681,
        1762223105.6333618,
        1739387368.848027,
        1748032840.909587,
        1757716857.430743,
        1764781204.521163,
        1765645206.241966,
        1735924157.979765,
        1721339217.885109,
        1763571613.495424,
        1763830813.849674,
        1751846980.529997,
        1764091557.935233,
        1740286957.537361,
        1765457700.588395,
        1751156628.462006,
        1732575428.504298
      ],
      "eps": 0.0,
      "family": "group_bin_indicator",
      "final": {
        "app_err": 0.19156518776816905,
        "top_violations": [
          {
            "bin_hi": 0.9500000000000001,
            "bin_idx": 18,
            "bin_lo": 0.9,
            "coord": 18,
            "group": "crypto",
            "group_idx": 0,
            "mean_payoff": -0.19156518776816905,
            "violation": 0.19156518776816905
          },
          {
            "bin_hi": 0.9500000000000001,
            "bin_idx": 18,
            "bin_lo": 0.9,
            "coord": 38,
            "group": "politics",
            "group_idx": 1,
            "mean_payoff": -0.12628547638625115,
            "violation": 0.12628547638625115
          },
          {
            "bin_hi": 0.9,
            "bin_idx": 17,
            "bin_lo": 0.8500000000000001,
            "coord": 17,
            "group": "crypto",
            "group_idx": 0,
            "mean_payoff": -0.06336840451533177,
            "violation": 0.06336840451533177
          },
          {
            "bin_hi": 0.9500000000000001,
            "bin_idx": 18,
            "bin_lo": 0.9,
            "coord": 58,
            "group": "sports",
            "group_idx": 2,
            "mean_payoff": -0.0611377953299226,
            "violation": 0.0611377953299226
          },
          {
            "bin_hi": 0.9,
            "bin_idx": 17,
            "bin_lo": 0.8500000000000001,
            "coord": 37,
            "group": "politics",
            "group_idx": 1,
            "mean_payoff": -0.054873602451847234,
            "violation": 0.054873602451847234
          },
          {
            "bin_hi": 0.9,
            "bin_idx": 17,
            "bin_lo": 0.8500000000000001,
            "coord": 57,
            "group": "sports",
            "group_idx": 2,
            "mean_payoff": -0.039027789320941,
            "violation": 0.039027789320941
          },
          {
            "bin_hi": 0.8500000000000001,
            "bin_idx": 16,
            "bin_lo": 0.8,
            "coord": 16,
            "group": "crypto",
            "group_idx": 0,
            "mean_payoff": -0.02301693134298391,
            "violation": 0.02301693134298391
          },
          {
            "bin_hi": 1.0,
            "bin_idx": 19,
            "bin_lo": 0.9500000000000001,
            "coord": 19,
            "group": "crypto",
            "group_idx": 0,
            "mean_payoff": -0.018584385292295665,
            "violation": 0.018584385292295665
          },
          {
            "bin_hi": 1.0,
            "bin_idx": 19,
            "bin_lo": 0.9500000000000001,
            "coord": 39,
            "group": "politics",
            "group_idx": 1,
            "mean_payoff": -0.016816880698237186,
            "violation": 0.016816880698237186
          },
          {
            "bin_hi": 0.8500000000000001,
            "bin_idx": 16,
            "bin_lo": 0.8,
            "coord": 36,
            "group": "politics",
            "group_idx": 1,
            "mean_payoff": -0.010412972165195803,
            "violation": 0.010412972165195803
          }
        ]
      },
      "group_cols": [
        "topic"
      ],
      "n": 1007,
      "n_bins": 20,
      "n_groups": 3,
      "pred_col": "pred_prob",
      "time_col": "createdAt",
      "y_col": "y"
    },
    "brier": 0.6087285596735527,
    "ece": 0.6472233086972393,
    "groups": {
      "topic": {
        "avg_abs_bias": 0.6472233086972393,
        "n_groups": 3,
        "worst_abs_bias": 0.7049653424535479
      }
    },
    "logloss": 1.8199065232320522,
    "n": 1007,
    "trading": {
      "B": 1.0,
      "mode": "sign",
      "pnl_per_event": -0.16434011947203617,
      "transaction_cost": 0.0
    }
  }
}
