{
  "llm_meta": null,
  "models": [
    {
      "arb_profit": 0.39999999087452887,
      "brier": 0.25,
      "ece": 0.0046000000000000485,
      "gcal_S": 0.4000000059604645,
      "gcal_S_argmax_key": 1,
      "logloss": 0.6931471805599454,
      "n_eval": 5000,
      "name": "AR-intrinsic",
      "sce": 0.1599999926996234
    },
    {
      "arb_profit": 0.03824713789224625,
      "brier": 0.09262045339467598,
      "ece": 0.036647147017717346,
      "gcal_S": 0.03824716806411743,
      "gcal_S_argmax_key": 1,
      "logloss": 0.33470719499707274,
      "n_eval": 5000,
      "name": "Diffusion-intrinsic",
      "sce": 0.0014628435569493867
    },
    {
      "arb_profit": 0.08641323754638433,
      "brier": 0.10150055709061456,
      "ece": 0.08430865568071605,
      "gcal_S": 0.4096153676509857,
      "gcal_S_argmax_key": 216,
      "logloss": 0.36207427047280494,
      "n_eval": 5000,
      "name": "AR+post",
      "sce": 0.01075787911186064
    },
    {
      "arb_profit": 0.04305005965195596,
      "brier": 0.09414711576359355,
      "ece": 0.04217005962692201,
      "gcal_S": 0.25576919317245483,
      "gcal_S_argmax_key": 216,
      "logloss": 0.34552977485849473,
      "n_eval": 5000,
      "name": "Diffusion+post",
      "sce": 0.003109828552642263
    }
  ]
}
