{
  "llm_meta": null,
  "models": [
    {
      "arb_profit": 0.39999999099969863,
      "brier": 0.25,
      "ece": 0.007000000000000006,
      "gcal_S": 0.4000000059604645,
      "gcal_S_argmax_key": 1,
      "logloss": 0.6931471805599454,
      "n_eval": 5000,
      "name": "AR-intrinsic",
      "sce": 0.15999999279975924
    },
    {
      "arb_profit": 0.22781312465667725,
      "brier": 0.1393504584047863,
      "ece": 0.2352131336569786,
      "gcal_S": 0.22781312465667725,
      "gcal_S_argmax_key": 0,
      "logloss": 0.4637142815088655,
      "n_eval": 5000,
      "name": "Diffusion-intrinsic",
      "sce": 0.051898819765838766
    },
    {
      "arb_profit": 0.08333889677077531,
      "brier": 0.09463783960277221,
      "ece": 0.08966343046575784,
      "gcal_S": 0.23124998807907104,
      "gcal_S_argmax_key": 0,
      "logloss": 0.34535473441126435,
      "n_eval": 5000,
      "name": "AR+post",
      "sce": 0.009730170720394702
    },
    {
      "arb_profit": 0.05425512666478753,
      "brier": 0.08895281744938659,
      "ece": 0.05985108151212334,
      "gcal_S": 0.19741380214691162,
      "gcal_S_argmax_key": 200,
      "logloss": 0.3269609585934296,
      "n_eval": 5000,
      "name": "Diffusion+post",
      "sce": 0.004685354549213132
    }
  ]
}
