{
  "llm_meta": null,
  "models": [
    {
      "arb_profit": 0.0,
      "brier": 0.09113599998593361,
      "ece": 0.0014199911785125845,
      "logloss": 0.3282030322131191,
      "n_eval": 50000,
      "name": "oracle",
      "sce": 0.0
    },
    {
      "arb_profit": 0.3999999911785126,
      "brier": 0.25,
      "ece": 0.002819999999999989,
      "logloss": 0.6931471805599453,
      "n_eval": 50000,
      "name": "const_0.5",
      "sce": 0.15999999294281037
    },
    {
      "arb_profit": 0.3725121917724609,
      "brier": 0.2288434049306731,
      "ece": 0.3710922005939484,
      "logloss": 0.6507920480471565,
      "n_eval": 50000,
      "name": "diff_analytic_rho=0.8",
      "sce": 0.13876533301912364
    },
    {
      "arb_profit": 0.3999999911785126,
      "brier": 0.25,
      "ece": 0.002819999999999989,
      "logloss": 0.6931471805599453,
      "n_eval": 50000,
      "name": "L_query_oracle(L=8)",
      "sce": 0.15999999294281037
    }
  ]
}
