{
  "llm_meta": null,
  "models": [
    {
      "arb_profit": 0.0,
      "brier": 0.09113599996578724,
      "ece": 0.0014199910169840082,
      "logloss": 0.32820303210119484,
      "n_eval": 50000,
      "name": "oracle",
      "sce": 0.0
    },
    {
      "arb_profit": 0.39999999101698397,
      "brier": 0.25,
      "ece": 0.0008399999999999519,
      "logloss": 0.6931471805599453,
      "n_eval": 50000,
      "name": "const_0.5",
      "sce": 0.1599999928135875
    },
    {
      "arb_profit": 0.066811203956604,
      "brier": 0.09540999432101366,
      "ece": 0.06539121293962,
      "logloss": 0.3456187058514393,
      "n_eval": 50000,
      "name": "diff_analytic_rho=0.97",
      "sce": 0.0044637369741309385
    },
    {
      "arb_profit": 0.39999999101698397,
      "brier": 0.25,
      "ece": 0.0008399999999999519,
      "logloss": 0.6931471805599453,
      "n_eval": 50000,
      "name": "L_query_oracle(L=4)",
      "sce": 0.1599999928135875
    }
  ]
}
