{
  "llm_meta": null,
  "models": [
    {
      "arb_profit": 0.39999999087452887,
      "brier": 0.25,
      "ece": 0.0046000000000000485,
      "gcal_S": 0.4000000059604645,
      "gcal_S_argmax_key": 1,
      "logloss": 0.6931471805599454,
      "n_eval": 5000,
      "name": "AR-intrinsic",
      "sce": 0.1599999926996234
    },
    {
      "arb_profit": 0.2605285938858986,
      "brier": 0.15832146146755727,
      "ece": 0.2589286030113697,
      "gcal_S": 0.2605286240577698,
      "gcal_S_argmax_key": 1,
      "logloss": 0.505337358756697,
      "n_eval": 5000,
      "name": "Diffusion-intrinsic",
      "sce": 0.06787514823216437
    },
    {
      "arb_profit": 0.08641323754638433,
      "brier": 0.10150055709061456,
      "ece": 0.08430865568071605,
      "gcal_S": 0.4096153676509857,
      "gcal_S_argmax_key": 216,
      "logloss": 0.36207427047280494,
      "n_eval": 5000,
      "name": "AR+post",
      "sce": 0.01075787911186064
    },
    {
      "arb_profit": 0.06365467609912157,
      "brier": 0.09756504219627168,
      "ece": 0.06293468278795482,
      "gcal_S": 0.35192304849624634,
      "gcal_S_argmax_key": 216,
      "logloss": 0.3501348071198841,
      "n_eval": 5000,
      "name": "Diffusion+post",
      "sce": 0.00672276427049934
    }
  ]
}
