{
  "llm_meta": null,
  "metrics": {
    "approachability": {
      "clip_eps": 1e-06,
      "curve": {
        "app_err": [
          0.08889113366603851,
          0.042964127659797666,
          0.028642751773198447,
          0.023788871709257364,
          0.01903109736740589,
          0.015859247806171577,
          0.013593640976718493,
          0.02096567628905177,
          0.015717055482996834,
          0.014145349934697151,
          0.015231872824105349,
          0.021850346742818754,
          0.024020743685273023,
          0.021737822437925,
          0.020288634275396664,
          0.018405987159349026,
          0.016220507924171054,
          0.015319368595050441,
          0.014513086037416207,
          0.017715370263904334,
          0.016871781203718413,
          0.01610488205809485,
          0.01540466979469942,
          0.01476280855325361,
          0.014172296211123467,
          0.013627207895311026,
          0.013122496491780988,
          0.01265383590278881,
          0.012217496733727125,
          0.011810246842602888,
          0.011429271138002796,
          0.011072106414940209,
          0.0107365880387299,
          0.010420806037590784,
          0.010123068722231048,
          0.009841872368835741,
          0.009575875818326666,
          0.009323879086265438,
          0.009084805263540684,
          0.008857685131952167,
          0.010454994421906588,
          0.010206065983289764,
          0.009968715611585351,
          0.009566652842543343,
          0.009354060557153489,
          0.009150711414606674,
          0.008956015427061852,
          0.008769431772331396,
          0.008590463776977695,
          0.008273514479398728,
          0.00811128870529287,
          0.007955302384037239,
          0.007805202339055403,
          0.007660661554998822,
          0.008071678985248913,
          0.007927541860512324,
          0.007788462178748951,
          0.009187804188193946,
          0.008824544841960325,
          0.009915029555559158,
          0.009752488087435238,
          0.009595189892476605,
          0.010840465447732381,
          0.010671083175111562,
          0.01050691266472523,
          0.010347717018289999,
          0.010193273480703582,
          0.010043372400105,
          0.009897816278364347,
          0.009756418902959143,
          0.009619004552213239,
          0.009485407266765833,
          0.009355470180919725,
          0.009229044908204594,
          0.009105990976095199,
          0.008986175305357105,
          0.008869471729962856,
          0.008755760553937692,
          0.008644928141862532,
          0.00853686654008925,
          0.008431473126014074,
          0.008328650283013902,
          0.008228305098881205,
          0.008130349085799285,
          0.008034697920083999,
          0.007941271200083023,
          0.007849992220771724,
          0.0077607877637175,
          0.00767358790120382,
          0.007588325813412666,
          0.007504937617660879,
          0.00742336220877326,
          0.007343541109754193,
          0.007265418331990851,
          0.007188940244285684,
          0.007114055450074375,
          0.0070407146722385565,
          0.006968870644970816,
          0.007160542675792569,
          0.007993690084666013
        ],
        "t": [
          10,
          20,
          30,
          40,
          50,
          60,
          70,
          80,
          90,
          100,
          110,
          120,
          130,
          140,
          150,
          160,
          170,
          180,
          190,
          200,
          210,
          220,
          230,
          240,
          250,
          260,
          270,
          280,
          290,
          300,
          310,
          320,
          330,
          340,
          350,
          360,
          370,
          380,
          390,
          400,
          410,
          420,
          430,
          440,
          450,
          460,
          470,
          480,
          490,
          500,
          510,
          520,
          530,
          540,
          550,
          560,
          570,
          580,
          590,
          600,
          610,
          620,
          630,
          640,
          650,
          660,
          670,
          680,
          690,
          700,
          710,
          720,
          730,
          740,
          750,
          760,
          770,
          780,
          790,
          800,
          810,
          820,
          830,
          840,
          850,
          860,
          870,
          880,
          890,
          900,
          910,
          920,
          930,
          940,
          950,
          960,
          970,
          980,
          990,
          1000
        ]
      },
      "curve_every": 10,
      "curve_time_ts": [
        1761494402.1636631,
        1755786667.721317,
        1765818520.389775,
        1765786214.032286,
        1744297137.744982,
        1743785725.848381,
        1746452030.655029,
        1762794001.270776,
        1705518718.9550002,
        1737407801.1653152,
        1754908235.620882,
        1764257590.394356,
        1755425181.302361,
        1730222513.407464,
        1715277908.478744,
        1741787261.491043,
        1751407713.820672,
        1757354407.969131,
        1749734045.005978,
        1761572794.019048,
        1721241003.453942,
        1744142979.180035,
        1763744401.618592,
        1763740964.805242,
        1733775829.381151,
        1750369127.810498,
        1737410160.603235,
        1758693603.5605881,
        1719090696.494977,
        1732693988.891347,
        1744066566.3936791,
        1753807738.266647,
        1756128808.9727721,
        1761248929.707416,
        1761579904.8051589,
        1758038403.760753,
        1753102433.035558,
        1746661452.218008,
        1727720147.5087008,
        1759766353.561051,
        1763787610.455581,
        1760932812.160964,
        1730930874.109406,
        1740775355.674517,
        1753813464.605763,
        1761222200.198248,
        1757692802.633375,
        1763933884.2021928,
        1764871690.7842371,
        1710945913.197921,
        1726518909.100841,
        1745223861.835799,
        1751478805.950138,
        1755006764.591051,
        1733956764.849899,
        1757800803.542264,
        1728408551.721247,
        1763404212.6478279,
        1762876482.4426408,
        1747081136.0181508,
        1765806404.7742379,
        1761075995.919582,
        1757695096.242709,
        1764004101.609233,
        1757070553.308963,
        1743454331.045776,
        1764914435.606194,
        1747167552.676616,
        1762197003.808349,
        1764975604.6077619,
        1733781793.393218,
        1744647682.260103,
        1745522959.484865,
        1761141906.631115,
        1764003609.675736,
        1742416460.578916,
        1749228671.053628,
        1764694802.4251919,
        1754489716.175925,
        1721163049.701536,
        1760373905.212245,
        1735235475.725771,
        1765210755.908601,
        1750646111.2226748,
        1754938673.681497,
        1733167056.258962,
        1746214750.296588,
        1742912198.001069,
        1749747181.032205,
        1729813268.021617,
        1752588754.780184,
        1757174672.3655732,
        1749079838.460484,
        1763960403.621813,
        1737499857.864068,
        1759947815.513373,
        1751473430.306143,
        1750870293.2266319,
        1753292944.473825,
        1754327906.1378508
      ],
      "eps": 0.0,
      "family": "group_bin_indicator",
      "final": {
        "app_err": 0.007993690084666013,
        "top_violations": [
          {
            "bin_hi": 0.1,
            "bin_idx": 1,
            "bin_lo": 0.05,
            "coord": 501,
            "group": "(99.999, 2020.615]|(1761.539, 158576.427]",
            "group_idx": 25,