{
  "results": [
    {
      "mse": 0.0,
      "n": 10000,
      "name": "oracle",
      "static_arbitrage": {
        "M": 39,
        "curve": {
          "app_err": [
            0.0,
            0.0,
            0.0,
            0.0,
            0.0,
            0.0,
            0.0,
            0.0,
            0.0,
            0.0,
            0.0,
            0.0,
            0.0,
            0.0,
            0.0,
            0.0,
            0.0,
            0.0,
            0.0,
            0.0,
            0.0,
            0.0,
            0.0,
            0.0,
            0.0,
            0.0,
            0.0,
            0.0,
            0.0,
            0.0,
            0.0,
            0.0,
            0.0,
            0.0,
            0.0,
            0.0,
            0.0,
            0.0,
            0.0,
            0.0,
            0.0,
            0.0,
            0.0,
            0.0,
            0.0,
            0.0,
            0.0,
            0.0,
            0.0,
            0.0
          ],
          "t": [
            200,
            400,
            600,
            800,
            1000,
            1200,
            1400,
            1600,
            1800,
            2000,
            2200,
            2400,
            2600,
            2800,
            3000,
            3200,
            3400,
            3600,
            3800,
            4000,
            4200,
            4400,
            4600,
            4800,
            5000,
            5200,
            5400,
            5600,
            5800,
            6000,
            6200,
            6400,
            6600,
            6800,
            7000,
            7200,
            7400,
            7600,
            7800,
            8000,
            8200,
            8400,
            8600,
            8800,
            9000,
            9200,
            9400,
            9600,
            9800,
            10000
          ]
        },
        "final_app_err": 0.0,
        "frac_any_violated": 0.0,
        "mean_pos": 0.0,
        "structure": "star_out"
      }
    },
    {
      "mse": 0.024404724763065395,
      "n": 10000,
      "name": "diff(steps=8,mc=16)",
      "static_arbitrage": {
        "M": 39,
        "curve": {
          "app_err": [
            5.442678928375244e-05,
            2.7266889810562132e-05,
            4.832267761230469e-05,
            3.6242008209228513e-05,
            2.9084503650665283e-05,
            3.091543912887573e-05,
            4.175726856504168e-05,
            3.653760999441147e-05,
            4.7725670867496065e-05,
            4.295310378074646e-05,
            3.9048276164314964e-05,
            3.579425315062205e-05,
            3.304084906211266e-05,
            3.06807884148189e-05,
            2.863540252049764e-05,
            3.026910126209259e-05,
            2.9825629556880277e-05,
            2.9270342654652064e-05,
            2.9405849544625532e-05,
            2.7935557067394257e-05,
            2.7469339824858165e-05,
            2.8529404239221053e-05,
            3.137355913286624e-05,
            3.0066327502330143e-05,
            2.8863674402236938e-05,
            2.911377984743852e-05,
            3.201089523456715e-05,
            3.086764897618975e-05,
            2.980324728735562e-05,
            3.1408687432607015e-05,
            3.0395503967039046e-05,
            2.9445644468069077e-05,
            2.8553352211460924e-05,
            2.7713547734653247e-05,
            2.7404563767569406e-05,
            2.6643325885136922e-05,
            2.592323599634944e-05,
            2.5918797442787573e-05,
            2.7039914559095335e-05,
            2.6829518377780913e-05,
            2.657142354220879e-05,
            2.5938770600727626e-05,
            2.5991443977799528e-05,
            2.8766454620794815e-05,
            2.8488298257191977e-05,
            2.8615904890972635e-05,
            3.102082521357435e-05,
            3.0374558021624884e-05,
            3.1823321264617296e-05,
            3.118685483932495e-05
          ],
          "t": [
            200,
            400,
            600,
            800,
            1000,
            1200,
            1400,
            1600,
            1800,
            2000,
            2200,
            2400,
            2600,
            2800,
            3000,
            3200,
            3400,
            3600,
            3800,
            4000,
            4200,
            4400,
            4600,
            4800,
            5000,
            5200,
            5400,
            5600,
            5800,
            6000,
            6200,
            6400,
            6600,
            6800,
            7000,
            7200,
            7400,
            7600,
            7800,
            8000,
            8200,
            8400,
            8600,
            8800,
            9000,
            9200,
            9400,
            9600,
            9800,
            10000
          ]
        },
        "final_app_err": 3.118685483932495e-05,
        "frac_any_violated": 0.0172,
        "mean_pos": 2.787242333094279e-06,
        "structure": "star_out"
      }
    },
    {
      "mse": 0.024337922416735276,
      "n": 10000,
      "name": "diff(steps=16,mc=16)",
      "static_arbitrage": {
        "M": 39,
        "curve": {
          "app_err": [
            2.4242699146270753e-05,
            1.2121349573135377e-05,
            2.6945918798446654e-05,
            2.0209439098834993e-05,
            1.6167551279067995e-05,
            1.3755162556966146e-05,
            1.3672155993325369e-05,
            1.1963136494159698e-05,
            1.837525102827284e-05,
            1.6537725925445556e-05,
            1.5034296295859596e-05,
            1.378143827120463e-05,
            1.272132763495812e-05,
            1.1812661375318255e-05,
            1.1025150616963704e-05,
            1.0336078703403474e-05,
            9.728074073791504e-06,
            1.0672840807172988e-05,
            1.0111112343637567e-05,
            9.60555672645569e-06,
            9.589273305166336e-06,
            9.153397245840592e-06,
            9.76929846017257e-06,
            9.36224435766538e-06,
            8.987754583358765e-06,
            8.689537644386291e-06,
            1.1484120731000547e-05,
            1.1073973562036243e-05,
            1.0692112404724648e-05,
            1.1493792136510213e-05,
            1.112302464823569e-05,
            1.0775430127978326e-05,
            1.0448901942282013e-05,
            1.0141581296920777e-05,
            9.851821831294469e-06,
            9.578160113758512e-06,
            9.319290921494767e-06,
            9.074046423560695e-06,
            9.191746895129865e-06,
            8.961953222751618e-06,
            9.650042871149575e-06,
            9.420279945646013e-06,
            9.201203667840292e-06,
            8.992085402662105e-06,
            8.792261282602946e-06,
            8.601125167763752e-06,
            9.395527712842251e-06,
            9.199787552158038e-06,
            1.0011710074483132e-05,
            9.81147587299347e-06
          ],