{
  "ci95": {
    "ar_base": {
      "brier": {
        "hi": 0.22065399118244292,
        "lo": 0.18281708373064873
      },
      "ece": {
        "hi": 0.1548565477129328,
        "lo": 0.08740216543698874
      },
      "kelly_roi": {
        "hi": 25694338.62984598,
        "lo": -0.9245628907708956
      },
      "logloss": {
        "hi": 0.7271441181629283,
        "lo": 0.5645627309474763
      },
      "pnl_per_event": {
        "hi": 0.12516645256916997,
        "lo": 0.05582228260869565
      }
    },
    "diffusion": {
      "brier": {
        "hi": 0.24603494955247918,
        "lo": 0.1925543685305475
      },
      "ece": {
        "hi": 0.18663744916458405,
        "lo": 0.11284428030793582
      },
      "kelly_roi": {
        "hi": 250679367764088.0,
        "lo": 1310463.8035609268
      },
      "logloss": {
        "hi": 0.7608136828362819,
        "lo": 0.6101464680088601
      },
      "pnl_per_event": {
        "hi": 0.19245370553359684,
        "lo": 0.12233112648221345
      }
    },
    "learnedCt_repair": {
      "brier": {
        "hi": 0.2736955357262891,
        "lo": 0.2501755558199006
      },
      "ece": {
        "hi": 0.28155112074827954,
        "lo": 0.21094246861477028
      },
      "kelly_roi": {
        "hi": -0.9999981759520632,
        "lo": -0.9999999999999991
      },
      "logloss": {
        "hi": 0.7469572366086323,
        "lo": 0.695512100516262
      },
      "pnl_per_event": {
        "hi": 0.04937860671936759,
        "lo": -0.0205348814229249
      }
    },
    "market": {
      "brier": {
        "hi": 0.21986236479625582,
        "lo": 0.1956950302111844
      },
      "ece": {
        "hi": 0.21780027272704278,
        "lo": 0.15913330065877926
      },
      "kelly_roi": {
        "hi": 0.0,
        "lo": 0.0
      },
      "logloss": {
        "hi": 0.6199310485814378,
        "lo": 0.5631509747815574
      },
      "pnl_per_event": {
        "hi": 0.0,
        "lo": 0.0
      }
    },
    "rlvr_4bit": {
      "brier": {
        "hi": 0.2606939230214545,
        "lo": 0.19557488766010567
      },
      "ece": {
        "hi": 0.2359943279440713,
        "lo": 0.1586743207911141
      },
      "kelly_roi": {
        "hi": 737636939739814.2,
        "lo": 6486864.786231741
      },
      "logloss": {
        "hi": 2.0370985187269386,
        "lo": 1.4015199529411568
      },
      "pnl_per_event": {
        "hi": 0.17772248023715417,
        "lo": 0.1110348814229249
      }
    }
  },
  "configs": {
    "ar_base": {
      "approachability": {
        "clip_eps": 1e-06,
        "curve_every": 10,
        "enabled": true,
        "eps": null,
        "group_cols": [
          "volume_q5",
          "ttc_q5"
        ],
        "n_bins": 20,
        "time_col": null,
        "topk": 10
      },
      "benchmark": "polymarket_eval",
      "dataset_path": "runs/20251226_071714_pm_suite_scalar_retry2_20251226/predictions.parquet",
      "eval": {
        "B": 1.0,
        "bins": 20,
        "group_cols": [
          "volume_q5",
          "ttc_q5"
        ],
        "trading_mode": "sign",
        "transaction_cost": 0.0
      },
      "llm": {
        "K": 5,
        "L": 4,
        "agg": "median",
        "device": "cuda",
        "device_map": "auto",
        "dtype": "auto",
        "max_new_tokens": 128,
        "model": "Qwen/Qwen3-14B",
        "no_cot": false,
        "temperature": 0.7,
        "top_p": 0.95
      },
      "max_examples": 512,
      "pred_col": "pred_prob",
      "repair_at_resolution": null,
      "text_cols": [
        "question",
        "description"
      ]
    },
    "diffusion": {
      "approachability": {
        "clip_eps": 1e-06,
        "curve_every": 10,
        "enabled": true,
        "eps": null,
        "group_cols": [
          "volume_q5",
          "ttc_q5"
        ],
        "n_bins": 20,
        "time_col": null,
        "topk": 10
      },
      "benchmark": "polymarket_eval",
      "dataset_path": "runs/20251226_071714_pm_suite_scalar_retry2_20251226/predictions.parquet",
      "eval": {
        "B": 1.0,
        "bins": 20,
        "group_cols": [
          "volume_q5",
          "ttc_q5"
        ],
        "trading_mode": "sign",
        "transaction_cost": 0.0
      },
      "llm": null,
      "max_examples": null,
      "pred_col": "pred_prob",
      "repair_at_resolution": null,
      "text_cols": [
        "question",
        "description"
      ]
    },
    "learnedCt_repair": {
      "arb": {
        "B_trade": 1.0,
        "hedge_eta": null,
        "max_steps": null,
        "no_neural": false,
        "transaction_cost": 0.0,
        "witness_depth": 2,
        "witness_grad_clip": 1.0,
        "witness_hidden": 128,
        "witness_lr": 0.001,
        "witness_weight_decay": 0.0
      },
      "benchmark": "pm_learnedCt_arb",
      "bundle": {
        "bundle_col": "topic",
        "bundle_drop_last": true,
        "bundle_size": 8,
        "n_bundles": 124
      },
      "dataset_path": "runs/20251226_071714_pm_suite_scalar_retry2_20251226/predictions.parquet",
      "diffusion_infer": {
        "agg": "mean",
        "device": "cuda",
        "eta": 0.0,
        "mc": 32,
        "sample_steps": 32
      },
      "embed": {
        "batch_size": 128,
        "device": "cuda",
        "device_map": null,
        "dtype": "float16",
        "max_length": 256,
        "model": "sentence-transformers/all-MiniLM-L6-v2",
        "normalize": true
      },
      "eval": {
        "B": 1.0,
        "bins": 20,
        "group_cols": [
          "volume_q5",
          "ttc_q5"
        ],
        "trading_mode": "sign",
        "transaction_cost": 0.0
      },
      "max_rows": 2000,
      "model_path": "runs/20251226_071459_pm_bundle_difftrain_topic8_retry1_20251226/model.pt",
      "pred_col": "pred_prob",
      "repair_at_resolution": {
        "clip_eps": 1e-06,
        "enabled": true,
        "event_time_col": null,
        "forecast_time_col": null,
        "group_cols": [
          "volume_q5",
          "ttc_q5"
        ],
        "n_bins": 20,
        "prior_strength": 5.0
      },
      "text_cols": [
        "question",
        "description"
      ]
    },
    "market": {
      "approachability": {
        "clip_eps": 1e-06,
        "curve_every": 10,
        "enabled": true,
        "eps": null,
        "group_cols": [
          "volume_q5",
          "ttc_q5"
        ],
        "n_bins": 20,
        "time_col": null,
        "topk": 10
      },
      "benchmark": "polymarket_eval",
      "dataset_path": "runs/20251226_071714_pm_suite_scalar_retry2_20251226/predictions.parquet",
      "eval": {
        "B": 1.0,
        "bins": 20,
        "group_cols": [
          "volume_q5",
          "ttc_q5"
        ],
        "trading_mode": "sign",
        "transaction_cost": 0.0
      },
      "llm": null,
      "max_examples": null,
      "pred_col": "market_prob",
      "repair_at_resolution": null,
      "text_cols": [
        "question",
        "description"
      ]
    },
    "rlvr_4bit": {
      "adapter_path": "runs/20251226_074156_pm_rlvr_train_4bit_retry4_20251226/rlvr/final",
      "approachability": {
        "enabled": true
      },
      "base_model": "Qwen/Qwen3-14B",
      "benchmark": "pm_rlvr_eval",
      "dataset_path": "runs/20251226_071714_pm_suite_scalar_retry2_20251226/predictions.parquet",
      "eval": {
        "B": 1.0,
        "bins": 20,
        "group_cols": [
          "volume_q5",
          "ttc_q5"
        ],
        "trading_mode": "sign",
        "transaction_cost": 0.0
      },
      "infer": {
        "K": 5,
        "L": 4,
        "agg": "median",
        "bnb_4bit_compute_dtype": "bfloat16",
        "device": "cuda",
        "device_map": "auto",
        "dtype": "auto",
        "max_new_tokens": 128,
        "no_4bit": false,
        "no_cot": false,
        "temperature": 0.7,
        "top_p": 0.95
      },
      "llm_meta": {
        "K": 5,
        "n": 512,
        "parse_failures": 44
      },