{
  "metrics": {
    "brier": 0.26622654241702054,
    "ece": 0.26863917573541407,
    "groups": {
      "ttc_q5": {
        "avg_abs_bias": 0.268639175735414,
        "n_groups": 5,
        "worst_abs_bias": 0.34677874680156257
      },
      "volume_q5": {
        "avg_abs_bias": 0.268639175735414,
        "n_groups": 5,
        "worst_abs_bias": 0.28908104096119835
      }
    },
    "logloss": 0.7259210153082479,
    "n": 4000,
    "trading": {
      "B": 1.0,
      "kelly": {
        "final_bankroll": 7.162558134862284e-129,
        "n": 4000,
        "roi": -1.0
      },
      "mode": "sign",
      "pnl_per_event": -0.08626050018584647,
      "transaction_cost": 0.0
    }
  },
  "train_meta": {
    "final_loss": 0.2728621436655521,
    "steps": 6000
  }
}
