{
  "metrics": {
    "approachability": {
      "clip_eps": 1e-06,
      "curve": {
        "app_err": [
          0.07992015361785888,
          0.07991866707801819,
          0.0929426903432856,
          0.09958143779193052,
          0.1035984636619687,
          0.09961657338465253,
          0.09103393895218947,
          0.08961271842650603,
          0.08849335862064941,
          0.09558933628397062,
          0.09050121314019303,
          0.09292426759260707,
          0.0918846822787936,
          0.09672870147740469,
          0.09292698436789215,
          0.09209785484330496,
          0.08901588225901565,
          0.08848214738562496,
          0.08381412216854331,
          0.08161710919695907,
          0.07772258684083465,
          0.07418781546219676,
          0.07269590086627589,
          0.06966168204846326,
          0.06847359616290778,
          0.06737358616969477,
          0.0663534962773944,
          0.06844896052564893,
          0.07022101944890516,
          0.0718721448580424,
          0.07341423534577893,
          0.07112004049122334,
          0.0750193206469218,
          0.07398690167595358,
          0.07301005670002529,
          0.07430971973472171,
          0.07445802759479832,
          0.07438070977474318,
          0.07371131799159907,
          0.0738664647936821,
          0.07335299383682432
        ],
        "t": [
          25,
          50,
          75,
          100,
          125,
          150,
          175,
          200,
          225,
          250,
          275,
          300,
          325,
          350,
          375,
          400,
          425,
          450,
          475,
          500,
          525,
          550,
          575,
          600,
          625,
          650,
          675,
          700,
          725,
          750,
          775,
          800,
          825,
          850,
          875,
          900,
          925,
          950,
          975,
          1000,
          1007
        ]
      },
      "curve_every": 25,
      "curve_time_ts": [
        1755607189.2302961,
        1764489601.992749,
        1749230456.1648982,
        1757692801.088487,
        1758664802.233784,
        1766128211.475931,
        1732637173.121185,
        1724251359.9818292,
        1721059248.318618,
        1744013206.271193,
        1762876482.4426408,
        1746826759.137544,
        1732896480.239716,
        1733157619.963896,
        1744989926.194477,
        1750393469.3211122,
        1761753601.459714,
        1754501963.403122,
        1759961288.509166,
        1763269211.025377,
        1761248934.536551,
        1763226002.830776,
        1760377501.636529,
        1758837601.160341,
        1758816001.2131681,
        1762223105.6333618,
        1739387368.848027,
        1748032840.909587,
        1757716857.430743,
        1764781204.521163,
        1765645206.241966,
        1735924157.979765,
        1721339217.885109,
        1763571613.495424,
        1763830813.849674,
        1751846980.529997,
        1764091557.935233,
        1740286957.537361,
        1765457700.588395,
        1751156628.462006,
        1732575428.504298
      ],
      "eps": 0.0,
      "family": "group_bin_indicator",
      "final": {
        "app_err": 0.07335299383682432,
        "top_violations": [
          {
            "bin_hi": 1.0,
            "bin_idx": 19,
            "bin_lo": 0.9500000000000001,
            "coord": 19,
            "group": "crypto",
            "group_idx": 0,
            "mean_payoff": -0.07335299383682432,
            "violation": 0.07335299383682432
          },
          {
            "bin_hi": 0.05,
            "bin_idx": 0,
            "bin_lo": 0.0,
            "coord": 0,
            "group": "crypto",
            "group_idx": 0,
            "mean_payoff": 0.07312879494131037,
            "violation": 0.07312879494131037
          },
          {
            "bin_hi": 0.05,
            "bin_idx": 0,
            "bin_lo": 0.0,
            "coord": 20,
            "group": "politics",
            "group_idx": 1,
            "mean_payoff": 0.05533675672733821,
            "violation": 0.05533675672733821
          },
          {
            "bin_hi": 1.0,
            "bin_idx": 19,
            "bin_lo": 0.9500000000000001,
            "coord": 39,
            "group": "politics",
            "group_idx": 1,
            "mean_payoff": -0.03965605104336554,
            "violation": 0.03965605104336554
          },
          {
            "bin_hi": 1.0,
            "bin_idx": 19,
            "bin_lo": 0.9500000000000001,
            "coord": 59,
            "group": "sports",
            "group_idx": 2,
            "mean_payoff": -0.024787325371341647,
            "violation": 0.024787325371341647
          },
          {
            "bin_hi": 0.05,
            "bin_idx": 0,
            "bin_lo": 0.0,
            "coord": 40,
            "group": "sports",
            "group_idx": 2,
            "mean_payoff": 0.018730196551084075,
            "violation": 0.018730196551084075
          },
          {
            "bin_hi": 0.55,
            "bin_idx": 10,
            "bin_lo": 0.5,
            "coord": 30,
            "group": "politics",
            "group_idx": 1,
            "mean_payoff": -0.0024828579953789357,
            "violation": 0.0024828579953789357
          },
          {
            "bin_hi": 0.55,
            "bin_idx": 10,
            "bin_lo": 0.5,
            "coord": 50,
            "group": "sports",
            "group_idx": 2,
            "mean_payoff": -0.002482804901668545,
            "violation": 0.002482804901668545
          },
          {
            "bin_hi": 0.55,
            "bin_idx": 10,
            "bin_lo": 0.5,
            "coord": 10,
            "group": "crypto",
            "group_idx": 0,
            "mean_payoff": -0.0014898573985284466,
            "violation": 0.0014898573985284466
          },
          {
            "bin_hi": 0.5,
            "bin_idx": 9,
            "bin_lo": 0.45,
            "coord": 29,
            "group": "politics",
            "group_idx": 1,
            "mean_payoff": -0.0004965182034948021,
            "violation": 0.0004965182034948021
          }
        ]
      },
      "group_cols": [
        "topic"
      ],
      "n": 1007,
      "n_bins": 20,
      "n_groups": 3,
      "pred_col": "pred_prob",
      "time_col": "createdAt",
      "y_col": "y"
    },
    "brier": 0.29384992849492314,
    "ece": 0.2919441083750882,
    "groups": {
      "topic": {
        "avg_abs_bias": 0.02295527090582083,
        "n_groups": 3,
        "worst_abs_bias": 0.04914121861702629
      }
    },
    "logloss": 1.990737786431197,
    "n": 1007,
    "trading": {
      "B": 1.0,
      "mode": "sign",
      "pnl_per_event": 0.13463207597283844,
      "transaction_cost": 0.0
    }
  }
}
