{
  "llm_meta": null,
  "models": [
    {
      "arb_profit": 0.3999999912142754,
      "brier": 0.25,
      "ece": 0.0024000000000000132,
      "gcal_S": 0.4000000059604645,
      "gcal_S_argmax_key": 41,
      "logloss": 0.6931471805599454,
      "n_eval": 5000,
      "name": "AR-intrinsic",
      "sce": 0.1599999929714206
    },
    {
      "arb_profit": 0.08592045307159424,
      "brier": 0.09838738033978797,
      "ece": 0.08432046185731887,
      "gcal_S": 0.08592045307159424,
      "gcal_S_argmax_key": 9,
      "logloss": 0.35573389941479505,
      "n_eval": 5000,
      "name": "Diffusion-intrinsic",
      "sce": 0.007382324256028028
    },
    {
      "arb_profit": 0.3800195119321346,
      "brier": 0.23631487398094123,
      "ece": 0.06774042581915855,
      "gcal_S": 0.5249999761581421,
      "gcal_S_argmax_key": 26552,
      "logloss": 0.6654252207213266,
      "n_eval": 5000,
      "name": "AR+post",
      "sce": 0.14636548030813393
    },
    {
      "arb_profit": 0.01718921979367733,
      "brier": 0.09314073869778208,
      "ece": 0.017308121833205226,
      "gcal_S": 0.3107143044471741,
      "gcal_S_argmax_key": 26552,
      "logloss": 0.3348688658891911,
      "n_eval": 5000,
      "name": "Diffusion+post",
      "sce": 0.0017940183696421449
    }
  ]
}
