{
  "llm_meta": null,
  "models": [
    {
      "arb_profit": 0.3999999911785126,
      "brier": 0.25,
      "ece": 0.00039999999999995595,
      "gcal_S": 0.4000000059604645,
      "gcal_S_argmax_key": 372,
      "logloss": 0.6931471805599454,
      "n_eval": 5000,
      "name": "AR-intrinsic",
      "sce": 0.15999999294281037
    },
    {
      "arb_profit": 0.10434544086456299,
      "brier": 0.10183406753809583,
      "ece": 0.1027454496860504,
      "gcal_S": 0.10434544086456299,
      "gcal_S_argmax_key": 372,
      "logloss": 0.366700451461402,
      "n_eval": 5000,
      "name": "Diffusion-intrinsic",
      "sce": 0.010887971029220012
    },
    {
      "arb_profit": 0.3987774362921715,
      "brier": 0.24927760354706346,
      "ece": 0.004575190150737797,
      "gcal_S": 0.4625000059604645,
      "gcal_S_argmax_key": 25122,
      "logloss": 0.691688174304651,
      "n_eval": 5000,
      "name": "AR+post",
      "sce": 0.15913723126759033
    },
    {
      "arb_profit": 0.0018955436259508133,
      "brier": 0.09121269832582823,
      "ece": 0.003935558357834831,
      "gcal_S": 0.2541666626930237,
      "gcal_S_argmax_key": 25122,
      "logloss": 0.32829403089117437,
      "n_eval": 5000,
      "name": "Diffusion+post",
      "sce": 0.00015530885743375607
    }
  ]
}
