{
  "llm_meta": {
    "K": 1,
    "L": 4,
    "aggregate": "mean",
    "max_new_tokens_used": 64,
    "n": 9216,
    "parse_failures": 9216
  },
  "models": [
    {
      "arb_profit": 0.39999999123392627,
      "brier": 0.25,
      "ece": 0.0087890625,
      "gcal_S": 0.4000000059604645,
      "gcal_S_argmax_key": 1,
      "logloss": 0.6931471805599453,
      "n_eval": 1024,
      "name": "AR-intrinsic",
      "sce": 0.15999999298714132
    },
    {
      "arb_profit": 0.1605052057420835,
      "brier": 0.10949389641293134,
      "ece": 0.17359115200815722,
      "gcal_S": 0.1605052351951599,
      "gcal_S_argmax_key": 1,
      "logloss": 0.39246934481477186,
      "n_eval": 1024,
      "name": "Diffusion-intrinsic",
      "sce": 0.02576192107030944
    },
    {
      "arb_profit": 0.16226881571492413,
      "brier": 0.11583219557148261,
      "ece": 0.17146721875906223,
      "gcal_S": 0.4375000298023224,
      "gcal_S_argmax_key": 644,
      "logloss": 0.40272214636883863,
      "n_eval": 1024,
      "name": "AR+post",
      "sce": 0.031865886344251027
    },
    {
      "arb_profit": 0.07370103320135968,
      "brier": 0.09103911862273126,
      "ece": 0.08904787699430017,
      "gcal_S": 0.3375000059604645,
      "gcal_S_argmax_key": 644,
      "logloss": 0.33477282301441513,
      "n_eval": 1024,
      "name": "Diffusion+post",
      "sce": 0.009179870160129935
    }
  ]
}
