{
  "metrics": {
    "brier": 0.9407352694972846,
    "ece_top": 0.14637360303252936,
    "logloss": 2.3874786027661647,
    "n_eval": 20000,
    "sce": 0.14055384853286138
  },
  "train_meta": {
    "final_loss": 0.27206942640244963,
    "steps": 5000
  }
}
