{
  "metrics": {
    "approachability": {
      "clip_eps": 1e-06,
      "curve": {
        "app_err": [
          0.07991982698440551,
          0.07991835117340088,
          0.0929422373448809,
          0.09958095235866495,
          0.10359790913946927,
          0.09961574512378624,
          0.09103288477353219,
          0.08961143996741157,
          0.08849212956666533,
          0.09558800527127459,
          0.09049998284783214,
          0.09292296004132368,
          0.091883320358152,
          0.09672737674820903,
          0.09292569186414282,
          0.09209663967048982,
          0.0890146878542488,
          0.08848087863789664,
          0.08381285081642043,
          0.08161587606579997,
          0.07772137715680791,
          0.07418666361471299,
          0.07269473638365288,
          0.0696604909990371,
          0.06847243610173463,
          0.06737246943655639,
          0.06635241161669708,
          0.06845090738364629,
          0.07022289119917771,
          0.07187399625778199,
          0.07341604232788086,
          0.07112179100513458,
          0.0750210183317011,
          0.07398858021287356,
          0.07414868429728917,
          0.07541671620474921,
          0.07553511658230343,
          0.07459783748576515,
          0.0747331450535701,
          0.07486275106668472,
          0.07434235458459257
        ],
        "t": [
          25,
          50,
          75,
          100,
          125,
          150,
          175,
          200,
          225,
          250,
          275,
          300,
          325,
          350,
          375,
          400,
          425,
          450,
          475,
          500,
          525,
          550,
          575,
          600,
          625,
          650,
          675,
          700,
          725,
          750,
          775,
          800,
          825,
          850,
          875,
          900,
          925,
          950,
          975,
          1000,
          1007
        ]
      },
      "curve_every": 25,
      "curve_time_ts": [
        1755607189.2302961,
        1764489601.992749,
        1749230456.1648982,
        1757692801.088487,
        1758664802.233784,
        1766128211.475931,
        1732637173.121185,
        1724251359.9818292,
        1721059248.318618,
        1744013206.271193,
        1762876482.4426408,
        1746826759.137544,
        1732896480.239716,
        1733157619.963896,
        1744989926.194477,
        1750393469.3211122,
        1761753601.459714,
        1754501963.403122,
        1759961288.509166,
        1763269211.025377,
        1761248934.536551,
        1763226002.830776,
        1760377501.636529,
        1758837601.160341,
        1758816001.2131681,
        1762223105.6333618,
        1739387368.848027,
        1748032840.909587,
        1757716857.430743,
        1764781204.521163,
        1765645206.241966,
        1735924157.979765,
        1721339217.885109,
        1763571613.495424,
        1763830813.849674,
        1751846980.529997,
        1764091557.935233,
        1740286957.537361,
        1765457700.588395,
        1751156628.462006,
        1732575428.504298
      ],
      "eps": 0.0,
      "family": "group_bin_indicator",
      "final": {
        "app_err": 0.07434235458459257,
        "top_violations": [
          {
            "bin_hi": 1.0,
            "bin_idx": 19,
            "bin_lo": 0.9500000000000001,
            "coord": 19,
            "group": "crypto",
            "group_idx": 0,
            "mean_payoff": -0.07434235458459257,
            "violation": 0.07434235458459257
          },
          {
            "bin_hi": 0.05,
            "bin_idx": 0,
            "bin_lo": 0.0,
            "coord": 0,
            "group": "crypto",
            "group_idx": 0,
            "mean_payoff": 0.07015208108466241,
            "violation": 0.07015208108466241
          },
          {
            "bin_hi": 0.05,
            "bin_idx": 0,
            "bin_lo": 0.0,
            "coord": 20,
            "group": "politics",
            "group_idx": 1,
            "mean_payoff": 0.05533589591406741,
            "violation": 0.05533589591406741
          },
          {
            "bin_hi": 1.0,
            "bin_idx": 19,
            "bin_lo": 0.9500000000000001,
            "coord": 39,
            "group": "politics",
            "group_idx": 1,
            "mean_payoff": -0.039657334822055246,
            "violation": 0.039657334822055246
          },
          {
            "bin_hi": 1.0,
            "bin_idx": 19,
            "bin_lo": 0.9500000000000001,
            "coord": 59,
            "group": "sports",
            "group_idx": 2,
            "mean_payoff": -0.024787475122832494,
            "violation": 0.024787475122832494
          },
          {
            "bin_hi": 0.05,
            "bin_idx": 0,
            "bin_lo": 0.0,
            "coord": 40,
            "group": "sports",
            "group_idx": 2,
            "mean_payoff": 0.018702630719744304,
            "violation": 0.018702630719744304
          },
          {
            "bin_hi": 0.55,
            "bin_idx": 10,
            "bin_lo": 0.5,
            "coord": 30,
            "group": "politics",
            "group_idx": 1,
            "mean_payoff": -0.0024830488841370295,
            "violation": 0.0024830488841370295
          },
          {
            "bin_hi": 0.55,
            "bin_idx": 10,
            "bin_lo": 0.5,
            "coord": 50,
            "group": "sports",
            "group_idx": 2,
            "mean_payoff": -0.001991581360420144,
            "violation": 0.001991581360420144
          },
          {
            "bin_hi": 0.5,
            "bin_idx": 9,
            "bin_lo": 0.45,
            "coord": 9,
            "group": "crypto",
            "group_idx": 0,
            "mean_payoff": 0.0009951775869522928,
            "violation": 0.0009951775869522928
          },
          {
            "bin_hi": 0.55,
            "bin_idx": 10,
            "bin_lo": 0.5,
            "coord": 10,
            "group": "crypto",
            "group_idx": 0,
            "mean_payoff": -0.0005007794028834292,
            "violation": 0.0005007794028834292
          }
        ]
      },
      "group_cols": [
        "topic"
      ],
      "n": 1007,
      "n_bins": 20,
      "n_groups": 3,
      "pred_col": "pred_prob",
      "time_col": "createdAt",
      "y_col": "y"
    },
    "brier": 0.2928630762980327,
    "ece": 0.2889483594823473,
    "groups": {
      "topic": {
        "avg_abs_bias": 0.024967813287244775,
        "n_groups": 3,
        "worst_abs_bias": 0.04647406139344509
      }
    },
    "logloss": 1.977810239808147,
    "n": 1007,
    "trading": {
      "B": 1.0,
      "mode": "sign",
      "pnl_per_event": 0.13659334711729557,
      "transaction_cost": 0.0
    }
  }
}
