{
  "llm_meta": null,
  "models": [
    {
      "arb_profit": 0.39999999119341373,
      "brier": 0.25,
      "ece": 0.003599999999999992,
      "gcal_S": 0.4000000059604645,
      "gcal_S_argmax_key": 1,
      "logloss": 0.6931471805599453,
      "n_eval": 10000,
      "name": "AR-intrinsic",
      "sce": 0.15999999295473127
    },
    {
      "arb_profit": 0.1346318276077509,
      "brier": 0.10648044876206572,
      "ece": 0.13773183641433717,
      "gcal_S": 0.13463184237480164,
      "gcal_S_argmax_key": 1,
      "logloss": 0.381966983917983,
      "n_eval": 10000,
      "name": "Diffusion-intrinsic",
      "sce": 0.018125729005003376
    },
    {
      "arb_profit": 0.01937689253911376,
      "brier": 0.08806402127241406,
      "ece": 0.01901689648553726,
      "gcal_S": 0.07045447826385498,
      "gcal_S_argmax_key": 68,
      "logloss": 0.3208321379480163,
      "n_eval": 10000,
      "name": "AR+post",
      "sce": 0.0005717651450420423
    },
    {
      "arb_profit": 0.017747242745757102,
      "brier": 0.08792809037192753,
      "ece": 0.016147244536876687,
      "gcal_S": 0.0632774829864502,
      "gcal_S_argmax_key": 68,
      "logloss": 0.3203668305864783,
      "n_eval": 10000,
      "name": "Diffusion+post",
      "sce": 0.0004802112893386546
    }
  ]
}
