{
  "baselines": {
    "constant_0.5": {
      "bayes_brier": 0.19338282942771912,
      "brier": 0.25,
      "correlation_with_truth": NaN,
      "ece": 0.1029999852180481,
      "excess_brier": 0.056617170572280884,
      "mse_to_truth": 0.050805351027508376,
      "n": 1000
    },
    "oracle": {
      "bayes_brier": 0.19338282942771912,
      "brier": 0.19338282942771912,
      "correlation_with_truth": 1.0,
      "ece": 0.02827366740629077,
      "excess_brier": 0.0,
      "mse_to_truth": 0.0,
      "n": 1000
    },
    "prior": {
      "base_rate": 0.3838889002799988,
      "bayes_brier": 0.19338282942771912,
      "brier": 0.23956290093586782,
      "correlation_with_truth": NaN,
      "ece": 0.013111114501953125,
      "excess_brier": 0.04618007150814871,
      "mse_to_truth": 0.040593984537681024,
      "n": 1000
    }
  },
  "headlines_sample": [
    "Will Suns vs. Nuggets end in a draw?",
    "Will Celtics score more than 3 goals against Warriors?",
    "Will BNB be above $118000 on 2024-09?",
    "Will Cloud9 beat G2 in World Cup?",
    "Will Ethereum market cap exceed $673B?"
  ],
  "n_test": 1000,
  "n_train": 9000,
  "spec": {
    "n_factors": 5,
    "n_samples": 10000,
    "noise": 0.2,
    "structure": "factor"
  }
}
