{
  "metrics": {
    "approachability": {
      "clip_eps": 1e-06,
      "curve": {
        "app_err": [
          0.05323623926553409,
          0.0503068685971084,
          0.04616073942335788,
          0.034329994245345004,
          0.02810742970800493,
          0.025676743936395116,
          0.022537872967326882,
          0.020286431794302187,
          0.01787412862041189,
          0.01798573773226235,
          0.017019571052938276,
          0.016520274965732825,
          0.015946279756384543,
          0.016152913269886215,
          0.015741656456453104,
          0.016549896383148733,
          0.015919101855573107
        ],
        "t": [
          200,
          400,
          600,
          800,
          1000,
          1200,
          1400,
          1600,
          1800,
          2000,
          2200,
          2400,
          2600,
          2800,
          3000,
          3200,
          3371
        ]
      },
      "curve_every": 200,
      "curve_time_ts": [
        1687594578.0,
        1698215444.0,
        1704352522.0,
        1708158848.0,
        1709531170.0,
        1711835276.0,
        1714104676.0,
        1716618025.0,
        1718088928.0,
        1719216558.0,
        1720492058.0,
        1722118342.0,
        1722716359.0,
        1728495273.0,
        1730324112.0,
        1731407082.0,
        1738567197.0
      ],
      "eps": 0.0,
      "family": "group_bin_indicator",
      "final": {
        "app_err": 0.015919101855573107,
        "top_violations": [
          {
            "bin_hi": 0.05,
            "bin_idx": 0,
            "bin_lo": 0.0,
            "coord": 60,
            "group": "(61900.2, 271261.238]|nan",
            "group_idx": 3,
            "mean_payoff": 0.015919101855573107,
            "violation": 0.015919101855573107
          },
          {
            "bin_hi": 0.05,
            "bin_idx": 0,
            "bin_lo": 0.0,
            "coord": 40,
            "group": "(271261.238, 1531479284.504]|nan",
            "group_idx": 2,
            "mean_payoff": 0.014890399163639163,
            "violation": 0.014890399163639163
          },
          {
            "bin_hi": 0.05,
            "bin_idx": 0,
            "bin_lo": 0.0,
            "coord": 20,
            "group": "(25005.0, 61900.2]|nan",
            "group_idx": 1,
            "mean_payoff": 0.014780102726580419,
            "violation": 0.014780102726580419
          },
          {
            "bin_hi": 0.05,
            "bin_idx": 0,
            "bin_lo": 0.0,
            "coord": 0,
            "group": "(1005.489, 8755.43]|nan",
            "group_idx": 0,
            "mean_payoff": 0.012123510741427855,
            "violation": 0.012123510741427855
          },
          {
            "bin_hi": 0.05,
            "bin_idx": 0,
            "bin_lo": 0.0,
            "coord": 80,
            "group": "(8755.43, 25005.0]|nan",
            "group_idx": 4,
            "mean_payoff": 0.010987803384507513,
            "violation": 0.010987803384507513
          },
          {
            "bin_hi": 0.9500000000000001,
            "bin_idx": 18,
            "bin_lo": 0.9,
            "coord": 38,
            "group": "(25005.0, 61900.2]|nan",
            "group_idx": 1,
            "mean_payoff": -0.00755018586399505,
            "violation": 0.00755018586399505
          },
          {
            "bin_hi": 1.0,
            "bin_idx": 19,
            "bin_lo": 0.9500000000000001,
            "coord": 99,
            "group": "(8755.43, 25005.0]|nan",
            "group_idx": 4,
            "mean_payoff": -0.006027461866425747,
            "violation": 0.006027461866425747
          },
          {
            "bin_hi": 1.0,
            "bin_idx": 19,
            "bin_lo": 0.9500000000000001,
            "coord": 59,
            "group": "(271261.238, 1531479284.504]|nan",
            "group_idx": 2,
            "mean_payoff": -0.0057417461264561345,
            "violation": 0.0057417461264561345
          },
          {
            "bin_hi": 1.0,
            "bin_idx": 19,
            "bin_lo": 0.9500000000000001,
            "coord": 19,
            "group": "(1005.489, 8755.43]|nan",
            "group_idx": 0,
            "mean_payoff": -0.005740696741685214,
            "violation": 0.005740696741685214
          },
          {
            "bin_hi": 0.9500000000000001,
            "bin_idx": 18,
            "bin_lo": 0.9,
            "coord": 78,
            "group": "(61900.2, 271261.238]|nan",
            "group_idx": 3,
            "mean_payoff": -0.0056752102624694585,
            "violation": 0.0056752102624694585
          }
        ]
      },
      "group_cols": [
        "volume_q5",
        "ttc_q5"
      ],
      "n": 3371,
      "n_bins": 20,
      "n_groups": 5,
      "pred_col": "pred_prob",
      "time_col": "market_prob_target_ts",
      "y_col": "y"
    },
    "brier": 0.27405413035614024,
    "ece": 0.25466621284768454,
    "groups": {
      "ttc_q5": {
        "avg_abs_bias": 0.06513679257210855,
        "n_groups": 1,
        "worst_abs_bias": 0.06513679257210855
      },
      "volume_q5": {
        "avg_abs_bias": 0.06513679257210855,
        "n_groups": 5,
        "worst_abs_bias": 0.09450122006949126
      }
    },
    "logloss": 0.9310927032357921,
    "n": 3371,
    "trading": {
      "B": 1.0,
      "mode": "sign",
      "pnl_per_event": 0.00276683441499893,
      "transaction_cost": 0.0
    }
  }
}
