{
  "llm_meta": null,
  "metrics": {
    "approachability": {
      "clip_eps": 1e-06,
      "curve": {
        "app_err": [
          0.3990079820156097,
          0.4488253653049469,
          0.43222182790438335,
          0.42397292852401736,
          0.37901802897453307,
          0.33238636553287504,
          0.3133340622697558,
          0.3243383377790451,
          0.33237628473175895,
          0.3390401965379715,
          0.3444577173753218,
          0.34070350229740143,
          0.3375274406029628,
          0.3419068230049951,
          0.32575401186943054,
          0.33657079972326753,
          0.3461158233530381,
          0.34351033005449505,
          0.3464105276685012,
          0.3590313467383385,
          0.36568918171383086,
          0.36720367670059206,
          0.3729266946730406,
          0.37401437560717266,
          0.37500710272789,
          0.3720997207439863,
          0.36940050345880016,
          0.37402283847332,
          0.3748786599471651,
          0.3723566818237305,
          0.3732176924905469,
          0.383375284448266,
          0.38990436647877547,
          0.37842518950209897,
          0.3733052088533129,
          0.37125267369879617,
          0.36661374552829845,
          0.3674670848407243,
          0.36059855772898747,
          0.3615592685341835,
          0.35517505727163173,
          0.3585905740658442,
          0.36649832739386445,
          0.3695105903527953,
          0.3657264334625668,
          0.3642850205950115,
          0.36078125897874225,
          0.35326498275001844,
          0.3501251647667009,
          0.3431186958551407,
          0.34030478304507683,
          0.33567972504175625,
          0.33311238896172,
          0.328791876633962,
          0.3228138425133445,
          0.31883162813527244,
          0.3132347190589235,
          0.3095549020273932,
          0.30599980930150567,
          0.3042233927051226,
          0.2992328623279196,
          0.29440652583875965,
          0.2913175032252357,
          0.2898413470946252,
          0.29305686152898347,
          0.2946534397024097,
          0.2947159059012114,
          0.3006530299782753,
          0.30786156300185386,
          0.31201828828879763,
          0.31465222298259465,
          0.31858827488289937,
          0.3237918114825471,
          0.327501030467652,
          0.3271190264225006,
          0.3293707466439197,
          0.3276755426611219,
          0.32986481625300185,
          0.32820877236655993,
          0.3290964629501104,
          0.33242172481101234,
          0.33445111767547886,
          0.3376365097172289,
          0.33717903934773946,
          0.33907636894899257,
          0.3409339589435001,
          0.3438940564791361,
          0.3445159493522211,
          0.3496117017912061,
          0.3512675210502413,
          0.35288263356292643,
          0.35338631479636484,
          0.3506490747133891,
          0.35222347182162267,
          0.34956647452555206,
          0.3521608877927065,
          0.353672922149147,
          0.3531170969714924,
          0.3525744424323843,
          0.3530389446020126,
          0.3505848506474803
        ],
        "t": [
          10,
          20,
          30,
          40,
          50,
          60,
          70,
          80,
          90,
          100,
          110,
          120,
          130,
          140,
          150,
          160,
          170,
          180,
          190,
          200,
          210,
          220,
          230,
          240,
          250,
          260,
          270,
          280,
          290,
          300,
          310,
          320,
          330,
          340,
          350,
          360,
          370,
          380,
          390,
          400,
          410,
          420,
          430,
          440,
          450,
          460,
          470,
          480,
          490,
          500,
          510,
          520,
          530,
          540,
          550,
          560,
          570,
          580,
          590,
          600,
          610,
          620,
          630,
          640,
          650,
          660,
          670,
          680,
          690,
          700,
          710,
          720,
          730,
          740,
          750,
          760,
          770,
          780,
          790,
          800,
          810,
          820,
          830,
          840,
          850,
          860,
          870,
          880,
          890,
          900,
          910,
          920,
          930,
          940,
          950,
          960,
          970,
          980,
          990,
          1000,
          1007
        ]
      },
      "curve_every": 10,
      "curve_time_ts": [
        1764454170.796427,
        1764975603.961904,
        1746039253.0143192,
        1764975612.153339,
        1764489601.992749,
        1716582294.7209432,
        1752605662.6692412,
        1759844335.3846478,
        1763787610.0185869,
        1757692801.088487,
        1759939208.795478,
        1758794401.875069,
        1731691630.1683772,
        1739819940.558997,
        1766128211.475931,
        1731360767.473193,
        1747826494.497078,
        1731345013.192617,
        1761752127.082299,
        1724251359.9818292,
        1762534807.499985,
        1753657955.134179,
        1758218401.015598,
        1762783201.985727,
        1744013206.271193,
        1738097857.646245,
        1764692785.823267,
        1765644312.955094,
        1741718796.5851278,
        1746826759.137544,
        1755052271.978944,
        1719329152.9853811,
        1746024239.769436,
        1739908022.8717282,
        1733157619.963896,
        1739554895.0982451,
        1757469602.148373,
        1758477606.872763,
        1706902277.555,
        1750393469.3211122,
        1761250571.603311,
        1749734045.005978,
        1746720660.0606349,
        1761973211.340328,
        1754501963.403122,
        1721337199.335254,
        1759156206.500031,
        1751041023.0296881,
        1745356531.062998,
        1763269211.025377,
        1727806734.245898,
        1730932630.057837,
        1761973215.2418509,
        1766142002.3824341,
        1763226002.830776,
        1745609629.460533,
        1756244627.0302022,
        1757858401.1297889,
        1756036260.793134,
        1758837601.160341,
        1711666263.289073,
        1740421669.607776,
        1761591612.9363992,
        1735226592.8636968,
        1762223105.6333618,
        1753991288.3870678,
        1740761344.372457,
        1762880403.058697,
        1757714403.857494,
        1748032840.909587,
        1759844110.7113678,
        1751910876.8960488,
        1765811736.542372,
        1765806404.7742379,
        1764781204.521163,
        1763135958.401702,
        1763881202.662116,
        1734551774.4662971,
        1764486001.851128,
        1735924157.979765,
        1755662798.0162182,
        1766207414.369201,
        1763135956.193148,
        1752434790.686443,
        1763571613.495424,
        1733521425.733613,
        1765812071.190853,
        1764262903.998254,
        1733765458.570956,
        1751846980.529997,
        1747421331.840116,
        1759965347.421449,
        1765645206.167368,
        1738024231.963965,
        1740286957.537361,
        1761494411.997787,
        1762270074.508912,
        1758551402.289948,
        1741641677.287648,
        1751156628.462006,
        1732575428.504298
      ],
      "eps": 0.0,
      "family": "group_bin_indicator",
      "final": {
        "app_err": 0.3505848506474803,
        "top_violations": [
          {
            "bin_hi": 1.0,
            "bin_idx": 19,
            "bin_lo": 0.9500000000000001,
            "coord": 19,
            "group": "crypto",
            "group_idx": 0,
            "mean_payoff": -0.3505848506474803,