{
  "llm_meta": null,
  "models": [
    {
      "arb_profit": 0.0,
      "brier": 0.0896699999704215,
      "ece": 0.0012399851147085162,
      "logloss": 0.3241766180889721,
      "n_eval": 80000,
      "name": "oracle",
      "sce": 0.0
    },
    {
      "arb_profit": 0.39999999108575285,
      "brier": 0.25,
      "ece": 0.0019500000000000073,
      "logloss": 0.6931471805599453,
      "n_eval": 80000,
      "name": "const_0.5",
      "sce": 0.15999999286860256
    },
    {
      "arb_profit": 0.13756000995635986,
      "brier": 0.10870624577031719,
      "ece": 0.13797251887060705,
      "logloss": 0.38736081803294653,
      "n_eval": 80000,
      "name": "diff_analytic_rho=0.9",
      "sce": 0.018922756339193825
    },
    {
      "arb_profit": 0.0,
      "brier": 0.0896699999704215,
      "ece": 0.0012399851147085162,
      "logloss": 0.3241766180889721,
      "n_eval": 80000,
      "name": "L_query_oracle(L=4)",
      "sce": 0.0
    }
  ]
}
