{
  "llm_meta": {
    "K": 5,
    "L": 4,
    "aggregate": "median",
    "max_new_tokens_used": 128,
    "n": 512,
    "parse_failures": 46
  },
  "metrics": {
    "approachability": {
      "clip_eps": 1e-06,
      "curve": {
        "app_err": [
          0.08500000238418579,
          0.04250000119209289,
          0.026666667064030966,
          0.025,
          0.02,
          0.016666666666666666,
          0.015714285522699357,
          0.020000000298023225,
          0.022222222222222223,
          0.02,
          0.01818181818181818,
          0.025,
          0.023076923076923078,
          0.02857142857142857,
          0.02666666666666667,
          0.03125,
          0.029411764705882353,
          0.030555555555555555,
          0.02894736842105263,
          0.0275,
          0.02619047619047619,
          0.02727272727272727,
          0.02391304347826087,
          0.025,
          0.026,
          0.025,
          0.024074074074074074,
          0.023214285714285715,
          0.022413793103448276,
          0.021666666666666667,
          0.020967741935483872,
          0.0203125,
          0.019696969696969695,
          0.01911764705882353,
          0.02,
          0.019444444444444445,
          0.024324324324324326,
          0.025,
          0.026923076923076925,
          0.02875,
          0.026829268292682926,
          0.025,
          0.02558139534883721,
          0.028409090909090908,
          0.027777777777777776,
          0.02608695652173913,
          0.022340425531914895,
          0.020833333333333332,
          0.02040816326530612,
          0.019,
          0.0196078431372549,
          0.01953125
        ],
        "t": [
          10,
          20,
          30,
          40,
          50,
          60,
          70,
          80,
          90,
          100,
          110,
          120,
          130,
          140,
          150,
          160,
          170,
          180,
          190,
          200,
          210,
          220,
          230,
          240,
          250,
          260,
          270,
          280,
          290,
          300,
          310,
          320,
          330,
          340,
          350,
          360,
          370,
          380,
          390,
          400,
          410,
          420,
          430,
          440,
          450,
          460,
          470,
          480,
          490,
          500,
          510,
          512
        ]
      },
      "curve_every": 10,
      "curve_time_ts": [
        1757426774.911114,
        1758729603.394814,
        1760975103.994037,
        1758362402.7297568,
        1756952437.883234,
        1764775915.686799,
        1760365872.918287,
        1763798404.125634,
        1745356531.062998,
        1757779200.7458172,
        1763744403.865676,
        1761934835.827596,
        1759866899.368001,
        1751382102.169755,
        1761774040.149638,
        1755490343.065778,
        1744142979.180035,
        1765364403.287425,
        1752600857.837996,
        1758558129.332109,
        1759951499.644268,
        1760932810.173635,
        1752678506.553039,
        1737484103.462396,
        1749717290.593214,
        1764370803.136767,
        1755636827.494267,
        1742332615.2809432,
        1744666961.158993,
        1762754402.6877508,
        1761090446.071698,
        1758117601.331551,
        1765220886.248245,
        1733934360.004716,
        1757768721.089908,
        1750871019.126511,
        1753160985.5047512,
        1741876988.1479511,
        1749677739.0008361,
        1756548000.7921221,
        1761148801.028728,
        1757650637.488249,
        1753300508.086949,
        1743440533.150916,
        1761062406.6448488,
        1763475196.403001,
        1759318876.760926,
        1730405805.671387,
        1747577478.686143,
        1721326323.846897,
        1760975103.346632,
        1762880403.0341172
      ],
      "eps": 0.0,
      "family": "group_bin_indicator",
      "final": {
        "app_err": 0.01953125,
        "top_violations": [
          {
            "bin_hi": 0.5,
            "bin_idx": 9,
            "bin_lo": 0.45,
            "coord": 9,
            "group": "crypto",
            "group_idx": 0,
            "mean_payoff": -0.01953125,
            "violation": 0.01953125
          },
          {
            "bin_hi": 0.5,
            "bin_idx": 9,
            "bin_lo": 0.45,
            "coord": 29,
            "group": "politics",
            "group_idx": 1,
            "mean_payoff": -0.01953125,
            "violation": 0.01953125
          },
          {
            "bin_hi": 0.45,
            "bin_idx": 8,
            "bin_lo": 0.4,
            "coord": 8,
            "group": "crypto",
            "group_idx": 0,
            "mean_payoff": -0.008105468703433871,
            "violation": 0.008105468703433871
          },
          {
            "bin_hi": 0.5,
            "bin_idx": 9,
            "bin_lo": 0.45,
            "coord": 49,
            "group": "sports",
            "group_idx": 2,
            "mean_payoff": -0.0048828125,
            "violation": 0.0048828125
          },
          {
            "bin_hi": 0.9,
            "bin_idx": 17,
            "bin_lo": 0.8500000000000001,
            "coord": 37,
            "group": "politics",
            "group_idx": 1,
            "mean_payoff": -0.0047851563431322575,
            "violation": 0.0047851563431322575
          },
          {
            "bin_hi": 0.25,
            "bin_idx": 4,
            "bin_lo": 0.2,
            "coord": 24,
            "group": "politics",
            "group_idx": 1,
            "mean_payoff": 0.004589843621943146,
            "violation": 0.004589843621943146
          },
          {
            "bin_hi": 0.45,
            "bin_idx": 8,
            "bin_lo": 0.4,
            "coord": 28,
            "group": "politics",
            "group_idx": 1,
            "mean_payoff": -0.004296874918509275,
            "violation": 0.004296874918509275
          },
          {
            "bin_hi": 0.15000000000000002,
            "bin_idx": 2,
            "bin_lo": 0.1,
            "coord": 22,
            "group": "politics",
            "group_idx": 1,
            "mean_payoff": 0.004101562415598892,
            "violation": 0.004101562415598892
          },
          {
            "bin_hi": 0.65,
            "bin_idx": 12,
            "bin_lo": 0.6000000000000001,
            "coord": 32,
            "group": "politics",
            "group_idx": 1,
            "mean_payoff": -0.003906250232830644,
            "violation": 0.003906250232830644
          },
          {
            "bin_hi": 0.9500000000000001,
            "bin_idx": 18,
            "bin_lo": 0.9,
            "coord": 38,
            "group": "politics",
            "group_idx": 1,
            "mean_payoff": -0.0037109374534338713,
            "violation": 0.0037109374534338713
          }
        ]
      },
      "group_cols": [
        "topic"
      ],
      "n": 512,
      "n_bins": 20,
      "n_groups": 3,
      "pred_col": "pred_prob",
      "time_col": "createdAt",
      "y_col": "y"
    },
    "brier": 0.19823545721745273,
    "ece": 0.10686718859233224,
    "groups": {
      "topic": {
        "avg_abs_bias": 0.0907890646440137,
        "n_groups": 3,
        "worst_abs_bias": 0.09403225988329898
      }
    },
    "logloss": 0.6239909395814517,
    "n": 512,
    "trading": {
      "B": 1.0,
      "kelly": {
        "final_bankroll": 35589.244195167645,
        "n": 512,
        "roi": 35588.244195167645
      },
      "mode": "sign",
      "pnl_per_event": 0.1183095699993828,
      "transaction_cost": 0.0
    }
  }
}
