{
  "llm_meta": {
    "K": 1,
    "L": 4,
    "aggregate": "mean",
    "max_new_tokens_used": 64,
    "n": 3072,
    "parse_failures": 29
  },
  "models": [
    {
      "arb_profit": 0.4493261755487765,
      "brier": 0.46286454482751754,
      "ece": 0.4579199141226127,
      "gcal_S": 0.8999999761581421,
      "gcal_S_argmax_key": 100,
      "logloss": 1.8115783687651215,
      "n_eval": 1024,
      "name": "AR-intrinsic",
      "sce": 0.36043681426203433
    },
    {
      "arb_profit": 0.16050520649878308,
      "brier": 0.10575179058401699,
      "ece": 0.18140365238650702,
      "gcal_S": 0.1605052351951599,
      "gcal_S_argmax_key": 1,
      "logloss": 0.3843182175659633,
      "n_eval": 1024,
      "name": "Diffusion-intrinsic",
      "sce": 0.025761921313217886
    },
    {
      "arb_profit": 0.3642335883596388,
      "brier": 0.2839092591171555,
      "ece": 0.2354544733207149,
      "gcal_S": 0.8791667222976685,
      "gcal_S_argmax_key": 55,
      "logloss": 0.7951694718258939,
      "n_eval": 1024,
      "name": "AR+post",
      "sce": 0.193267365038698
    },
    {
      "arb_profit": 0.11614342803659383,
      "brier": 0.09446240235014684,
      "ece": 0.1373046155058546,
      "gcal_S": 0.3821428418159485,
      "gcal_S_argmax_key": 582,
      "logloss": 0.34693704383825325,
      "n_eval": 1024,
      "name": "Diffusion+post",
      "sce": 0.01916126809208745
    }
  ]
}
