{
  "models": [
    {
      "arb_profit": 0.39787118363901974,
      "brier": 0.3865113469730484,
      "ece": 0.3660433076366782,
      "logloss": 1.0978892070932726,
      "n_eval": 20000,
      "name": "learned_logit_diff(T=64,sample_steps=32)",
      "sce": 0.29420797895691814
    }
  ],
  "train_meta": {
    "final_loss": 0.06276065196841955,
    "steps": 5000
  }
}
