{
  "llm_meta": null,
  "models": [
    {
      "arb_profit": 0.3999999912142754,
      "brier": 0.25,
      "ece": 0.0024000000000000132,
      "gcal_S": 0.4000000059604645,
      "gcal_S_argmax_key": 41,
      "logloss": 0.6931471805599454,
      "n_eval": 5000,
      "name": "AR-intrinsic",
      "sce": 0.1599999929714206
    },
    {
      "arb_profit": 0.030827537333965302,
      "brier": 0.0921316894521786,
      "ece": 0.02922754611968993,
      "gcal_S": 0.03082755208015442,
      "gcal_S_argmax_key": 41,
      "logloss": 0.33260973516156483,
      "n_eval": 5000,
      "name": "Diffusion-intrinsic",
      "sce": 0.0009503370580772466
    },
    {
      "arb_profit": 0.3800195119321346,
      "brier": 0.23631487398094123,
      "ece": 0.06774042581915855,
      "gcal_S": 0.5249999761581421,
      "gcal_S_argmax_key": 26552,
      "logloss": 0.6654252207213266,
      "n_eval": 5000,
      "name": "AR+post",
      "sce": 0.14636548030813393
    },
    {
      "arb_profit": 0.006610207553207874,
      "brier": 0.09214127628534405,
      "ece": 0.007934090991318222,
      "gcal_S": 0.2750000059604645,
      "gcal_S_argmax_key": 26552,
      "logloss": 0.331358560417901,
      "n_eval": 5000,
      "name": "Diffusion+post",
      "sce": 0.000865485651420151
    }
  ]
}
