{
  "metrics": {
    "brier": 0.24803043283954845,
    "ece": 0.20210423537343739,
    "groups": {
      "topic": {
        "avg_abs_bias": 0.19772214973717928,
        "n_groups": 3,
        "worst_abs_bias": 0.22810859828058516
      }
    },
    "logloss": 0.689510531192112,
    "n": 4000,
    "trading": {
      "B": 1.0,
      "kelly": {
        "final_bankroll": 9.141399305733481e-19,
        "n": 4000,
        "roi": -1.0
      },
      "mode": "sign",
      "pnl_per_event": NaN,
      "transaction_cost": 0.0
    }
  },
  "train_meta": {
    "final_loss": 0.059058528007008136,
    "steps": 20000
  }
}
