{
  "metrics": {
    "brier": 0.5462340930388402,
    "ece": 0.5932978551387788,
    "groups": {
      "ttc_q5": {
        "avg_abs_bias": 0.5932978551387786,
        "n_groups": 5,
        "worst_abs_bias": 0.6698729203400833
      },
      "volume_q5": {
        "avg_abs_bias": 0.5932978551387788,
        "n_groups": 5,
        "worst_abs_bias": 0.6142908879049084
      }
    },
    "logloss": 1.4963676016826035,
    "n": 4000,
    "trading": {
      "B": 1.0,
      "kelly": {
        "final_bankroll": 2.230722129525471e-257,
        "n": 4000,
        "roi": -1.0
      },
      "mode": "sign",
      "pnl_per_event": -0.16525000045514024,
      "transaction_cost": 0.0
    }
  },
  "train_meta": {
    "final_loss": 0.04318808035925031,
    "steps": 10000
  }
}
