{
  "metrics": {
    "approachability": {
      "clip_eps": 1e-06,
      "curve": {
        "app_err": [
          0.07991934776306152,
          0.07991838097572326,
          0.09297913182526826,
          0.09962204588577152,
          0.10363258826266974,
          0.09964599347052475,
          0.09106090028836791,
          0.0896267294633435,
          0.08850682244584378,
          0.09560272431606427,
          0.09051440250001509,
          0.09626372174670299,
          0.09496507745057058,
          0.09958988245476835,
          0.09559802709737172,
          0.0946026440244168,
          0.0937243038865135,
          0.0929299660666018,
          0.08802805711588774,
          0.08562051272508689,
          0.0815355048486076,
          0.07782749286154285,
          0.07444009061214392,
          0.07133332134379695,
          0.07007838310487569,
          0.06891681982061038,
          0.06801529575277258,
          0.07557452244418009,
          0.07710072484509699,
          0.07719192298253377,
          0.07856214061860116,
          0.07735578179359436,
          0.07985382462992813,
          0.07867922025568345,
          0.07870992701394218,
          0.08206993030177222,
          0.08200734067607571,
          0.07984813389025236,
          0.0808734130859375,
          0.08084949803352356,
          0.08028748563408497
        ],
        "t": [
          25,
          50,
          75,
          100,
          125,
          150,
          175,
          200,
          225,
          250,
          275,
          300,
          325,
          350,
          375,
          400,
          425,
          450,
          475,
          500,
          525,
          550,
          575,
          600,
          625,
          650,
          675,
          700,
          725,
          750,
          775,
          800,
          825,
          850,
          875,
          900,
          925,
          950,
          975,
          1000,
          1007
        ]
      },
      "curve_every": 25,
      "curve_time_ts": [
        1755607189.2302961,
        1764489601.992749,
        1749230456.1648982,
        1757692801.088487,
        1758664802.233784,
        1766128211.475931,
        1732637173.121185,
        1724251359.9818292,
        1721059248.318618,
        1744013206.271193,
        1762876482.4426408,
        1746826759.137544,
        1732896480.239716,
        1733157619.963896,
        1744989926.194477,
        1750393469.3211122,
        1761753601.459714,
        1754501963.403122,
        1759961288.509166,
        1763269211.025377,
        1761248934.536551,
        1763226002.830776,
        1760377501.636529,
        1758837601.160341,
        1758816001.2131681,
        1762223105.6333618,
        1739387368.848027,
        1748032840.909587,
        1757716857.430743,
        1764781204.521163,
        1765645206.241966,
        1735924157.979765,
        1721339217.885109,
        1763571613.495424,
        1763830813.849674,
        1751846980.529997,
        1764091557.935233,
        1740286957.537361,
        1765457700.588395,
        1751156628.462006,
        1732575428.504298
      ],
      "eps": 0.0,
      "family": "group_bin_indicator",
      "final": {
        "app_err": 0.08028748563408497,
        "top_violations": [
          {
            "bin_hi": 1.0,
            "bin_idx": 19,
            "bin_lo": 0.9500000000000001,
            "coord": 19,
            "group": "crypto",
            "group_idx": 0,
            "mean_payoff": -0.08028748563408497,
            "violation": 0.08028748563408497
          },
          {
            "bin_hi": 0.05,
            "bin_idx": 0,
            "bin_lo": 0.0,
            "coord": 0,
            "group": "crypto",
            "group_idx": 0,
            "mean_payoff": 0.06620018567199529,
            "violation": 0.06620018567199529
          },
          {
            "bin_hi": 0.05,
            "bin_idx": 0,
            "bin_lo": 0.0,
            "coord": 20,
            "group": "politics",
            "group_idx": 1,
            "mean_payoff": 0.05633588308397248,
            "violation": 0.05633588308397248
          },
          {
            "bin_hi": 1.0,
            "bin_idx": 19,
            "bin_lo": 0.9500000000000001,
            "coord": 39,
            "group": "politics",
            "group_idx": 1,
            "mean_payoff": -0.04163926182816022,
            "violation": 0.04163926182816022
          },
          {
            "bin_hi": 1.0,
            "bin_idx": 19,
            "bin_lo": 0.9500000000000001,
            "coord": 59,
            "group": "sports",
            "group_idx": 2,
            "mean_payoff": -0.026770771615199796,
            "violation": 0.026770771615199796
          },
          {
            "bin_hi": 0.05,
            "bin_idx": 0,
            "bin_lo": 0.0,
            "coord": 40,
            "group": "sports",
            "group_idx": 2,
            "mean_payoff": 0.018732760823863562,
            "violation": 0.018732760823863562
          },
          {
            "bin_hi": 0.5,
            "bin_idx": 9,
            "bin_lo": 0.45,
            "coord": 9,
            "group": "crypto",
            "group_idx": 0,
            "mean_payoff": -0.0024825072631816996,
            "violation": 0.0024825072631816996
          },
          {
            "bin_hi": 0.5,
            "bin_idx": 9,
            "bin_lo": 0.45,
            "coord": 29,
            "group": "politics",
            "group_idx": 1,
            "mean_payoff": -0.0014895441042039222,
            "violation": 0.0014895441042039222
          },
          {
            "bin_hi": 0.55,
            "bin_idx": 10,
            "bin_lo": 0.5,
            "coord": 30,
            "group": "politics",
            "group_idx": 1,
            "mean_payoff": -0.0009930555846508825,
            "violation": 0.0009930555846508825
          },
          {
            "bin_hi": 0.55,
            "bin_idx": 10,
            "bin_lo": 0.5,
            "coord": 10,
            "group": "crypto",
            "group_idx": 0,
            "mean_payoff": -0.0004965900309391268,
            "violation": 0.0004965900309391268
          }
        ]
      },
      "group_cols": [
        "topic"
      ],
      "n": 1007,
      "n_bins": 20,
      "n_groups": 3,
      "pred_col": "pred_prob",
      "time_col": "createdAt",
      "y_col": "y"
    },
    "brier": 0.2975668714861409,
    "ece": 0.2964210922279753,
    "groups": {
      "topic": {
        "avg_abs_bias": 0.038311476202227565,
        "n_groups": 3,
        "worst_abs_bias": 0.05196728446121727
      }
    },
    "logloss": 2.023186689604501,
    "n": 1007,
    "trading": {
      "B": 1.0,
      "mode": "sign",
      "pnl_per_event": 0.1368128108348542,
      "transaction_cost": 0.0
    }
  }
}
