{
  "metrics": {
    "brier": 0.2490467413196466,
    "ece": 0.19805792742464914,
    "logloss": 0.6913819537865771,
    "n": 415,
    "trading": {
      "B": 1.0,
      "kelly": {
        "final_bankroll": 1.0508015198293686e-14,
        "n": 415,
        "roi": -0.9999999999999895
      },
      "mode": "sign",
      "pnl_per_event": 0.013026506079680634,
      "transaction_cost": 0.0
    }
  },
  "train_meta": {
    "final_loss": 0.4241757707577199,
    "steps": 2000
  }
}
