{
  "metrics": {
    "brier": 0.8581639590463039,
    "ece_top": 0.22414602057933805,
    "logloss": 1.6378373233982293,
    "n_eval": 10000,
    "sce": 0.2247260510429485
  },
  "train_meta": {
    "final_loss": 0.8168084448575974,
    "steps": 1000
  }
}
