{
  "ar": {
    "brier": 0.21078430767951953,
    "ece": 0.12535237586998849,
    "logloss": 0.6176561257044385
  },
  "hybrid": {
    "brier": 0.250996940477212,
    "ece": 0.21910154134035115,
    "logloss": 0.6951977492506236
  },
  "improvement": {
    "brier_pct": -19.077621688438267,
    "ece_pct": -74.78850306562703
  },
  "market": {
    "brier": 0.20409079538666805,
    "ece": 0.16071125029528052,
    "logloss": 0.5837825271588454
  },
  "n_test": 400,
  "n_train": 1600,
  "train_meta": {
    "final_loss": 0.2805651155114174,
    "steps": 5000
  }
}
