{
  "llm_meta": null,
  "models": [
    {
      "arb_profit": 0.0,
      "brier": 0.08969600001949105,
      "ece": 0.00042601490169764467,
      "logloss": 0.324248028160344,
      "n_eval": 100000,
      "name": "oracle",
      "sce": 0.0
    },
    {
      "arb_profit": 0.3999999910584092,
      "brier": 0.25,
      "ece": 0.00044999999999995044,
      "logloss": 0.6931471805599453,
      "n_eval": 100000,
      "name": "const_0.5",
      "sce": 0.15999999284672767
    },
    {
      "arb_profit": 0.16050520539104937,
      "brier": 0.11557990777816467,
      "ece": 0.1608852143326402,
      "logloss": 0.4057260124627927,
      "n_eval": 100000,
      "name": "diff_analytic_rho=0.95",
      "sce": 0.02576192095762384
    },
    {
      "arb_profit": 0.3999999910584092,
      "brier": 0.25,
      "ece": 0.00044999999999995044,
      "logloss": 0.6931471805599453,
      "n_eval": 100000,
      "name": "L_query_oracle(L=4)",
      "sce": 0.15999999284672767
    }
  ]
}
