{
  "llm_meta": null,
  "models": [
    {
      "arb_profit": 0.0,
      "brier": 0.08967000003740223,
      "ece": 0.0010075149051844829,
      "logloss": 0.3241766184610872,
      "n_eval": 80000,
      "name": "oracle",
      "sce": 0.0
    },
    {
      "arb_profit": 0.39999999105259776,
      "brier": 0.25,
      "ece": 0.001187500000000008,
      "logloss": 0.6931471805599453,
      "n_eval": 80000,
      "name": "const_0.5",
      "sce": 0.15999999284207853
    },
    {
      "arb_profit": 0.26052859424203634,
      "brier": 0.15776008914745113,
      "ece": 0.2609411031894386,
      "logloss": 0.5041840542953273,
      "n_eval": 80000,
      "name": "diff_analytic_rho=0.9",
      "sce": 0.0678751484177325
    },
    {
      "arb_profit": 0.39999999105259776,
      "brier": 0.25,
      "ece": 0.001187500000000008,
      "logloss": 0.6931471805599453,
      "n_eval": 80000,
      "name": "L_query_oracle(L=4)",
      "sce": 0.15999999284207853
    }
  ]
}
