{
  "metrics": {
    "brier": 0.8662932338435266,
    "ece_top": 0.23211800571531058,
    "logloss": 1.6604927799382896,
    "n_eval": 4000,
    "sce": 0.2289829542053157
  },
  "train_meta": {
    "final_loss": 0.821629809141159,
    "steps": 500
  }
}
