{
  "llm_meta": null,
  "models": [
    {
      "arb_profit": 0.39999999131560326,
      "brier": 0.25,
      "ece": 0.0038000000000000256,
      "gcal_S": 0.4000000059604645,
      "gcal_S_argmax_key": 4,
      "logloss": 0.6931471805599454,
      "n_eval": 5000,
      "name": "AR-intrinsic",
      "sce": 0.1599999930524829
    },
    {
      "arb_profit": 0.052501678466796875,
      "brier": 0.0938684218458092,
      "ece": 0.050901687151193614,
      "gcal_S": 0.052501678466796875,
      "gcal_S_argmax_key": 4,
      "logloss": 0.3397219308472003,
      "n_eval": 5000,
      "name": "Diffusion-intrinsic",
      "sce": 0.0027564262418309227
    },
    {
      "arb_profit": 0.33085035709142685,
      "brier": 0.2055896074600176,
      "ece": 0.1538912836253643,
      "gcal_S": 0.5607142448425293,
      "gcal_S_argmax_key": 9599,
      "logloss": 0.6020960840713254,
      "n_eval": 5000,
      "name": "AR+post",
      "sce": 0.11468249202151419
    },
    {
      "arb_profit": 0.04051873085796833,
      "brier": 0.09595578700565707,
      "ece": 0.03907974232137205,
      "gcal_S": 0.3305555582046509,
      "gcal_S_argmax_key": 12692,
      "logloss": 0.3433338041182061,
      "n_eval": 5000,
      "name": "Diffusion+post",
      "sce": 0.004471099832900269
    }
  ]
}
