{
  "metrics": {
    "brier": 0.3635107793387389,
    "ece": 0.4087590868920088,
    "groups": {
      "ttc_q5": {
        "avg_abs_bias": 0.4087590868920088,
        "n_groups": 5,
        "worst_abs_bias": 0.48542699717609994
      },
      "volume_q5": {
        "avg_abs_bias": 0.4087590868920088,
        "n_groups": 5,
        "worst_abs_bias": 0.4291702501449106
      }
    },
    "logloss": 0.9376164045829232,
    "n": 4000,
    "trading": {
      "B": 1.0,
      "kelly": {
        "final_bankroll": 8.09622480770277e-244,
        "n": 4000,
        "roi": -1.0
      },
      "mode": "sign",
      "pnl_per_event": -0.15891500023817934,
      "transaction_cost": 0.0
    }
  },
  "train_meta": {
    "final_loss": 0.01464146459242329,
    "steps": 15000
  }
}
