{
  "impact_model": {
    "name": "almgren_chriss_conservative",
    "regime": "average",
    "base_fill_prob": 0.75,
    "fill_size_decay": 0.12,
    "fill_spread_sensitivity": 2.0,
    "permanent_impact": 0.0015,
    "temporary_impact": 0.008,
    "impact_power": 0.6,
    "adverse_selection": 0.08,
    "adverse_selection_decay": 0.5,
    "mev_extraction_rate": 0.0,
    "reorder_probability": 0.0,
    "block_delay_cost": 0.0,
    "base_liquidity": 10000.0,
    "liquidity_price_factor": 2.0,
    "exit_spread": 0.03,
    "exit_impact_mult": 1.5,
    "stress_multiplier": 1.0
  },
  "best_params": {
    "spread_threshold": 0.05335810916034027,
    "n_bins": 7,
    "kelly_fraction": 0.47560685536716363,
    "max_position_pct": 0.1840577584603891,
    "fee": 0.025361130880499905
  },
  "optimization_sharpe": 948493184912.0524,
  "final_evaluation": {
    "mean_sharpe": 9.78219439394783,
    "std_sharpe": 2.4555778511936572,
    "min_sharpe": 5.697542870115075,
    "p5_sharpe": 6.620920126818103,
    "p25_sharpe": 8.430957011785257,
    "median_sharpe": 9.34990131016172,
    "mean_return": 2814.147863851962,
    "mean_fill_rate": 0.0017341673182173572,
    "mean_drawdown": 0.002898313591731529,
    "mean_impact_cost": 0.1813902447537903,
    "mean_mev_cost": 0.0,
    "mean_as_cost": 0.2584675069167295,
    "n_simulations": 50,
    "impact_model": "almgren_chriss_conservative",
    "regime": "average"
  },
  "all_trials": [
    {
      "number": 0,
      "value": 8.934905918125116,
      "params": {
        "spread_threshold": 0.062435616638630745,
        "n_bins": 24,
        "kelly_fraction": 0.3793972738151323,
        "max_position_pct": 0.15769145136531842,
        "fee": 0.008900466011060912
      }
    },
    {
      "number": 1,
      "value": 17.05152984262394,
      "params": {
        "spread_threshold": 0.03183923284706837,
        "n_bins": 6,
        "kelly_fraction": 0.4397792655987208,
        "max_position_pct": 0.15825645270093802,
        "fee": 0.022701814444901137
      }
    },
    {
      "number": 2,
      "value": 11.30571250068136,
      "params": {
        "spread_threshold": 0.012881829201412343,
        "n_bins": 25,
        "kelly_fraction": 0.4245991883601898,
        "max_position_pct": 0.06883799545600351,
        "fee": 0.009545624180177514
      }
    },
    {
      "number": 3,
      "value": 15.984247685059048,
      "params": {
        "spread_threshold": 0.03567663137948073,
        "n_bins": 11,
        "kelly_fraction": 0.28614039423450705,
        "max_position_pct": 0.11934735428768663,
        "fee": 0.012280728504951047
      }
    },
    {
      "number": 4,
      "value": 17.865962031360077,
      "params": {
        "spread_threshold": 0.09565940526113312,
        "n_bins": 7,
        "kelly_fraction": 0.1814650918408482,
        "max_position_pct": 0.1042632239575491,
        "fee": 0.016401749605425897
      }
    },
    {
      "number": 5,
      "value": 8.183646425792093,
      "params": {
        "spread_threshold": 0.11992463459502188,
        "n_bins": 9,
        "kelly_fraction": 0.28140549728612524,
        "max_position_pct": 0.15625535083826977,
        "fee": 0.006161260317999943
      }
    },
    {
      "number": 6,
      "value": 9.909853826072155,
      "params": {
        "spread_threshold": 0.09505627926620136,
        "n_bins": 8,
        "kelly_fraction": 0.0792732168433758,
        "max_position_pct": 0.23824367356826665,
        "fee": 0.02914080082686398
      }
    },
    {
      "number": 7,
      "value": 12.134850213651054,
      "params": {
        "spread_threshold": 0.12317562873630454,
        "n_bins": 11,
        "kelly_fraction": 0.09395245130287275,
        "max_position_pct": 0.17737359609779607,
        "fee": 0.01600381234349003
      }
    },
    {
      "number": 8,
      "value": 7.968099815646489,
      "params": {
        "spread_threshold": 0.027085352878269034,
        "n_bins": 15,
        "kelly_fraction": 0.06547483450184828,
        "max_position_pct": 0.2291436924781199,
        "fee": 0.011469499540000422
      }
    },
    {
      "number": 9,
      "value": 19.019297912716507,
      "params": {
        "spread_threshold": 0.10275311980955747,
        "n_bins": 11,
        "kelly_fraction": 0.28403060953001485,
        "max_position_pct": 0.14574336424895432,
        "fee": 0.009621361388138176
      }
    },
    {
      "number": 10,
      "value": 11.656939651710358,
      "params": {
        "spread_threshold": 0.1447850144520564,
        "n_bins": 17,
        "kelly_fraction": 0.19540699002603623,
        "max_position_pct": 0.02413123139140852,
        "fee": 0.021296663769454466
      }
    },
    {
      "number": 11,
      "value": 13.334094858531612,
      "params": {
        "spread_threshold": 0.08145556629697263,
        "n_bins": 5,
        "kelly_fraction": 0.19153905456426484,
        "max_position_pct": 0.09700289053134434,
        "fee": 0.01610851483391868
      }
    },
    {
      "number": 12,
      "value": 9.956864851777082,
      "params": {
        "spread_threshold": 0.1026568851920904,
        "n_bins": 13,
        "kelly_fraction": 0.19444329570964444,
        "max_position_pct": 0.0738471455940328,
        "fee": 0.02050408313023787
      }
    },
    {
      "number": 13,
      "value": 10.885760524665365,
      "params": {
        "spread_threshold": 0.0652021717474567,
        "n_bins": 19,
        "kelly_fraction": 0.3543605238734836,
        "max_position_pct": 0.1202536294115622,
        "fee": 0.005175490948921687
      }
    },
    {
      "number": 14,
      "value": 11.6437531737741,
      "params": {
        "spread_threshold": 0.11264439530881774,
        "n_bins": 10,
        "kelly_fraction": 0.14240286352394307,
        "max_position_pct": 0.19904692227208484,
        "fee": 0.014123244170113843
      }
    },
    {
      "number": 15,
      "value": 15.383414135583871,
      "params": {
        "spread_threshold": 0.1451972405618763,
        "n_bins": 7,
        "kelly_fraction": 0.4982074392863459,
        "max_position_pct": 0.038046348542359526,
        "fee": 0.027242047308406764
      }
    },
    {
      "number": 16,
      "value": 9.474873603148005,
      "params": {
        "spread_threshold": 0.08425502692290338,
        "n_bins": 13,
        "kelly_fraction": 0.25307545161424566,
        "max_position_pct": 0.09603332363662496,
        "fee": 0.017427134840271315
      }
    },
    {
      "number": 17,
      "value": 12.047511728039657,
      "params": {
        "spread_threshold": 0.057824356837236336,
        "n_bins": 20,
        "kelly_fraction": 0.3272479639213409,
        "max_position_pct": 0.2058551879228478,
        "fee": 0.023808949797041665
      }
    },
    {
      "number": 18,
      "value": 9.370642255947232,
      "params": {
        "spread_threshold": 0.1281659757363316,
        "n_bins": 13,
        "kelly_fraction": 0.23684297736348503,
        "max_position_pct": 0.11950163564514045,
        "fee": 0.008444043592220294
      }
    },
    {
      "number": 19,
      "value": 11.898777353120659,
      "params": {
        "spread_threshold": 0.09827892835502888,
        "n_bins": 5,
        "kelly_fraction": 0.1466548051403523,
        "max_position_pct": 0.061297883297308564,
        "fee": 0.018975621345000714
      }
    },
    {
      "number": 20,
      "value": 7.974327027882804,
      "params": {
        "spread_threshold": 0.07080004581185576,
        "n_bins": 8,
        "kelly_fraction": 0.3241669802947307,
        "max_position_pct": 0.13956207891633268,
        "fee": 0.012996814339922193
      }
    },
    {
      "number": 21,
      "value": 32.871010418509286,
      "params": {
        "spread_threshold": 0.04850568915373375,
        "n_bins": 6,
        "kelly_fraction": 0.4887457799327703,
        "max_position_pct": 0.173074509415574,
        "fee": 0.02377493090031315
      }
    },
    {
      "number": 22,
      "value": 948493184912.0524,