{
  "llm_meta": {
    "K": 1,
    "L": 4,
    "aggregate": "mean",
    "max_new_tokens_used": 64,
    "n": 13312,
    "parse_failures": 129
  },
  "models": [
    {
      "arb_profit": 0.43493164503524895,
      "brier": 0.44303661619446966,
      "ece": 0.4326855398066982,
      "gcal_S": 0.8779999812444051,
      "gcal_S_argmax_key": 47,
      "logloss": 1.751942725924817,
      "n_eval": 1024,
      "name": "AR-intrinsic",
      "sce": 0.3461831031311016
    },
    {
      "arb_profit": 0.10596324456855655,
      "brier": 0.1004242044655399,
      "ece": 0.10733044147491458,
      "gcal_S": 0.10596325993537903,
      "gcal_S_argmax_key": 1,
      "logloss": 0.36372380923062764,
      "n_eval": 1024,
      "name": "Diffusion-intrinsic",
      "sce": 0.01122820919949595
    },
    {
      "arb_profit": 0.03546676124278747,
      "brier": 0.09249660492988082,
      "ece": 0.03776976632252625,
      "gcal_S": 0.07334819212555885,
      "gcal_S_argmax_key": 42,
      "logloss": 0.3353713412516345,
      "n_eval": 1024,
      "name": "AR+post",
      "sce": 0.0029912659852090306
    },
    {
      "arb_profit": 0.016259730524325278,
      "brier": 0.08943397221805616,
      "ece": 0.03187317048286788,
      "gcal_S": 0.05460198596119881,
      "gcal_S_argmax_key": 44,
      "logloss": 0.3254018819119283,
      "n_eval": 1024,
      "name": "Diffusion+post",
      "sce": 0.0004420307247865212
    }
  ]
}
