{
  "metrics": {
    "approachability": {
      "clip_eps": 1e-06,
      "curve": {
        "app_err": [
          0.354917151927948,
          0.355058057308197,
          0.2878781962394714,
          0.3234543097019196,
          0.3216237440109253,
          0.3136511965592702,
          0.3363484403065273,
          0.34344153612852096,
          0.349068329334259,
          0.34954465603828433,
          0.3463960768959739,
          0.34383009711901347,
          0.35983198991188636,
          0.3453422462940216,
          0.3407128731409709,
          0.33669481351971625,
          0.33302453489864575,
          0.3406641251511044,
          0.3331538153949537,
          0.3203936927318573,
          0.31260154667354767,
          0.3019846114245328,
          0.2921948072184687,
          0.28494393239418664,
          0.2735268551826477,
          0.2767651553337391,
          0.2809519851649249,
          0.2948604131596429,
          0.3036734388614523,
          0.31054004637400306,
          0.3131505658549647,
          0.31308420456945896,
          0.3191674783735564,
          0.3201555938580457,
          0.32563285391671315,
          0.33292912357383303,
          0.3345104863192584,
          0.33080329600133396,
          0.33644209317671947,
          0.33491546648740766,
          0.33258735500239095
        ],
        "t": [
          25,
          50,
          75,
          100,
          125,
          150,
          175,
          200,
          225,
          250,
          275,
          300,
          325,
          350,
          375,
          400,
          425,
          450,
          475,
          500,
          525,
          550,
          575,
          600,
          625,
          650,
          675,
          700,
          725,
          750,
          775,
          800,
          825,
          850,
          875,
          900,
          925,
          950,
          975,
          1000,
          1007
        ]
      },
      "curve_every": 25,
      "curve_time_ts": [
        1755607189.2302961,
        1764489601.992749,
        1749230456.1648982,
        1757692801.088487,
        1758664802.233784,
        1766128211.475931,
        1732637173.121185,
        1724251359.9818292,
        1721059248.318618,
        1744013206.271193,
        1762876482.4426408,
        1746826759.137544,
        1732896480.239716,
        1733157619.963896,
        1744989926.194477,
        1750393469.3211122,
        1761753601.459714,
        1754501963.403122,
        1759961288.509166,
        1763269211.025377,
        1761248934.536551,
        1763226002.830776,
        1760377501.636529,
        1758837601.160341,
        1758816001.2131681,
        1762223105.6333618,
        1739387368.848027,
        1748032840.909587,
        1757716857.430743,
        1764781204.521163,
        1765645206.241966,
        1735924157.979765,
        1721339217.885109,
        1763571613.495424,
        1763830813.849674,
        1751846980.529997,
        1764091557.935233,
        1740286957.537361,
        1765457700.588395,
        1751156628.462006,
        1732575428.504298
      ],
      "eps": 0.0,
      "family": "group_bin_indicator",
      "final": {
        "app_err": 0.33258735500239095,
        "top_violations": [
          {
            "bin_hi": 1.0,
            "bin_idx": 19,
            "bin_lo": 0.9500000000000001,
            "coord": 19,
            "group": "crypto",
            "group_idx": 0,
            "mean_payoff": -0.33258735500239095,
            "violation": 0.33258735500239095
          },
          {
            "bin_hi": 1.0,
            "bin_idx": 19,
            "bin_lo": 0.9500000000000001,
            "coord": 39,
            "group": "politics",
            "group_idx": 1,
            "mean_payoff": -0.23617965444670888,
            "violation": 0.23617965444670888
          },
          {
            "bin_hi": 1.0,
            "bin_idx": 19,
            "bin_lo": 0.9500000000000001,
            "coord": 59,
            "group": "sports",
            "group_idx": 2,
            "mean_payoff": -0.13061868191475665,
            "violation": 0.13061868191475665
          },
          {
            "bin_hi": 0.9500000000000001,
            "bin_idx": 18,
            "bin_lo": 0.9,
            "coord": 18,
            "group": "crypto",
            "group_idx": 0,
            "mean_payoff": -0.006289082818850505,
            "violation": 0.006289082818850505
          },
          {
            "bin_hi": 0.9500000000000001,
            "bin_idx": 18,
            "bin_lo": 0.9,
            "coord": 38,
            "group": "politics",
            "group_idx": 1,
            "mean_payoff": -0.004525580141016365,
            "violation": 0.004525580141016365
          },
          {
            "bin_hi": 0.9,
            "bin_idx": 17,
            "bin_lo": 0.8500000000000001,
            "coord": 17,
            "group": "crypto",
            "group_idx": 0,
            "mean_payoff": -0.004289830808251238,
            "violation": 0.004289830808251238
          },
          {
            "bin_hi": 0.9500000000000001,
            "bin_idx": 18,
            "bin_lo": 0.9,
            "coord": 58,
            "group": "sports",
            "group_idx": 2,
            "mean_payoff": -0.0027148131699169047,
            "violation": 0.0027148131699169047
          },
          {
            "bin_hi": 0.9,
            "bin_idx": 17,
            "bin_lo": 0.8500000000000001,
            "coord": 57,
            "group": "sports",
            "group_idx": 2,
            "mean_payoff": -0.0017116661696827044,
            "violation": 0.0017116661696827044
          },
          {
            "bin_hi": 0.8500000000000001,
            "bin_idx": 16,
            "bin_lo": 0.8,
            "coord": 16,
            "group": "crypto",
            "group_idx": 0,
            "mean_payoff": -0.001672245895022077,
            "violation": 0.001672245895022077
          },
          {
            "bin_hi": 0.9,
            "bin_idx": 17,
            "bin_lo": 0.8500000000000001,
            "coord": 37,
            "group": "politics",
            "group_idx": 1,
            "mean_payoff": -0.0015460731611469652,
            "violation": 0.0015460731611469652
          }
        ]
      },
      "group_cols": [
        "topic"
      ],
      "n": 1007,
      "n_bins": 20,
      "n_groups": 3,
      "pred_col": "pred_prob",
      "time_col": "createdAt",
      "y_col": "y"
    },
    "brier": 0.7173600725581284,
    "ece": 0.7254070750592128,
    "groups": {
      "topic": {
        "avg_abs_bias": 0.7253641983662485,
        "n_groups": 3,
        "worst_abs_bias": 0.7837797497000013
      }
    },
    "logloss": 3.2412795900326152,
    "n": 1007,
    "trading": {
      "B": 1.0,
      "mode": "sign",
      "pnl_per_event": -0.16416931505242868,
      "transaction_cost": 0.0
    }
  }
}
