{
  "metrics": {
    "approachability": {
      "clip_eps": 1e-06,
      "curve": {
        "app_err": [
          0.3127228116989136,
          0.2949060535430908,
          0.2481777779261271,
          0.2645707792043686,
          0.25884476327896117,
          0.25469927151997884,
          0.28027161938803535,
          0.2797574809193611,
          0.29267719083362154,
          0.30271797060966493,
          0.29679956978017635,
          0.2983964482943217,
          0.31478964016987726,
          0.30357858777046204,
          0.29654333845774333,
          0.29287234261631967,
          0.28947391103295717,
          0.29313124484486053,
          0.28602161997242975,
          0.27366600608825686,
          0.2624827001208351,
          0.254108624458313,
          0.2464810986104219,
          0.2411431113878886,
          0.23149738693237304,
          0.2255794111581949,
          0.221592355215991,
          0.22038089786257062,
          0.23033595816842442,
          0.2357864826520284,
          0.23706885153247464,
          0.23699013210833073,
          0.2405274105794502,
          0.24275573926813462,
          0.24811142901011876,
          0.24998311678568522,
          0.25171939031497853,
          0.24918769171363428,
          0.2519328078856835,
          0.25054300147295,
          0.24880139173083415
        ],
        "t": [
          25,
          50,
          75,
          100,
          125,
          150,
          175,
          200,
          225,
          250,
          275,
          300,
          325,
          350,
          375,
          400,
          425,
          450,
          475,
          500,
          525,
          550,
          575,
          600,
          625,
          650,
          675,
          700,
          725,
          750,
          775,
          800,
          825,
          850,
          875,
          900,
          925,
          950,
          975,
          1000,
          1007
        ]
      },
      "curve_every": 25,
      "curve_time_ts": [
        1755607189.2302961,
        1764489601.992749,
        1749230456.1648982,
        1757692801.088487,
        1758664802.233784,
        1766128211.475931,
        1732637173.121185,
        1724251359.9818292,
        1721059248.318618,
        1744013206.271193,
        1762876482.4426408,
        1746826759.137544,
        1732896480.239716,
        1733157619.963896,
        1744989926.194477,
        1750393469.3211122,
        1761753601.459714,
        1754501963.403122,
        1759961288.509166,
        1763269211.025377,
        1761248934.536551,
        1763226002.830776,
        1760377501.636529,
        1758837601.160341,
        1758816001.2131681,
        1762223105.6333618,
        1739387368.848027,
        1748032840.909587,
        1757716857.430743,
        1764781204.521163,
        1765645206.241966,
        1735924157.979765,
        1721339217.885109,
        1763571613.495424,
        1763830813.849674,
        1751846980.529997,
        1764091557.935233,
        1740286957.537361,
        1765457700.588395,
        1751156628.462006,
        1732575428.504298
      ],
      "eps": 0.0,
      "family": "group_bin_indicator",
      "final": {
        "app_err": 0.24880139173083415,
        "top_violations": [
          {
            "bin_hi": 1.0,
            "bin_idx": 19,
            "bin_lo": 0.9500000000000001,
            "coord": 19,
            "group": "crypto",
            "group_idx": 0,
            "mean_payoff": -0.24880139173083415,
            "violation": 0.24880139173083415
          },
          {
            "bin_hi": 1.0,
            "bin_idx": 19,
            "bin_lo": 0.9500000000000001,
            "coord": 39,
            "group": "politics",
            "group_idx": 1,
            "mean_payoff": -0.19642592725356026,
            "violation": 0.19642592725356026
          },
          {
            "bin_hi": 1.0,
            "bin_idx": 19,
            "bin_lo": 0.9500000000000001,
            "coord": 59,
            "group": "sports",
            "group_idx": 2,
            "mean_payoff": -0.09808426142449175,
            "violation": 0.09808426142449175
          },
          {
            "bin_hi": 0.9500000000000001,
            "bin_idx": 18,
            "bin_lo": 0.9,
            "coord": 18,
            "group": "crypto",
            "group_idx": 0,
            "mean_payoff": -0.01969323772659605,
            "violation": 0.01969323772659605
          },
          {
            "bin_hi": 0.9500000000000001,
            "bin_idx": 18,
            "bin_lo": 0.9,
            "coord": 38,
            "group": "politics",
            "group_idx": 1,
            "mean_payoff": -0.010883427009563578,
            "violation": 0.010883427009563578
          },
          {
            "bin_hi": 0.5,
            "bin_idx": 9,
            "bin_lo": 0.45,
            "coord": 9,
            "group": "crypto",
            "group_idx": 0,
            "mean_payoff": -0.009902750990004856,
            "violation": 0.009902750990004856
          },
          {
            "bin_hi": 0.9,
            "bin_idx": 17,
            "bin_lo": 0.8500000000000001,
            "coord": 17,
            "group": "crypto",
            "group_idx": 0,
            "mean_payoff": -0.007634191254991761,
            "violation": 0.007634191254991761
          },
          {
            "bin_hi": 0.9500000000000001,
            "bin_idx": 18,
            "bin_lo": 0.9,
            "coord": 58,
            "group": "sports",
            "group_idx": 2,
            "mean_payoff": -0.007393297514588735,
            "violation": 0.007393297514588735
          },
          {
            "bin_hi": 0.5,
            "bin_idx": 9,
            "bin_lo": 0.45,
            "coord": 49,
            "group": "sports",
            "group_idx": 2,
            "mean_payoff": -0.006280224248692911,
            "violation": 0.006280224248692911
          },
          {
            "bin_hi": 0.5,
            "bin_idx": 9,
            "bin_lo": 0.45,
            "coord": 29,
            "group": "politics",
            "group_idx": 1,
            "mean_payoff": -0.005624061159959734,
            "violation": 0.005624061159959734
          }
        ]
      },
      "group_cols": [
        "topic"
      ],
      "n": 1007,
      "n_bins": 20,
      "n_groups": 3,
      "pred_col": "pred_prob",
      "time_col": "createdAt",
      "y_col": "y"
    },
    "brier": 0.6361164689936271,
    "ece": 0.6357765210769994,
    "groups": {
      "topic": {
        "avg_abs_bias": 0.6222410481114472,
        "n_groups": 3,
        "worst_abs_bias": 0.6765917810265507
      }
    },
    "logloss": 2.8712118342794386,
    "n": 1007,
    "trading": {
      "B": 1.0,
      "mode": "sign",
      "pnl_per_event": -0.12699354542054,
      "transaction_cost": 0.0
    }
  }
}
