{
  "llm_meta": null,
  "models": [
    {
      "arb_profit": 0.0,
      "brier": 0.0911359999960664,
      "ece": 0.0014199910265207268,
      "logloss": 0.3282030322694124,
      "n_eval": 50000,
      "name": "oracle",
      "sce": 0.0
    },
    {
      "arb_profit": 0.39999999102652073,
      "brier": 0.25,
      "ece": 0.0016000000000000458,
      "logloss": 0.6931471805599453,
      "n_eval": 50000,
      "name": "const_0.5",
      "sce": 0.15999999282121688
    },
    {
      "arb_profit": 0.05610778921246529,
      "brier": 0.09412473884887604,
      "ece": 0.05468779818594456,
      "logloss": 0.3408745322483728,
      "n_eval": 50000,
      "name": "diff_analytic_rho=0.985",
      "sce": 0.0031480840103113236
    },
    {
      "arb_profit": 0.39999999102652073,
      "brier": 0.25,
      "ece": 0.0016000000000000458,
      "logloss": 0.6931471805599453,
      "n_eval": 50000,
      "name": "L_query_oracle(L=6)",
      "sce": 0.15999999282121688
    }
  ]
}
