{
  "baselines": {
    "constant_0.5": {
      "bayes_brier": 0.2393176257610321,
      "brier": 0.25,
      "correlation_with_truth": NaN,
      "ece": 0.050999999046325684,
      "excess_brier": 0.010682374238967896,
      "mse_to_truth": 0.010099193426308231,
      "n": 1000
    },
    "oracle": {
      "bayes_brier": 0.2393176257610321,
      "brier": 0.2393176257610321,
      "correlation_with_truth": 1.0,
      "ece": 0.01811623993515968,
      "excess_brier": 0.0,
      "mse_to_truth": 0.0,
      "n": 1000
    },
    "prior": {
      "base_rate": 0.47877776622772217,
      "bayes_brier": 0.2393176257610321,
      "brier": 0.24828571536151287,
      "correlation_with_truth": NaN,
      "ece": 0.02977776527404785,
      "excess_brier": 0.008968089600480761,
      "mse_to_truth": 0.009142106763926775,
      "n": 1000
    }
  },
  "headlines_sample": [
    "Will Suns vs. Nuggets end in a draw?",
    "Will Celtics score more than 3 goals against Warriors?",
    "Will BNB be above $118000 on 2024-09?",
    "Will Cloud9 beat G2 in World Cup?",
    "Will Ethereum market cap exceed $673B?"
  ],
  "n_test": 1000,
  "n_train": 9000,
  "spec": {
    "n_factors": 5,
    "n_samples": 10000,
    "noise": 0.2,
    "structure": "adversarial"
  }
}
