{
  "metrics": {
    "brier": 0.4713453495336845,
    "ece": 0.5241575796008111,
    "groups": {
      "ttc_q5": {
        "avg_abs_bias": 0.524157579600811,
        "n_groups": 5,
        "worst_abs_bias": 0.5995303974282906
      },
      "volume_q5": {
        "avg_abs_bias": 0.524157579600811,
        "n_groups": 5,
        "worst_abs_bias": 0.5453373843832955
      }
    },
    "logloss": 1.2348520587343974,
    "n": 4000,
    "trading": {
      "B": 1.0,
      "kelly": {
        "final_bankroll": 6.841265965423784e-258,
        "n": 4000,
        "roi": -1.0
      },
      "mode": "sign",
      "pnl_per_event": -0.1662675003788463,
      "transaction_cost": 0.0
    }
  },
  "train_meta": {
    "final_loss": 0.0125981367030181,
    "steps": 12000
  }
}
