{
  "ar": {
    "external_regret": 0.5198400000008405,
    "gap": 0.0,
    "per_round": {
      "external": 5.198400000008405e-06,
      "swap": 5.198400000008405e-06
    },
    "swap_regret": 0.5198400000008405
  },
  "comparison": {
    "diff_wins_external": true,
    "diff_wins_swap": false,
    "external_ratio": 519840000.0008405,
    "swap_ratio": 0.00028323627376564673
  },
  "diffusion": {
    "external_regret": -14231.488873852706,
    "gap": 16066.847011740661,
    "per_round": {
      "external": -0.14231488873852707,
      "swap": 0.018353581378879553
    },
    "swap_regret": 1835.3581378879553
  },
  "spec": {
    "L_ar": 4,
    "alpha": 0.8,
    "d": 20,
    "k": 8,
    "n_samples": 100000,
    "rho_diff": 0.95
  }
}
