{
  "llm_meta": null,
  "models": [
    {
      "arb_profit": 0.3999999909341335,
      "brier": 0.25,
      "ece": 0.0014000000000000123,
      "gcal_S": 0.4000000059604645,
      "gcal_S_argmax_key": 1,
      "logloss": 0.6931471805599454,
      "n_eval": 5000,
      "name": "AR-intrinsic",
      "sce": 0.1599999927473071
    },
    {
      "arb_profit": 0.18385596560835837,
      "brier": 0.12449468030445168,
      "ece": 0.18225597467422489,
      "gcal_S": 0.18385598063468933,
      "gcal_S_argmax_key": 1,
      "logloss": 0.42789607460686946,
      "n_eval": 5000,
      "name": "Diffusion-intrinsic",
      "sce": 0.03380301608978208
    },
    {
      "arb_profit": 0.21401328411251305,
      "brier": 0.14310853382566172,
      "ece": 0.19350844859629868,
      "gcal_S": 0.5041666030883789,
      "gcal_S_argmax_key": 101,
      "logloss": 0.4667989504713653,
      "n_eval": 5000,
      "name": "AR+post",
      "sce": 0.052351110461664234
    },
    {
      "arb_profit": 0.09177171108722687,
      "brier": 0.10396797500205514,
      "ece": 0.09301171943545343,
      "gcal_S": 0.34791669249534607,
      "gcal_S_argmax_key": 2790,
      "logloss": 0.36893896557424116,
      "n_eval": 5000,
      "name": "Diffusion+post",
      "sce": 0.01274589224564589
    }
  ]
}
