{
  "results": [
    {
      "mse": 0.0,
      "n": 10000,
      "name": "oracle",
      "static_arbitrage": {
        "M": 39,
        "curve": {
          "app_err": [
            0.0,
            0.0,
            0.0,
            0.0,
            0.0,
            0.0,
            0.0,
            0.0,
            0.0,
            0.0,
            0.0,
            0.0,
            0.0,
            0.0,
            0.0,
            0.0,
            0.0,
            0.0,
            0.0,
            0.0,
            0.0,
            0.0,
            0.0,
            0.0,
            0.0,
            0.0,
            0.0,
            0.0,
            0.0,
            0.0,
            0.0,
            0.0,
            0.0,
            0.0,
            0.0,
            0.0,
            0.0,
            0.0,
            0.0,
            0.0,
            0.0,
            0.0,
            0.0,
            0.0,
            0.0,
            0.0,
            0.0,
            0.0,
            0.0,
            0.0
          ],
          "t": [
            200,
            400,
            600,
            800,
            1000,
            1200,
            1400,
            1600,
            1800,
            2000,
            2200,
            2400,
            2600,
            2800,
            3000,
            3200,
            3400,
            3600,
            3800,
            4000,
            4200,
            4400,
            4600,
            4800,
            5000,
            5200,
            5400,
            5600,
            5800,
            6000,
            6200,
            6400,
            6600,
            6800,
            7000,
            7200,
            7400,
            7600,
            7800,
            8000,
            8200,
            8400,
            8600,
            8800,
            9000,
            9200,
            9400,
            9600,
            9800,
            10000
          ]
        },
        "final_app_err": 0.0,
        "frac_any_violated": 0.0,
        "mean_pos": 0.0,
        "structure": "chain"
      }
    },
    {
      "mse": 0.00385675176539596,
      "n": 10000,
      "name": "diff(steps=8,mc=16)",
      "static_arbitrage": {
        "M": 39,
        "curve": {
          "app_err": [
            2.7652382850646973e-05,
            4.679232835769653e-05,
            4.094744722048441e-05,
            4.469040781259537e-05,
            5.776673555374145e-05,
            5.588730176289876e-05,
            5.1190320934568136e-05,
            5.052626132965088e-05,
            5.5011676417456734e-05,
            6.259126961231232e-05,
            6.110082973133433e-05,
            5.8337425192197166e-05,
            5.867685262973492e-05,
            5.7111989174570354e-05,
            5.8025161425272625e-05,
            5.5013149976730345e-05,
            5.564582698485431e-05,
            5.5100727412435744e-05,
            5.788917604245638e-05,
            5.9303998947143556e-05,
            5.6619182938621155e-05,
            5.424470386721871e-05,
            5.358823615571727e-05,
            5.2850047747294105e-05,
            5.136941075325012e-05,
            5.445046493640313e-05,
            5.2934162042759085e-05,
            5.150226610047477e-05,
            5.1283985376358034e-05,
            5.008997519810994e-05,
            4.9102806275890716e-05,
            4.942745435982942e-05,
            4.84319527943929e-05,
            4.8009257982758915e-05,
            4.671445063182286e-05,
            4.6635506053765614e-05,
            4.6733190884461274e-05,
            4.7479362079971715e-05,
            4.658917968089764e-05,
            4.5530207455158235e-05,
            4.643563817187053e-05,
            4.654422402381897e-05,
            4.643041034077489e-05,
            4.59932264956561e-05,
            4.580330186420017e-05,
            4.5199015218278635e-05,
            4.663855788555551e-05,
            4.710975723961989e-05,
            4.8817973964068356e-05,
            4.884640872478485e-05
          ],
          "t": [
            200,
            400,
            600,
            800,
            1000,
            1200,
            1400,
            1600,
            1800,
            2000,
            2200,
            2400,
            2600,
            2800,
            3000,
            3200,
            3400,
            3600,
            3800,
            4000,
            4200,
            4400,
            4600,
            4800,
            5000,
            5200,
            5400,
            5600,
            5800,
            6000,
            6200,
            6400,
            6600,
            6800,
            7000,
            7200,
            7400,
            7600,
            7800,
            8000,
            8200,
            8400,
            8600,
            8800,
            9000,
            9200,
            9400,
            9600,
            9800,
            10000
          ]
        },
        "final_app_err": 4.884640872478485e-05,
        "frac_any_violated": 0.067,
        "mean_pos": 5.4690804236974475e-06,
        "structure": "chain"
      }
    },
    {
      "mse": 0.0037034908122095447,
      "n": 10000,
      "name": "diff(steps=16,mc=16)",
      "static_arbitrage": {
        "M": 39,
        "curve": {
          "app_err": [
            0.00012342929840087892,
            0.00014103524386882782,
            0.00013100395600001017,
            0.00014493484050035477,
            0.00013857796788215636,
            0.0001362301657597224,
            0.0001297785767487117,
            0.00011674266308546066,
            0.00012626868155267505,
            0.00013085357844829559,
            0.00012690237977287986,
            0.00012338366359472276,
            0.00012150994860208952,
            0.00012195917112486703,
            0.00012347244222958882,
            0.00012176880612969398,
            0.00012095672242781695,
            0.00012125228842099508,
            0.00013121049655111212,
            0.00013147956877946853,
            0.000128655568474815,
            0.0001272145455533808,
            0.0001251110369744508,
            0.0001280843901137511,
            0.00012314944863319396,
            0.00012107850840458503,
            0.00012084273276505647,
            0.00011853556547846112,
            0.00011773525640882295,
            0.00011559290190537771,
            0.0001153137703095713,
            0.00011379823554307223,
            0.00011333811012181369,
            0.00011208365068716161,
            0.00010990266289029802,
            0.00011108344627751244,
            0.00011098212084254703,
            0.00011243450014214767,
            0.00011067884472700266,
            0.00010816114768385887,
            0.00010855093234922828,
            0.00010773934778713044,
            0.00010850213987882747,
            0.0001084207607941194,
            0.00011085750659306844,
            0.00010981111746767293,
            0.00011068084772596968,
            0.00011175753548741341,
            0.00011396561958351913,
            0.00011407590210437775
          ],