{
  "metrics": {
    "brier": 0.34875527572766385,
    "ece": 0.34680198940954976,
    "logloss": 1.382909005003441,
    "n": 114,
    "trading": {
      "B": 1.0,
      "kelly": {
        "final_bankroll": 0.03874991107584091,
        "n": 114,
        "roi": -0.9612500889241591
      },
      "mode": "sign",
      "pnl_per_event": 0.025157895135762692,
      "transaction_cost": 0.0
    }
  },
  "train_meta": {
    "final_loss": 0.03224076717975549,
    "steps": 10000
  }
}
