{
  "metrics": {
    "approachability": {
      "clip_eps": 1e-06,
      "curve": {
        "app_err": [
          0.07991960763931275,
          0.0799184250831604,
          0.09294102360339214,
          0.09957968011265621,
          0.10359677848033608,
          0.09961490263386319,
          0.09103215685446879,
          0.08961093814054039,
          0.0884915597933448,
          0.09558745555067436,
          0.09049937370233238,
          0.092922434163047,
          0.09188281436558239,
          0.09672688844281116,
          0.09292523631763955,
          0.09209615239145932,
          0.08901420338901088,
          0.08848040327688472,
          0.08381240734266804,
          0.08161545635736547,
          0.07772097215655127,
          0.07418626829791305,
          0.07269439306717528,
          0.06966020256765963,
          0.06847216761298477,
          0.06737219709670171,
          0.06635213568737662,
          0.06845061029706682,
          0.0702225843791304,
          0.07187364880243938,
          0.07341566070433586,
          0.07112142130732536,
          0.07502064603747743,
          0.07398819369428299,
          0.07301128680365426,
          0.07431090401278602,
          0.07445916665566935,
          0.07437910406617448,
          0.07371238891895,
          0.07386750268936157,
          0.07335402451773741
        ],
        "t": [
          25,
          50,
          75,
          100,
          125,
          150,
          175,
          200,
          225,
          250,
          275,
          300,
          325,
          350,
          375,
          400,
          425,
          450,
          475,
          500,
          525,
          550,
          575,
          600,
          625,
          650,
          675,
          700,
          725,
          750,
          775,
          800,
          825,
          850,
          875,
          900,
          925,
          950,
          975,
          1000,
          1007
        ]
      },
      "curve_every": 25,
      "curve_time_ts": [
        1755607189.2302961,
        1764489601.992749,
        1749230456.1648982,
        1757692801.088487,
        1758664802.233784,
        1766128211.475931,
        1732637173.121185,
        1724251359.9818292,
        1721059248.318618,
        1744013206.271193,
        1762876482.4426408,
        1746826759.137544,
        1732896480.239716,
        1733157619.963896,
        1744989926.194477,
        1750393469.3211122,
        1761753601.459714,
        1754501963.403122,
        1759961288.509166,
        1763269211.025377,
        1761248934.536551,
        1763226002.830776,
        1760377501.636529,
        1758837601.160341,
        1758816001.2131681,
        1762223105.6333618,
        1739387368.848027,
        1748032840.909587,
        1757716857.430743,
        1764781204.521163,
        1765645206.241966,
        1735924157.979765,
        1721339217.885109,
        1763571613.495424,
        1763830813.849674,
        1751846980.529997,
        1764091557.935233,
        1740286957.537361,
        1765457700.588395,
        1751156628.462006,
        1732575428.504298
      ],
      "eps": 0.0,
      "family": "group_bin_indicator",
      "final": {
        "app_err": 0.07335402451773741,
        "top_violations": [
          {
            "bin_hi": 1.0,
            "bin_idx": 19,
            "bin_lo": 0.9500000000000001,
            "coord": 19,
            "group": "crypto",
            "group_idx": 0,
            "mean_payoff": -0.07335402451773741,
            "violation": 0.07335402451773741
          },
          {
            "bin_hi": 0.05,
            "bin_idx": 0,
            "bin_lo": 0.0,
            "coord": 0,
            "group": "crypto",
            "group_idx": 0,
            "mean_payoff": 0.07312715743472309,
            "violation": 0.07312715743472309
          },
          {
            "bin_hi": 0.05,
            "bin_idx": 0,
            "bin_lo": 0.0,
            "coord": 20,
            "group": "politics",
            "group_idx": 1,
            "mean_payoff": 0.05533560655135735,
            "violation": 0.05533560655135735
          },
          {
            "bin_hi": 1.0,
            "bin_idx": 19,
            "bin_lo": 0.9500000000000001,
            "coord": 39,
            "group": "politics",
            "group_idx": 1,
            "mean_payoff": -0.03965586287736182,
            "violation": 0.03965586287736182
          },
          {
            "bin_hi": 1.0,
            "bin_idx": 19,
            "bin_lo": 0.9500000000000001,
            "coord": 59,
            "group": "sports",
            "group_idx": 2,
            "mean_payoff": -0.024787252330495915,
            "violation": 0.024787252330495915
          },
          {
            "bin_hi": 0.05,
            "bin_idx": 0,
            "bin_lo": 0.0,
            "coord": 40,
            "group": "sports",
            "group_idx": 2,
            "mean_payoff": 0.018729640037984826,
            "violation": 0.018729640037984826
          },
          {
            "bin_hi": 0.55,
            "bin_idx": 10,
            "bin_lo": 0.5,
            "coord": 30,
            "group": "politics",
            "group_idx": 1,
            "mean_payoff": -0.0029793743343788912,
            "violation": 0.0029793743343788912
          },
          {
            "bin_hi": 0.55,
            "bin_idx": 10,
            "bin_lo": 0.5,
            "coord": 50,
            "group": "sports",
            "group_idx": 2,
            "mean_payoff": -0.0024828164437794994,
            "violation": 0.0024828164437794994
          },
          {
            "bin_hi": 0.55,
            "bin_idx": 10,
            "bin_lo": 0.5,
            "coord": 10,
            "group": "crypto",
            "group_idx": 0,
            "mean_payoff": -0.0014899880315483267,
            "violation": 0.0014899880315483267
          },
          {
            "bin_hi": 0.5,
            "bin_idx": 9,
            "bin_lo": 0.45,
            "coord": 9,
            "group": "crypto",
            "group_idx": 0,
            "mean_payoff": 0.0004968211987049364,
            "violation": 0.0004968211987049364
          }
        ]
      },
      "group_cols": [
        "topic"
      ],
      "n": 1007,
      "n_bins": 20,
      "n_groups": 3,
      "pred_col": "pred_prob",
      "time_col": "createdAt",
      "y_col": "y"
    },
    "brier": 0.2940962771590794,
    "ece": 0.2924385437580721,
    "groups": {
      "topic": {
        "avg_abs_bias": 0.022460831991764935,
        "n_groups": 3,
        "worst_abs_bias": 0.04914406707111214
      }
    },
    "logloss": 1.990359632340327,
    "n": 1007,
    "trading": {
      "B": 1.0,
      "mode": "sign",
      "pnl_per_event": 0.1334652437936226,
      "transaction_cost": 0.0
    }
  }
}
