{
  "llm_meta": {
    "K": 1,
    "L": 4,
    "aggregate": "mean",
    "max_new_tokens_used": 64,
    "n": 192,
    "parse_failures": 33
  },
  "models": [
    {
      "arb_profit": 0.47531249065650627,
      "brier": 0.40135937524423937,
      "ece": 0.3628125006216578,
      "gcal_S": 0.8999999761581421,
      "gcal_S_argmax_key": 8,
      "logloss": 3.047910992170377,
      "n_eval": 64,
      "name": "AR-intrinsic",
      "sce": 0.35523436247021917
    },
    {
      "arb_profit": 0.18742360407486558,
      "brier": 0.129113417142662,
      "ece": 0.17804861068725586,
      "gcal_S": 0.18742361664772034,
      "gcal_S_argmax_key": 1,
      "logloss": 0.4381730028819705,
      "n_eval": 64,
      "name": "Diffusion-intrinsic",
      "sce": 0.035127607364412186
    },
    {
      "arb_profit": 0.3581140410969965,
      "brier": 0.23351511137443823,
      "ece": 0.17522000736789778,
      "gcal_S": 0.6916667222976685,
      "gcal_S_argmax_key": 59,
      "logloss": 0.6411872725403645,
      "n_eval": 64,
      "name": "AR+post",
      "sce": 0.1639907097375868
    },
    {
      "arb_profit": 0.08216881542466581,
      "brier": 0.11999612457010109,
      "ece": 0.17461673286743462,
      "gcal_S": 0.2750000059604645,
      "gcal_S_argmax_key": 32,
      "logloss": 0.4222762204583503,
      "n_eval": 64,
      "name": "Diffusion+post",
      "sce": 0.01172077065956368
    }
  ]
}
