{
  "impact_model": {
    "name": "random_average_2300",
    "regime": "average",
    "base_fill_prob": 0.8483523997852171,
    "fill_size_decay": 0.050775341570700384,
    "fill_spread_sensitivity": 1.275163017472594,
    "permanent_impact": 0.0009588330722007975,
    "temporary_impact": 0.014740353334204502,
    "impact_power": 0.537568192737547,
    "adverse_selection": 0.03886693310645646,
    "adverse_selection_decay": 0.7730122267790476,
    "mev_extraction_rate": 0.0392040474170704,
    "reorder_probability": 0.09546125131616652,
    "block_delay_cost": 0.001717239449875912,
    "base_liquidity": 8122.824752750204,
    "liquidity_price_factor": 2.0,
    "exit_spread": 0.027340516474226265,
    "exit_impact_mult": 2.049663916883599,
    "stress_multiplier": 1.0
  },
  "best_params": {
    "spread_threshold": 0.04977641794905852,
    "n_bins": 7,
    "kelly_fraction": 0.38123349830282965,
    "max_position_pct": 0.15658037793964547,
    "fee": 0.02295480583644025
  },
  "optimization_sharpe": 15.473459342952784,
  "final_evaluation": {
    "mean_sharpe": 8.856945552492501,
    "std_sharpe": 1.7640123977479287,
    "min_sharpe": 5.029711895778223,
    "p5_sharpe": 6.0367852910557005,
    "p25_sharpe": 7.829930210988097,
    "median_sharpe": 8.927458784059272,
    "mean_return": 5252.858654625241,
    "mean_fill_rate": 0.002556684910086005,
    "mean_drawdown": 0.01207299990695787,
    "mean_impact_cost": 0.5747536017504745,
    "mean_mev_cost": 1.6005613051189227,
    "mean_as_cost": 0.12957681630903028,
    "n_simulations": 50,
    "impact_model": "random_average_2300",
    "regime": "average"
  },
  "all_trials": [
    {
      "number": 0,
      "value": 8.757761816228363,
      "params": {
        "spread_threshold": 0.062435616638630745,
        "n_bins": 24,
        "kelly_fraction": 0.3793972738151323,
        "max_position_pct": 0.15769145136531842,
        "fee": 0.008900466011060912
      }
    },
    {
      "number": 1,
      "value": 15.008924921685733,
      "params": {
        "spread_threshold": 0.03183923284706837,
        "n_bins": 6,
        "kelly_fraction": 0.4397792655987208,
        "max_position_pct": 0.15825645270093802,
        "fee": 0.022701814444901137
      }
    },
    {
      "number": 2,
      "value": 10.708493433334695,
      "params": {
        "spread_threshold": 0.012881829201412343,
        "n_bins": 25,
        "kelly_fraction": 0.4245991883601898,
        "max_position_pct": 0.06883799545600351,
        "fee": 0.009545624180177514
      }
    },
    {
      "number": 3,
      "value": 13.54691296514718,
      "params": {
        "spread_threshold": 0.03567663137948073,
        "n_bins": 11,
        "kelly_fraction": 0.28614039423450705,
        "max_position_pct": 0.11934735428768663,
        "fee": 0.012280728504951047
      }
    },
    {
      "number": 4,
      "value": 12.82740380590129,
      "params": {
        "spread_threshold": 0.09565940526113312,
        "n_bins": 7,
        "kelly_fraction": 0.1814650918408482,
        "max_position_pct": 0.1042632239575491,
        "fee": 0.016401749605425897
      }
    },
    {
      "number": 5,
      "value": 8.2526693666945,
      "params": {
        "spread_threshold": 0.11992463459502188,
        "n_bins": 9,
        "kelly_fraction": 0.28140549728612524,
        "max_position_pct": 0.15625535083826977,
        "fee": 0.006161260317999943
      }
    },
    {
      "number": 6,
      "value": 8.619115385217471,
      "params": {
        "spread_threshold": 0.09505627926620136,
        "n_bins": 8,
        "kelly_fraction": 0.0792732168433758,
        "max_position_pct": 0.23824367356826665,
        "fee": 0.02914080082686398
      }
    },
    {
      "number": 7,
      "value": 10.6099180197133,
      "params": {
        "spread_threshold": 0.12317562873630454,
        "n_bins": 11,
        "kelly_fraction": 0.09395245130287275,
        "max_position_pct": 0.17737359609779607,
        "fee": 0.01600381234349003
      }
    },
    {
      "number": 8,
      "value": 7.397904257707903,
      "params": {
        "spread_threshold": 0.027085352878269034,
        "n_bins": 15,
        "kelly_fraction": 0.06547483450184828,
        "max_position_pct": 0.2291436924781199,
        "fee": 0.011469499540000422
      }
    },
    {
      "number": 9,
      "value": 13.252316814194307,
      "params": {
        "spread_threshold": 0.10275311980955747,
        "n_bins": 11,
        "kelly_fraction": 0.28403060953001485,
        "max_position_pct": 0.14574336424895432,
        "fee": 0.009621361388138176
      }
    },
    {
      "number": 10,
      "value": 10.348646538564338,
      "params": {
        "spread_threshold": 0.060014184851109945,
        "n_bins": 17,
        "kelly_fraction": 0.4862916998545396,
        "max_position_pct": 0.02413123139140852,
        "fee": 0.02584079164149875
      }
    },
    {
      "number": 11,
      "value": 11.723240914951353,
      "params": {
        "spread_threshold": 0.04116857548185525,
        "n_bins": 5,
        "kelly_fraction": 0.3488719586306379,
        "max_position_pct": 0.09700289053134434,
        "fee": 0.021327271030623558
      }
    },
    {
      "number": 12,
      "value": 9.045586858268814,
      "params": {
        "spread_threshold": 0.0487252927194374,
        "n_bins": 13,
        "kelly_fraction": 0.1989225236380335,
        "max_position_pct": 0.18945326785661504,
        "fee": 0.021793414539246474
      }
    },
    {
      "number": 13,
      "value": 10.030412471612955,
      "params": {
        "spread_threshold": 0.013084901851542322,
        "n_bins": 19,
        "kelly_fraction": 0.49731816813354657,
        "max_position_pct": 0.11226468929679848,
        "fee": 0.020615294491309
      }
    },
    {
      "number": 14,
      "value": 11.043354724238554,
      "params": {
        "spread_threshold": 0.07360071215557229,
        "n_bins": 5,
        "kelly_fraction": 0.3752462886261123,
        "max_position_pct": 0.2015797252534769,
        "fee": 0.013690835762414571
      }
    },
    {
      "number": 15,
      "value": 12.365028916180028,
      "params": {
        "spread_threshold": 0.14519724056187633,
        "n_bins": 11,
        "kelly_fraction": 0.20425967971984232,
        "max_position_pct": 0.06353909978145973,
        "fee": 0.0246073154910421
      }
    },
    {
      "number": 16,
      "value": 10.666018996629683,
      "params": {
        "spread_threshold": 0.036842813999071806,
        "n_bins": 20,
        "kelly_fraction": 0.4329410544645901,
        "max_position_pct": 0.12605475787433273,
        "fee": 0.0188580947538946
      }
    },
    {
      "number": 17,
      "value": 9.265040944756372,
      "params": {
        "spread_threshold": 0.026707398030204166,
        "n_bins": 13,
        "kelly_fraction": 0.3271734218442931,
        "max_position_pct": 0.07054268589397658,
        "fee": 0.013983396269028905
      }
    },
    {
      "number": 18,
      "value": 12.691554214249805,
      "params": {
        "spread_threshold": 0.056807052205778016,
        "n_bins": 7,
        "kelly_fraction": 0.23684297736348503,
        "max_position_pct": 0.12889095933519448,
        "fee": 0.024687458434540382
      }
    },
    {
      "number": 19,
      "value": 8.64006720039948,
      "params": {
        "spread_threshold": 0.07585927010179974,
        "n_bins": 9,
        "kelly_fraction": 0.40759041385044004,
        "max_position_pct": 0.17237893265122797,
        "fee": 0.005648532327144384
      }
    },
    {
      "number": 20,
      "value": 7.917278402642352,
      "params": {
        "spread_threshold": 0.026742348233402335,
        "n_bins": 14,
        "kelly_fraction": 0.148068482614176,
        "max_position_pct": 0.2155375124330379,
        "fee": 0.02914712038994112
      }
    },
    {
      "number": 21,
      "value": 11.780312104543897,
      "params": {
        "spread_threshold": 0.09529522846326882,
        "n_bins": 11,