{
  "llm_meta": {
    "K": 1,
    "L": 4,
    "aggregate": "mean",
    "max_new_tokens_used": 64,
    "n": 1536,
    "parse_failures": 1536
  },
  "models": [
    {
      "arb_profit": 0.39999999111751094,
      "brier": 0.25,
      "ece": 0.013671875,
      "gcal_S": 0.4000000059604645,
      "gcal_S_argmax_key": 1,
      "logloss": 0.6931471805599453,
      "n_eval": 1024,
      "name": "AR-intrinsic",
      "sce": 0.15999999289400907
    },
    {
      "arb_profit": 0.1059632450924255,
      "brier": 0.10329565706344113,
      "ece": 0.10244762897491454,
      "gcal_S": 0.10596325993537903,
      "gcal_S_argmax_key": 1,
      "logloss": 0.3703128325005943,
      "n_eval": 1024,
      "name": "Diffusion-intrinsic",
      "sce": 0.011228209310517658
    },
    {
      "arb_profit": 0.17142856775899418,
      "brier": 0.12649482638978676,
      "ece": 0.16791295164148323,
      "gcal_S": 0.3687499761581421,
      "gcal_S_argmax_key": 29,
      "logloss": 0.4280239480067536,
      "n_eval": 1024,
      "name": "AR+post",
      "sce": 0.03446264351724829
    },
    {
      "arb_profit": 0.06719388638884993,
      "brier": 0.10042590601970147,
      "ece": 0.0746157650792156,
      "gcal_S": 0.2437499761581421,
      "gcal_S_argmax_key": 29,
      "logloss": 0.35860518700924515,
      "n_eval": 1024,
      "name": "Diffusion+post",
      "sce": 0.007827348124379963
    }
  ]
}
