{
  "ar": {
    "brier": 0.17959000249285256,
    "ece": 0.30650000320747495,
    "logloss": 0.5728553663254565
  },
  "hybrid": {
    "brier": 0.2903834823613664,
    "ece": 0.425763925909996,
    "logloss": 0.7827306244791344
  },
  "improvement": {
    "brier_pct": -61.69245410691683,
    "ece_pct": -38.91155675511994
  },
  "market": {
    "brier": 0.16459125301480299,
    "ece": 0.3707500025629997,
    "logloss": 0.4958594290542074
  },
  "n_test": 20,
  "n_train": 80,
  "train_meta": {
    "final_loss": 1.0510495793819428,
    "steps": 100
  }
}
