{
  "models": [
    {
      "arb_profit": 0.3952568464644253,
      "brier": 0.38261132184261853,
      "ece": 0.3613146198593081,
      "logloss": 1.0909387070778087,
      "n_eval": 20000,
      "name": "learned_logit_diff(T=64,sample_steps=32)",
      "sce": 0.2940781137051138
    }
  ],
  "train_meta": {
    "final_loss": 0.06496992726810276,
    "steps": 5000
  }
}
