{
  "models": [
    {
      "arb_profit": 0.40212981578148904,
      "brier": 0.41000285079972065,
      "ece": 0.40003103805668644,
      "logloss": 1.2009216048945928,
      "n_eval": 20000,
      "name": "learned_logit_diff(T=64,sample_steps=32)",
      "sce": 0.3203042282557075
    }
  ],
  "train_meta": {
    "final_loss": 0.06111969922669232,
    "steps": 5000
  }
}
