{
  "llm_meta": {
    "K": 1,
    "L": 4,
    "aggregate": "mean",
    "max_new_tokens_used": 64,
    "n": 3072,
    "parse_failures": 29
  },
  "models": [
    {
      "arb_profit": 0.4462011756768334,
      "brier": 0.43579423235050957,
      "ece": 0.4266699141226127,
      "gcal_S": 0.8899999856948853,
      "gcal_S_argmax_key": 31,
      "logloss": 1.6879342763820582,
      "n_eval": 1024,
      "name": "AR-intrinsic",
      "sce": 0.3571243135020752
    },
    {
      "arb_profit": 0.13463182726991363,
      "brier": 0.09703417141392734,
      "ece": 0.15553027391433716,
      "gcal_S": 0.13463184237480164,
      "gcal_S_argmax_key": 1,
      "logloss": 0.36092319097252434,
      "n_eval": 1024,
      "name": "Diffusion-intrinsic",
      "sce": 0.01812572891403608
    },
    {
      "arb_profit": 0.253244296178309,
      "brier": 0.18355901127125746,
      "ece": 0.16793625476202578,
      "gcal_S": 0.7762626806894938,
      "gcal_S_argmax_key": 37,
      "logloss": 0.5471417921125032,
      "n_eval": 1024,
      "name": "AR+post",
      "sce": 0.10570652119739177
    },
    {
      "arb_profit": 0.07127737753035035,
      "brier": 0.08377335345540882,
      "ece": 0.08337243310234044,
      "gcal_S": 0.3270833492279053,
      "gcal_S_argmax_key": 37,
      "logloss": 0.3131224876167753,
      "n_eval": 1024,
      "name": "Diffusion+post",
      "sce": 0.008877803974810347
    }
  ]
}
