{
  "metrics": {
    "approachability": {
      "clip_eps": 1e-06,
      "curve": {
        "app_err": [
          0.024292657673358916,
          0.01793480686843395,
          0.008404500186443328,
          0.007209710963070393,
          0.007381548821926117,
          0.0076108615348736445,
          0.008543392121791839,
          0.007054408881813288,
          0.00893793942199813,
          0.008986494466662408,
          0.009065899361263622,
          0.00921559647967418,
          0.008975966022564815,
          0.008910985408084732,
          0.008430242836475373,
          0.007998002134263516,
          0.007689973201853555
        ],
        "t": [
          200,
          400,
          600,
          800,
          1000,
          1200,
          1400,
          1600,
          1800,
          2000,
          2200,
          2400,
          2600,
          2800,
          3000,
          3200,
          3371
        ]
      },
      "curve_every": 200,
      "curve_time_ts": [
        1687594578.0,
        1698215444.0,
        1704352522.0,
        1708158848.0,
        1709531170.0,
        1711835276.0,
        1714104676.0,
        1716618025.0,
        1718088928.0,
        1719216558.0,
        1720492058.0,
        1722118342.0,
        1722716359.0,
        1728495273.0,
        1730324112.0,
        1731407082.0,
        1738567197.0
      ],
      "eps": 0.0,
      "family": "group_bin_indicator",
      "final": {
        "app_err": 0.007689973201853555,
        "top_violations": [
          {
            "bin_hi": 0.35000000000000003,
            "bin_idx": 6,
            "bin_lo": 0.30000000000000004,
            "coord": 6,
            "group": "(1005.489, 8755.43]|nan",
            "group_idx": 0,
            "mean_payoff": -0.007689973201853555,
            "violation": 0.007689973201853555
          },
          {
            "bin_hi": 0.35000000000000003,
            "bin_idx": 6,
            "bin_lo": 0.30000000000000004,
            "coord": 66,
            "group": "(61900.2, 271261.238]|nan",
            "group_idx": 3,
            "mean_payoff": -0.007394882726301535,
            "violation": 0.007394882726301535
          },
          {
            "bin_hi": 0.35000000000000003,
            "bin_idx": 6,
            "bin_lo": 0.30000000000000004,
            "coord": 26,
            "group": "(25005.0, 61900.2]|nan",
            "group_idx": 1,
            "mean_payoff": -0.006966096954931318,
            "violation": 0.006966096954931318
          },
          {
            "bin_hi": 0.30000000000000004,
            "bin_idx": 5,
            "bin_lo": 0.25,
            "coord": 85,
            "group": "(8755.43, 25005.0]|nan",
            "group_idx": 4,
            "mean_payoff": -0.005227868394659309,
            "violation": 0.005227868394659309
          },
          {
            "bin_hi": 0.4,
            "bin_idx": 7,
            "bin_lo": 0.35000000000000003,
            "coord": 87,
            "group": "(8755.43, 25005.0]|nan",
            "group_idx": 4,
            "mean_payoff": -0.0050986357203438035,
            "violation": 0.0050986357203438035
          },
          {
            "bin_hi": 0.35000000000000003,
            "bin_idx": 6,
            "bin_lo": 0.30000000000000004,
            "coord": 86,
            "group": "(8755.43, 25005.0]|nan",
            "group_idx": 4,
            "mean_payoff": -0.005062528575644299,
            "violation": 0.005062528575644299
          },
          {
            "bin_hi": 0.30000000000000004,
            "bin_idx": 5,
            "bin_lo": 0.25,
            "coord": 45,
            "group": "(271261.238, 1531479284.504]|nan",
            "group_idx": 2,
            "mean_payoff": -0.004669934316687187,
            "violation": 0.004669934316687187
          },
          {
            "bin_hi": 0.30000000000000004,
            "bin_idx": 5,
            "bin_lo": 0.25,
            "coord": 5,
            "group": "(1005.489, 8755.43]|nan",
            "group_idx": 0,
            "mean_payoff": -0.0040276510996268295,
            "violation": 0.0040276510996268295
          },
          {
            "bin_hi": 0.4,
            "bin_idx": 7,
            "bin_lo": 0.35000000000000003,
            "coord": 7,
            "group": "(1005.489, 8755.43]|nan",
            "group_idx": 0,
            "mean_payoff": -0.003847720183805626,
            "violation": 0.003847720183805626
          },
          {
            "bin_hi": 0.35000000000000003,
            "bin_idx": 6,
            "bin_lo": 0.30000000000000004,
            "coord": 46,
            "group": "(271261.238, 1531479284.504]|nan",
            "group_idx": 2,
            "mean_payoff": -0.003057042778298608,
            "violation": 0.003057042778298608
          }
        ]
      },
      "group_cols": [
        "volume_q5",
        "ttc_q5"
      ],
      "n": 3371,
      "n_bins": 20,
      "n_groups": 5,
      "pred_col": "pred_prob",
      "time_col": "market_prob_target_ts",
      "y_col": "y"
    },
    "brier": 0.1807551287192628,
    "ece": 0.07168646849906259,
    "groups": {
      "ttc_q5": {
        "avg_abs_bias": 0.06875806639771616,
        "n_groups": 1,
        "worst_abs_bias": 0.06875806639771616
      },
      "volume_q5": {
        "avg_abs_bias": 0.06875806639771614,
        "n_groups": 5,
        "worst_abs_bias": 0.09945457406585223
      }
    },
    "logloss": 0.5486316248424066,
    "n": 3371,
    "trading": {
      "B": 1.0,
      "mode": "sign",
      "pnl_per_event": 0.0012230790531769997,
      "transaction_cost": 0.0
    }
  }
}
