{
  "metrics": {
    "approachability": {
      "clip_eps": 1e-06,
      "curve": {
        "app_err": [
          0.07991964817047119,
          0.0799189555644989,
          0.09294815708262225,
          0.09959810275235213,
          0.1036126064285636,
          0.09962897576857359,
          0.09104556280387832,
          0.08961277109396178,
          0.08849412050563842,
          0.09559079413255676,
          0.09049934233792803,
          0.09292307413726424,
          0.09188086293960133,
          0.09672559025963502,
          0.09292724174633622,
          0.09209851515304762,
          0.09136730299632558,
          0.09070353829586464,
          0.08591873066058676,
          0.08361657706927508,
          0.0796269092030291,
          0.0760056348962032,
          0.07443474740599808,
          0.07132812724603961,
          0.07007339144684374,
          0.06911059379577637,
          0.06950789645866111,
          0.078440956728799,
          0.08124626365201226,
          0.08252988783518474,
          0.08372536305458315,
          0.08110894545912743,
          0.08228371779123943,
          0.08103766890133128,
          0.08099973583221436,
          0.08318744421005249,
          0.08309583464184322,
          0.08195951788048995,
          0.08293068213340564,
          0.08285429352521896,
          0.0822783451094528
        ],
        "t": [
          25,
          50,
          75,
          100,
          125,
          150,
          175,
          200,
          225,
          250,
          275,
          300,
          325,
          350,
          375,
          400,
          425,
          450,
          475,
          500,
          525,
          550,
          575,
          600,
          625,
          650,
          675,
          700,
          725,
          750,
          775,
          800,
          825,
          850,
          875,
          900,
          925,
          950,
          975,
          1000,
          1007
        ]
      },
      "curve_every": 25,
      "curve_time_ts": [
        1755607189.2302961,
        1764489601.992749,
        1749230456.1648982,
        1757692801.088487,
        1758664802.233784,
        1766128211.475931,
        1732637173.121185,
        1724251359.9818292,
        1721059248.318618,
        1744013206.271193,
        1762876482.4426408,
        1746826759.137544,
        1732896480.239716,
        1733157619.963896,
        1744989926.194477,
        1750393469.3211122,
        1761753601.459714,
        1754501963.403122,
        1759961288.509166,
        1763269211.025377,
        1761248934.536551,
        1763226002.830776,
        1760377501.636529,
        1758837601.160341,
        1758816001.2131681,
        1762223105.6333618,
        1739387368.848027,
        1748032840.909587,
        1757716857.430743,
        1764781204.521163,
        1765645206.241966,
        1735924157.979765,
        1721339217.885109,
        1763571613.495424,
        1763830813.849674,
        1751846980.529997,
        1764091557.935233,
        1740286957.537361,
        1765457700.588395,
        1751156628.462006,
        1732575428.504298
      ],
      "eps": 0.0,
      "family": "group_bin_indicator",
      "final": {
        "app_err": 0.0822783451094528,
        "top_violations": [
          {
            "bin_hi": 1.0,
            "bin_idx": 19,
            "bin_lo": 0.9500000000000001,
            "coord": 19,
            "group": "crypto",
            "group_idx": 0,
            "mean_payoff": -0.0822783451094528,
            "violation": 0.0822783451094528
          },
          {
            "bin_hi": 0.05,
            "bin_idx": 0,
            "bin_lo": 0.0,
            "coord": 0,
            "group": "crypto",
            "group_idx": 0,
            "mean_payoff": 0.07016417118958859,
            "violation": 0.07016417118958859
          },
          {
            "bin_hi": 0.05,
            "bin_idx": 0,
            "bin_lo": 0.0,
            "coord": 20,
            "group": "politics",
            "group_idx": 1,
            "mean_payoff": 0.0563317579709737,
            "violation": 0.0563317579709737
          },
          {
            "bin_hi": 1.0,
            "bin_idx": 19,
            "bin_lo": 0.9500000000000001,
            "coord": 39,
            "group": "politics",
            "group_idx": 1,
            "mean_payoff": -0.04263252256643452,
            "violation": 0.04263252256643452
          },
          {
            "bin_hi": 1.0,
            "bin_idx": 19,
            "bin_lo": 0.9500000000000001,
            "coord": 59,
            "group": "sports",
            "group_idx": 2,
            "mean_payoff": -0.025779086404665936,
            "violation": 0.025779086404665936
          },
          {
            "bin_hi": 0.05,
            "bin_idx": 0,
            "bin_lo": 0.0,
            "coord": 40,
            "group": "sports",
            "group_idx": 2,
            "mean_payoff": 0.01873111754679884,
            "violation": 0.01873111754679884
          },
          {
            "bin_hi": 0.55,
            "bin_idx": 10,
            "bin_lo": 0.5,
            "coord": 10,
            "group": "crypto",
            "group_idx": 0,
            "mean_payoff": -0.001986261867837612,
            "violation": 0.001986261867837612
          },
          {
            "bin_hi": 0.5,
            "bin_idx": 9,
            "bin_lo": 0.45,
            "coord": 9,
            "group": "crypto",
            "group_idx": 0,
            "mean_payoff": 0.0014896706530922337,
            "violation": 0.0014896706530922337
          },
          {
            "bin_hi": 0.55,
            "bin_idx": 10,
            "bin_lo": 0.5,
            "coord": 50,
            "group": "sports",
            "group_idx": 2,
            "mean_payoff": -0.0014896315874859262,
            "violation": 0.0014896315874859262
          },
          {
            "bin_hi": 0.55,
            "bin_idx": 10,
            "bin_lo": 0.5,
            "coord": 30,
            "group": "politics",
            "group_idx": 1,
            "mean_payoff": -0.0009931933205082732,
            "violation": 0.0009931933205082732
          }
        ]
      },
      "group_cols": [
        "topic"
      ],
      "n": 1007,
      "n_bins": 20,
      "n_groups": 3,
      "pred_col": "pred_prob",
      "time_col": "createdAt",
      "y_col": "y"
    },
    "brier": 0.30326292157765805,
    "ece": 0.30187575821683843,
    "groups": {
      "topic": {
        "avg_abs_bias": 0.033854407663993516,
        "n_groups": 3,
        "worst_abs_bias": 0.04912779227697424
      }
    },
    "logloss": 2.0624949160312793,
    "n": 1007,
    "trading": {
      "B": 1.0,
      "mode": "sign",
      "pnl_per_event": 0.12772641567325602,
      "transaction_cost": 0.0
    }
  }
}
