{
  "llm_meta": null,
  "models": [
    {
      "arb_profit": 0.3999999911785126,
      "brier": 0.25,
      "ece": 0.00039999999999995595,
      "gcal_S": 0.4000000059604645,
      "gcal_S_argmax_key": 372,
      "logloss": 0.6931471805599454,
      "n_eval": 5000,
      "name": "AR-intrinsic",
      "sce": 0.15999999294281037
    },
    {
      "arb_profit": 0.2566056401729584,
      "brier": 0.15630532101907849,
      "ece": 0.2550056489944458,
      "gcal_S": 0.2566056549549103,
      "gcal_S_argmax_key": 372,
      "logloss": 0.5009543766164739,
      "n_eval": 5000,
      "name": "Diffusion-intrinsic",
      "sce": 0.06584645456857402
    },
    {
      "arb_profit": 0.3987774362921715,
      "brier": 0.24927760354706346,
      "ece": 0.004575190150737797,
      "gcal_S": 0.4625000059604645,
      "gcal_S_argmax_key": 25122,
      "logloss": 0.691688174304651,
      "n_eval": 5000,
      "name": "AR+post",
      "sce": 0.15913723126759033
    },
    {
      "arb_profit": 0.0038697323799133303,
      "brier": 0.09157511628147502,
      "ece": 0.0059097471117973465,
      "gcal_S": 0.3791666626930237,
      "gcal_S_argmax_key": 25122,
      "logloss": 0.3292314636627405,
      "n_eval": 5000,
      "name": "Diffusion+post",
      "sce": 0.0007728153112721916
    }
  ]
}
