{
  "metrics": {
    "approachability": {
      "clip_eps": 1e-06,
      "curve": {
        "app_err": [
          0.08768324375152588,
          0.07271843552589416,
          0.04847895701726278,
          0.04845874726772308,
          0.044686044692993164,
          0.04217157125473023,
          0.03862538167408534,
          0.037482926547527315,
          0.043025837739308674,
          0.043549514770507815,
          0.041211734901775016,
          0.0402186503012975,
          0.0393650902234591,
          0.03612103223800659,
          0.03699781004587809,
          0.03468544691801071,
          0.033161524604348576,
          0.03546280754937066,
          0.03626077940589503,
          0.03368353974819183,
          0.032079561664944606,
          0.03178951079195196,
          0.030407358148823612,
          0.03124286890029907,
          0.03026669521331787,
          0.029653213757735032,
          0.02954807405118589,
          0.028492785692214966,
          0.031176495140996473,
          0.03245403814315796,
          0.03227288492264286,
          0.03210192821919918,
          0.03157245267521251,
          0.03226388216018677,
          0.030585130214691163,
          0.0301431104209688,
          0.030804432469445305,
          0.029633020476291055,
          0.030941598598773663,
          0.030223162353038787,
          0.03001307085703951
        ],
        "t": [
          25,
          50,
          75,
          100,
          125,
          150,
          175,
          200,
          225,
          250,
          275,
          300,
          325,
          350,
          375,
          400,
          425,
          450,
          475,
          500,
          525,
          550,
          575,
          600,
          625,
          650,
          675,
          700,
          725,
          750,
          775,
          800,
          825,
          850,
          875,
          900,
          925,
          950,
          975,
          1000,
          1007
        ]
      },
      "curve_every": 25,
      "curve_time_ts": [
        1755607189.2302961,
        1764489601.992749,
        1749230456.1648982,
        1757692801.088487,
        1758664802.233784,
        1766128211.475931,
        1732637173.121185,
        1724251359.9818292,
        1721059248.318618,
        1744013206.271193,
        1762876482.4426408,
        1746826759.137544,
        1732896480.239716,
        1733157619.963896,
        1744989926.194477,
        1750393469.3211122,
        1761753601.459714,
        1754501963.403122,
        1759961288.509166,
        1763269211.025377,
        1761248934.536551,
        1763226002.830776,
        1760377501.636529,
        1758837601.160341,
        1758816001.2131681,
        1762223105.6333618,
        1739387368.848027,
        1748032840.909587,
        1757716857.430743,
        1764781204.521163,
        1765645206.241966,
        1735924157.979765,
        1721339217.885109,
        1763571613.495424,
        1763830813.849674,
        1751846980.529997,
        1764091557.935233,
        1740286957.537361,
        1765457700.588395,
        1751156628.462006,
        1732575428.504298
      ],
      "eps": 0.0,
      "family": "group_bin_indicator",
      "final": {
        "app_err": 0.03001307085703951,
        "top_violations": [
          {
            "bin_hi": 0.7000000000000001,
            "bin_idx": 13,
            "bin_lo": 0.65,
            "coord": 13,
            "group": "crypto",
            "group_idx": 0,
            "mean_payoff": -0.03001307085703951,
            "violation": 0.03001307085703951
          },
          {
            "bin_hi": 0.75,
            "bin_idx": 14,
            "bin_lo": 0.7000000000000001,
            "coord": 14,
            "group": "crypto",
            "group_idx": 0,
            "mean_payoff": -0.0284075159893964,
            "violation": 0.0284075159893964
          },
          {
            "bin_hi": 0.65,
            "bin_idx": 12,
            "bin_lo": 0.6000000000000001,
            "coord": 12,
            "group": "crypto",
            "group_idx": 0,
            "mean_payoff": -0.02808151007172131,
            "violation": 0.02808151007172131
          },
          {
            "bin_hi": 0.65,
            "bin_idx": 12,
            "bin_lo": 0.6000000000000001,
            "coord": 32,
            "group": "politics",
            "group_idx": 1,
            "mean_payoff": -0.021814778817090638,
            "violation": 0.021814778817090638
          },
          {
            "bin_hi": 0.75,
            "bin_idx": 14,
            "bin_lo": 0.7000000000000001,
            "coord": 34,
            "group": "politics",
            "group_idx": 1,
            "mean_payoff": -0.01936723802390378,
            "violation": 0.01936723802390378
          },
          {
            "bin_hi": 0.8,
            "bin_idx": 15,
            "bin_lo": 0.75,
            "coord": 35,
            "group": "politics",
            "group_idx": 1,
            "mean_payoff": -0.017870857793737902,
            "violation": 0.017870857793737902
          },
          {
            "bin_hi": 0.55,
            "bin_idx": 10,
            "bin_lo": 0.5,
            "coord": 10,
            "group": "crypto",
            "group_idx": 0,
            "mean_payoff": -0.0169853885929066,
            "violation": 0.0169853885929066
          },
          {
            "bin_hi": 0.7000000000000001,
            "bin_idx": 13,
            "bin_lo": 0.65,
            "coord": 53,
            "group": "sports",
            "group_idx": 2,
            "mean_payoff": -0.01683592985734684,
            "violation": 0.01683592985734684
          },
          {
            "bin_hi": 0.6000000000000001,
            "bin_idx": 11,
            "bin_lo": 0.55,
            "coord": 31,
            "group": "politics",
            "group_idx": 1,
            "mean_payoff": -0.015914439444745545,
            "violation": 0.015914439444745545
          },
          {
            "bin_hi": 0.7000000000000001,
            "bin_idx": 13,
            "bin_lo": 0.65,
            "coord": 33,
            "group": "politics",
            "group_idx": 1,
            "mean_payoff": -0.015226944437566793,
            "violation": 0.015226944437566793
          }
        ]
      },
      "group_cols": [
        "topic"
      ],
      "n": 1007,
      "n_bins": 20,
      "n_groups": 3,
      "pred_col": "pred_prob",
      "time_col": "createdAt",
      "y_col": "y"
    },
    "brier": 0.3353951129917561,
    "ece": 0.35427553587719846,
    "groups": {
      "topic": {
        "avg_abs_bias": 0.3482608275031144,
        "n_groups": 3,
        "worst_abs_bias": 0.42313711702823636
      }
    },
    "logloss": 0.8847615556044115,
    "n": 1007,
    "trading": {
      "B": 1.0,
      "mode": "sign",
      "pnl_per_event": -0.09147020896953136,
      "transaction_cost": 0.0
    }
  }
}
