{
  "llm_meta": null,
  "models": [
    {
      "arb_profit": 0.3999999912142754,
      "brier": 0.25,
      "ece": 0.0024000000000000132,
      "gcal_S": 0.4000000059604645,
      "gcal_S_argmax_key": 41,
      "logloss": 0.6931471805599454,
      "n_eval": 5000,
      "name": "AR-intrinsic",
      "sce": 0.1599999929714206
    },
    {
      "arb_profit": 0.32587917164564134,
      "brier": 0.1964344268612384,
      "ece": 0.32427918043136594,
      "gcal_S": 0.32587918639183044,
      "gcal_S_argmax_key": 41,
      "logloss": 0.5852617293483201,
      "n_eval": 5000,
      "name": "Diffusion-intrinsic",
      "sce": 0.10619723451244958
    },
    {
      "arb_profit": 0.3800195119321346,
      "brier": 0.23631487398094123,
      "ece": 0.06774042581915855,
      "gcal_S": 0.5249999761581421,
      "gcal_S_argmax_key": 26552,
      "logloss": 0.6654252207213266,
      "n_eval": 5000,
      "name": "AR+post",
      "sce": 0.14636548030813393
    },
    {
      "arb_profit": 0.07323433155566454,
      "brier": 0.11191534976236353,
      "ece": 0.0760083455041051,
      "gcal_S": 0.48928573727607727,
      "gcal_S_argmax_key": 26552,
      "logloss": 0.38214999178713027,
      "n_eval": 5000,
      "name": "Diffusion+post",
      "sce": 0.020213980682998327
    }
  ]
}
