{
  "metrics": {
    "brier": 0.3142468490012562,
    "ece": 0.33579983860999346,
    "groups": {
      "ttc_q5": {
        "avg_abs_bias": 0.3356202850416303,
        "n_groups": 5,
        "worst_abs_bias": 0.41788094296443595
      },
      "volume_q5": {
        "avg_abs_bias": 0.3356202850416303,
        "n_groups": 5,
        "worst_abs_bias": 0.3665071376413107
      }
    },
    "logloss": 0.82925390295124,
    "n": 4000,
    "trading": {
      "B": 1.0,
      "kelly": {
        "final_bankroll": 1.4129235249746103e-193,
        "n": 4000,
        "roi": -1.0
      },
      "mode": "sign",
      "pnl_per_event": -0.11618237526567828,
      "transaction_cost": 0.0
    }
  },
  "train_meta": {
    "final_loss": 0.013784778602421284,
    "steps": 30000
  }
}
