{
  "llm_meta": {
    "K": 1,
    "L": 4,
    "aggregate": "mean",
    "max_new_tokens_used": 64,
    "n": 5120,
    "parse_failures": 5120
  },
  "models": [
    {
      "arb_profit": 0.39999999085557647,
      "brier": 0.25,
      "ece": 0.0185546875,
      "gcal_S": 0.4000000059604645,
      "gcal_S_argmax_key": 1,
      "logloss": 0.6931471805599453,
      "n_eval": 1024,
      "name": "AR-intrinsic",
      "sce": 0.15999999268446147
    },
    {
      "arb_profit": 0.1605052049853839,
      "brier": 0.12212350361712973,
      "ece": 0.14722396412980743,
      "gcal_S": 0.1605052351951599,
      "gcal_S_argmax_key": 1,
      "logloss": 0.4199793993615504,
      "n_eval": 1024,
      "name": "Diffusion-intrinsic",
      "sce": 0.025761920827400992
    },
    {
      "arb_profit": 0.2313217589398846,
      "brier": 0.1578637751582534,
      "ece": 0.1912091354606673,
      "gcal_S": 0.5607142448425293,
      "gcal_S_argmax_key": 945,
      "logloss": 0.4995754998581111,
      "n_eval": 1024,
      "name": "AR+post",
      "sce": 0.06042046365426737
    },
    {
      "arb_profit": 0.09575954020692734,
      "brier": 0.11219021057974063,
      "ece": 0.08556014640635112,
      "gcal_S": 0.3821428418159485,
      "gcal_S_argmax_key": 945,
      "logloss": 0.38884260550834193,
      "n_eval": 1024,
      "name": "Diffusion+post",
      "sce": 0.013272278643365148
    }
  ]
}
