{
  "llm_meta": null,
  "models": [
    {
      "arb_profit": 0.0,
      "brier": 0.09113600000083477,
      "ece": 0.0014199909490346762,
      "logloss": 0.3282030322959033,
      "n_eval": 50000,
      "name": "oracle",
      "sce": 0.0
    },
    {
      "arb_profit": 0.3999999909490347,
      "brier": 0.25,
      "ece": 0.0038399999999999546,
      "logloss": 0.6931471805599453,
      "n_eval": 50000,
      "name": "const_0.5",
      "sce": 0.15999999275922808
    },
    {
      "arb_profit": 0.22781312465667725,
      "brier": 0.14238783461650592,
      "ece": 0.22639313370764258,
      "logloss": 0.4700478583887022,
      "n_eval": 50000,
      "name": "diff_analytic_rho=0.9",
      "sce": 0.05189881976583876
    },
    {
      "arb_profit": 0.3999999909490347,
      "brier": 0.25,
      "ece": 0.0038399999999999546,
      "logloss": 0.6931471805599453,
      "n_eval": 50000,
      "name": "L_query_oracle(L=2)",
      "sce": 0.15999999275922808
    }
  ]
}
