{
  "metrics": {
    "approachability": {
      "clip_eps": 1e-06,
      "curve": {
        "app_err": [
          0.35332489490509034,
          0.3343619978427887,
          0.2738173309961955,
          0.3024744063615799,
          0.3043542776107788,
          0.292438546816508,
          0.31237361805779595,
          0.31733883678913116,
          0.3256026487880283,
          0.3282135376930237,
          0.3234505375948819,
          0.32267861704031625,
          0.340046483369974,
          0.3268921795913151,
          0.32337624820073446,
          0.3203533186018467,
          0.31532135865267585,
          0.32177000721295673,
          0.3152128355126632,
          0.3033135939836502,
          0.29625861008961996,
          0.2863690324263139,
          0.27554545381794804,
          0.26895755300919216,
          0.26278094997406004,
          0.27219934921998246,
          0.27646351469887626,
          0.28904854689325604,
          0.2966161845470297,
          0.30106396961212156,
          0.303878769951482,
          0.3041140453517437,
          0.3104038138100595,
          0.31046611596556273,
          0.31613962732042583,
          0.32147885229852463,
          0.3222593810107257,
          0.31884724303295736,
          0.32371184116754775,
          0.3224582859873772,
          0.3202167686071273
        ],
        "t": [
          25,
          50,
          75,
          100,
          125,
          150,
          175,
          200,
          225,
          250,
          275,
          300,
          325,
          350,
          375,
          400,
          425,
          450,
          475,
          500,
          525,
          550,
          575,
          600,
          625,
          650,
          675,
          700,
          725,
          750,
          775,
          800,
          825,
          850,
          875,
          900,
          925,
          950,
          975,
          1000,
          1007
        ]
      },
      "curve_every": 25,
      "curve_time_ts": [
        1755607189.2302961,
        1764489601.992749,
        1749230456.1648982,
        1757692801.088487,
        1758664802.233784,
        1766128211.475931,
        1732637173.121185,
        1724251359.9818292,
        1721059248.318618,
        1744013206.271193,
        1762876482.4426408,
        1746826759.137544,
        1732896480.239716,
        1733157619.963896,
        1744989926.194477,
        1750393469.3211122,
        1761753601.459714,
        1754501963.403122,
        1759961288.509166,
        1763269211.025377,
        1761248934.536551,
        1763226002.830776,
        1760377501.636529,
        1758837601.160341,
        1758816001.2131681,
        1762223105.6333618,
        1739387368.848027,
        1748032840.909587,
        1757716857.430743,
        1764781204.521163,
        1765645206.241966,
        1735924157.979765,
        1721339217.885109,
        1763571613.495424,
        1763830813.849674,
        1751846980.529997,
        1764091557.935233,
        1740286957.537361,
        1765457700.588395,
        1751156628.462006,
        1732575428.504298
      ],
      "eps": 0.0,
      "family": "group_bin_indicator",
      "final": {
        "app_err": 0.3202167686071273,
        "top_violations": [
          {
            "bin_hi": 1.0,
            "bin_idx": 19,
            "bin_lo": 0.9500000000000001,
            "coord": 19,
            "group": "crypto",
            "group_idx": 0,
            "mean_payoff": -0.3202167686071273,
            "violation": 0.3202167686071273
          },
          {
            "bin_hi": 1.0,
            "bin_idx": 19,
            "bin_lo": 0.9500000000000001,
            "coord": 39,
            "group": "politics",
            "group_idx": 1,
            "mean_payoff": -0.22340677742214637,
            "violation": 0.22340677742214637
          },
          {
            "bin_hi": 1.0,
            "bin_idx": 19,
            "bin_lo": 0.9500000000000001,
            "coord": 59,
            "group": "sports",
            "group_idx": 2,
            "mean_payoff": -0.11927579874551995,
            "violation": 0.11927579874551995
          },
          {
            "bin_hi": 0.9500000000000001,
            "bin_idx": 18,
            "bin_lo": 0.9,
            "coord": 18,
            "group": "crypto",
            "group_idx": 0,
            "mean_payoff": -0.01322418492742423,
            "violation": 0.01322418492742423
          },
          {
            "bin_hi": 0.9500000000000001,
            "bin_idx": 18,
            "bin_lo": 0.9,
            "coord": 58,
            "group": "sports",
            "group_idx": 2,
            "mean_payoff": -0.011982035554035418,
            "violation": 0.011982035554035418
          },
          {
            "bin_hi": 0.9500000000000001,
            "bin_idx": 18,
            "bin_lo": 0.9,
            "coord": 38,
            "group": "politics",
            "group_idx": 1,
            "mean_payoff": -0.010984979473727698,
            "violation": 0.010984979473727698
          },
          {
            "bin_hi": 0.8500000000000001,
            "bin_idx": 16,
            "bin_lo": 0.8,
            "coord": 16,
            "group": "crypto",
            "group_idx": 0,
            "mean_payoff": -0.0041321382266880854,
            "violation": 0.0041321382266880854
          },
          {
            "bin_hi": 0.9,
            "bin_idx": 17,
            "bin_lo": 0.8500000000000001,
            "coord": 37,
            "group": "politics",
            "group_idx": 1,
            "mean_payoff": -0.0035493219384133755,
            "violation": 0.0035493219384133755
          },
          {
            "bin_hi": 0.8,
            "bin_idx": 15,
            "bin_lo": 0.75,
            "coord": 15,
            "group": "crypto",
            "group_idx": 0,
            "mean_payoff": -0.002132043760369764,
            "violation": 0.002132043760369764
          },
          {
            "bin_hi": 0.8500000000000001,
            "bin_idx": 16,
            "bin_lo": 0.8,
            "coord": 36,
            "group": "politics",
            "group_idx": 1,
            "mean_payoff": -0.0019674188093963896,
            "violation": 0.0019674188093963896
          }
        ]
      },
      "group_cols": [
        "topic"
      ],
      "n": 1007,
      "n_bins": 20,
      "n_groups": 3,
      "pred_col": "pred_prob",
      "time_col": "createdAt",
      "y_col": "y"
    },
    "brier": 0.706344239025925,
    "ece": 0.7175778748084678,
    "groups": {
      "topic": {
        "avg_abs_bias": 0.7175362929035914,
        "n_groups": 3,
        "worst_abs_bias": 0.7748904308250972
      }
    },
    "logloss": 3.002456271666363,
    "n": 1007,
    "trading": {
      "B": 1.0,
      "mode": "sign",
      "pnl_per_event": -0.16141857028487505,
      "transaction_cost": 0.0
    }
  }
}
