{
  "impact_model": {
    "name": "random_adversarial_3202",
    "regime": "adversarial",
    "base_fill_prob": 0.3508823931532016,
    "fill_size_decay": 0.24852674564827965,
    "fill_spread_sensitivity": 3.655543465131099,
    "permanent_impact": 0.0033029720044364394,
    "temporary_impact": 0.03738248293574709,
    "impact_power": 0.7018433262626708,
    "adverse_selection": 0.3383761407500645,
    "adverse_selection_decay": 0.36431081557536105,
    "mev_extraction_rate": 0.24097967837116152,
    "reorder_probability": 0.17307902360758226,
    "block_delay_cost": 0.0027913960408385784,
    "base_liquidity": 1751.5101059216954,
    "liquidity_price_factor": 2.0,
    "exit_spread": 0.04414616711518346,
    "exit_impact_mult": 2.5572984046132614,
    "stress_multiplier": 2.805030753416281
  },
  "best_params": {
    "spread_threshold": 0.10126869093809082,
    "n_bins": 17,
    "kelly_fraction": 0.45530708526267216,
    "max_position_pct": 0.1388263583048351,
    "fee": 0.008454887754879592
  },
  "optimization_sharpe": 2324408914317.9375,
  "final_evaluation": {
    "mean_sharpe": 4.645272424029432,
    "std_sharpe": 2.2820422580979067,
    "min_sharpe": -0.5446909005875629,
    "p5_sharpe": 0.9609532214666395,
    "p25_sharpe": 2.5579290597421362,
    "median_sharpe": 5.11552937511849,
    "mean_return": 70.00717759877101,
    "mean_fill_rate": 0.0025916292267675572,
    "mean_drawdown": 0.02684775659331267,
    "mean_impact_cost": 0.8767196286507101,
    "mean_mev_cost": 4.544206595946253,
    "mean_as_cost": 4.5143073895764445,
    "n_simulations": 50,
    "impact_model": "random_adversarial_3202",
    "regime": "adversarial"
  },
  "all_trials": [
    {
      "number": 0,
      "value": 31839751407.393345,
      "params": {
        "spread_threshold": 0.062435616638630745,
        "n_bins": 24,
        "kelly_fraction": 0.3793972738151323,
        "max_position_pct": 0.15769145136531842,
        "fee": 0.008900466011060912
      }
    },
    {
      "number": 1,
      "value": 657568578878.6742,
      "params": {
        "spread_threshold": 0.03183923284706837,
        "n_bins": 6,
        "kelly_fraction": 0.4397792655987208,
        "max_position_pct": 0.15825645270093802,
        "fee": 0.022701814444901137
      }
    },
    {
      "number": 2,
      "value": 83860790469.72566,
      "params": {
        "spread_threshold": 0.012881829201412343,
        "n_bins": 25,
        "kelly_fraction": 0.4245991883601898,
        "max_position_pct": 0.06883799545600351,
        "fee": 0.009545624180177514
      }
    },
    {
      "number": 3,
      "value": 1171957711052.3528,
      "params": {
        "spread_threshold": 0.03567663137948073,
        "n_bins": 11,
        "kelly_fraction": 0.28614039423450705,
        "max_position_pct": 0.11934735428768663,
        "fee": 0.012280728504951047
      }
    },
    {
      "number": 4,
      "value": 889912311506.1573,
      "params": {
        "spread_threshold": 0.09565940526113312,
        "n_bins": 7,
        "kelly_fraction": 0.1814650918408482,
        "max_position_pct": 0.1042632239575491,
        "fee": 0.016401749605425897
      }
    },
    {
      "number": 5,
      "value": 315903977363.6359,
      "params": {
        "spread_threshold": 0.11992463459502188,
        "n_bins": 9,
        "kelly_fraction": 0.28140549728612524,
        "max_position_pct": 0.15625535083826977,
        "fee": 0.006161260317999943
      }
    },
    {
      "number": 6,
      "value": 169936612287.27414,
      "params": {
        "spread_threshold": 0.09505627926620136,
        "n_bins": 8,
        "kelly_fraction": 0.0792732168433758,
        "max_position_pct": 0.23824367356826665,
        "fee": 0.02914080082686398
      }
    },
    {
      "number": 7,
      "value": 404029056699.4031,
      "params": {
        "spread_threshold": 0.12317562873630454,
        "n_bins": 11,
        "kelly_fraction": 0.09395245130287275,
        "max_position_pct": 0.17737359609779607,
        "fee": 0.01600381234349003
      }
    },
    {
      "number": 8,
      "value": 7723805313.351264,
      "params": {
        "spread_threshold": 0.027085352878269034,
        "n_bins": 15,
        "kelly_fraction": 0.06547483450184828,
        "max_position_pct": 0.2291436924781199,
        "fee": 0.011469499540000422
      }
    },
    {
      "number": 9,
      "value": 1120015059185.2976,
      "params": {
        "spread_threshold": 0.10275311980955747,
        "n_bins": 11,
        "kelly_fraction": 0.28403060953001485,
        "max_position_pct": 0.14574336424895432,
        "fee": 0.009621361388138176
      }
    },
    {
      "number": 10,
      "value": 234762285375.13858,
      "params": {
        "spread_threshold": 0.061069251278459566,
        "n_bins": 17,
        "kelly_fraction": 0.1967385186931856,
        "max_position_pct": 0.02413123139140852,
        "fee": 0.021428091726816024
      }
    },
    {
      "number": 11,
      "value": 128680859140.73993,
      "params": {
        "spread_threshold": 0.06490258062260942,
        "n_bins": 13,
        "kelly_fraction": 0.296906532147106,
        "max_position_pct": 0.10089470909712195,
        "fee": 0.01278926525488654
      }
    },
    {
      "number": 12,
      "value": 408487917850.4312,
      "params": {
        "spread_threshold": 0.14759374336888562,
        "n_bins": 19,
        "kelly_fraction": 0.337550665222313,
        "max_position_pct": 0.11293944049506502,
        "fee": 0.005785815144768867
      }
    },
    {
      "number": 13,
      "value": 611907467752.0385,
      "params": {
        "spread_threshold": 0.043609321639411495,
        "n_bins": 12,
        "kelly_fraction": 0.19677594266808887,
        "max_position_pct": 0.20916673163822155,
        "fee": 0.013674124420176965
      }
    },
    {
      "number": 14,
      "value": 283018199635.9053,
      "params": {
        "spread_threshold": 0.08750975463534172,
        "n_bins": 10,
        "kelly_fraction": 0.2415012834828416,
        "max_position_pct": 0.05004978370783604,
        "fee": 0.020691073631398747
      }
    },
    {
      "number": 15,
      "value": 1085698003530.0992,
      "params": {
        "spread_threshold": 0.1154514151637061,
        "n_bins": 5,
        "kelly_fraction": 0.4982074392863459,
        "max_position_pct": 0.12911010396918543,
        "fee": 0.008894594829829638
      }
    },
    {
      "number": 16,
      "value": 158591469633.55276,
      "params": {
        "spread_threshold": 0.07133822344875881,
        "n_bins": 14,
        "kelly_fraction": 0.3365131675581005,
        "max_position_pct": 0.07727678604557311,
        "fee": 0.01785663849262467
      }
    },
    {
      "number": 17,
      "value": 67763414919.11282,
      "params": {
        "spread_threshold": 0.04726997591723663,
        "n_bins": 20,
        "kelly_fraction": 0.13953027913971844,
        "max_position_pct": 0.18136522377538095,
        "fee": 0.014018550530269795
      }
    },
    {
      "number": 18,
      "value": 834111740037.2892,
      "params": {
        "spread_threshold": 0.10687599949641244,
        "n_bins": 16,
        "kelly_fraction": 0.23684297736348503,
        "max_position_pct": 0.13223555187046085,
        "fee": 0.02551180632966729
      }
    },
    {
      "number": 19,
      "value": 888094404300.082,
      "params": {
        "spread_threshold": 0.1398630396290957,
        "n_bins": 12,
        "kelly_fraction": 0.31291509802701273,
        "max_position_pct": 0.19518242866135005,
        "fee": 0.010717564811455702
      }
    },
    {
      "number": 20,
      "value": 846792635963.0659,
      "params": {
        "spread_threshold": 0.08085173987056371,
        "n_bins": 9,
        "kelly_fraction": 0.3823582513652691,
        "max_position_pct": 0.08131184507479246,
        "fee": 0.0073743175695940195
      }
    },
    {
      "number": 21,
      "value": 587644405454.9122,
      "params": {
        "spread_threshold": 0.1159035186300029,