{
  "llm_meta": {
    "K": 1,
    "L": 4,
    "aggregate": "mean",
    "max_new_tokens_used": 64,
    "n": 5120,
    "parse_failures": 47
  },
  "models": [
    {
      "arb_profit": 0.4324804725947615,
      "brier": 0.42890897853126553,
      "ece": 0.41900389788861503,
      "gcal_S": 0.8999999761581421,
      "gcal_S_argmax_key": 370,
      "logloss": 1.690370842608235,
      "n_eval": 1024,
      "name": "AR-intrinsic",
      "sce": 0.3439050753559688
    },
    {
      "arb_profit": 0.1605052049853839,
      "brier": 0.12212350361712973,
      "ece": 0.14722396412980743,
      "gcal_S": 0.1605052351951599,
      "gcal_S_argmax_key": 1,
      "logloss": 0.4199793993615504,
      "n_eval": 1024,
      "name": "Diffusion-intrinsic",
      "sce": 0.025761920827400992
    },
    {
      "arb_profit": 0.3037773817522975,
      "brier": 0.23613046854318764,
      "ece": 0.210421683939785,
      "gcal_S": 0.8791667222976685,
      "gcal_S_argmax_key": 541,
      "logloss": 0.6866656949012709,
      "n_eval": 1024,
      "name": "AR+post",
      "sce": 0.14733909884601376
    },
    {
      "arb_profit": 0.09575954020692734,
      "brier": 0.11219021057974063,
      "ece": 0.08556014640635112,
      "gcal_S": 0.3821428418159485,
      "gcal_S_argmax_key": 945,
      "logloss": 0.38884260550834193,
      "n_eval": 1024,
      "name": "Diffusion+post",
      "sce": 0.013272278643365148
    }
  ]
}
