{
  "metrics": {
    "brier": 0.42409693836014756,
    "ece": 0.47781090956926353,
    "groups": {
      "ttc_q5": {
        "avg_abs_bias": 0.4778109095692634,
        "n_groups": 5,
        "worst_abs_bias": 0.553044797034377
      },
      "volume_q5": {
        "avg_abs_bias": 0.4778109095692634,
        "n_groups": 5,
        "worst_abs_bias": 0.4985357085194612
      }
    },
    "logloss": 1.089956450565536,
    "n": 4000,
    "trading": {
      "B": 1.0,
      "kelly": {
        "final_bankroll": 3.349013529968608e-257,
        "n": 4000,
        "roi": -1.0
      },
      "mode": "sign",
      "pnl_per_event": -0.164227500297784,
      "transaction_cost": 0.0
    }
  },
  "train_meta": {
    "final_loss": 0.030474538053385913,
    "steps": 10000
  }
}
