{
  "ar": {
    "brier": 0.18805122585582915,
    "ece": 0.11895593295271586,
    "logloss": 0.5522295816291463,
    "pnl": 0.11293833369699617,
    "roi": 27.272330720127627,
    "sharpe": 4.697887041145678
  },
  "hybrid": {
    "brier": 0.2391157922993555,
    "ece": 0.22139075984557474,
    "logloss": 0.6712348307619361,
    "pnl": 0.034005000439162054,
    "roi": -0.9884058416715923,
    "sharpe": 1.3269554639688594
  },
  "improvement": {
    "brier_pct": -27.154604396291138,
    "ece_pct": -86.11157455557597,
    "pnl_diff": -0.07893333325783411,
    "roi_diff_pp": -2826.073656179922
  },
  "market": {
    "brier": 0.19816901153813513,
    "ece": 0.17459500089598198,
    "logloss": 0.5692478018428687
  },
  "n_test": 300,
  "n_train": 1200,
  "train_meta": {
    "final_loss": 0.31373906165361404,
    "steps": 2000
  }
}
