{
  "llm_meta": null,
  "models": [
    {
      "arb_profit": 0.39999999087452887,
      "brier": 0.25,
      "ece": 0.0046000000000000485,
      "gcal_S": 0.4000000059604645,
      "gcal_S_argmax_key": 1,
      "logloss": 0.6931471805599454,
      "n_eval": 5000,
      "name": "AR-intrinsic",
      "sce": 0.1599999926996234
    },
    {
      "arb_profit": 0.16050520502328872,
      "brier": 0.116528307093801,
      "ece": 0.15890521414875983,
      "gcal_S": 0.1605052351951599,
      "gcal_S_argmax_key": 1,
      "logloss": 0.4077918341899922,
      "n_eval": 5000,
      "name": "Diffusion-intrinsic",
      "sce": 0.025761920839568835
    },
    {
      "arb_profit": 0.08641323754638433,
      "brier": 0.10150055709061456,
      "ece": 0.08430865568071605,
      "gcal_S": 0.4096153676509857,
      "gcal_S_argmax_key": 216,
      "logloss": 0.36207427047280494,
      "n_eval": 5000,
      "name": "AR+post",
      "sce": 0.01075787911186064
    },
    {
      "arb_profit": 0.050642249903082845,
      "brier": 0.09550132674516237,
      "ece": 0.05308225391209125,
      "gcal_S": 0.3134615421295166,
      "gcal_S_argmax_key": 216,
      "logloss": 0.34425444738259203,
      "n_eval": 5000,
      "name": "Diffusion+post",
      "sce": 0.004581045097659218
    }
  ]
}
