{
  "metrics": {
    "approachability": {
      "clip_eps": 1e-06,
      "curve": {
        "app_err": [
          0.3941426420211792,
          0.3751238369941711,
          0.3017265446980794,
          0.334397639632225,
          0.33060216903686523,
          0.3213657283782959,
          0.34317458118711197,
          0.3495975658297539,
          0.3546680005391439,
          0.3546954774856567,
          0.35118346084247937,
          0.3514647603034973,
          0.3670025975887592,
          0.3520367750099727,
          0.34701594575246175,
          0.34264506578445436,
          0.3409570424696978,
          0.3482775828573439,
          0.34038666787900423,
          0.3272829028367996,
          0.3191976906004406,
          0.3082883944294669,
          0.29825989318930585,
          0.29077081561088564,
          0.2791248405456543,
          0.2791865621163295,
          0.2833661264843411,
          0.29725980051926204,
          0.3060552873282597,
          0.3128678180376689,
          0.31545204362561624,
          0.315376213863492,
          0.322588497653152,
          0.32464404646088096,
          0.3300339722633362,
          0.33727749685446423,
          0.33874608336268247,
          0.33496779755542155,
          0.3415361889814719,
          0.3399041660428047,
          0.33754137640794907
        ],
        "t": [
          25,
          50,
          75,
          100,
          125,
          150,
          175,
          200,
          225,
          250,
          275,
          300,
          325,
          350,
          375,
          400,
          425,
          450,
          475,
          500,
          525,
          550,
          575,
          600,
          625,
          650,
          675,
          700,
          725,
          750,
          775,
          800,
          825,
          850,
          875,
          900,
          925,
          950,
          975,
          1000,
          1007
        ]
      },
      "curve_every": 25,
      "curve_time_ts": [
        1755607189.2302961,
        1764489601.992749,
        1749230456.1648982,
        1757692801.088487,
        1758664802.233784,
        1766128211.475931,
        1732637173.121185,
        1724251359.9818292,
        1721059248.318618,
        1744013206.271193,
        1762876482.4426408,
        1746826759.137544,
        1732896480.239716,
        1733157619.963896,
        1744989926.194477,
        1750393469.3211122,
        1761753601.459714,
        1754501963.403122,
        1759961288.509166,
        1763269211.025377,
        1761248934.536551,
        1763226002.830776,
        1760377501.636529,
        1758837601.160341,
        1758816001.2131681,
        1762223105.6333618,
        1739387368.848027,
        1748032840.909587,
        1757716857.430743,
        1764781204.521163,
        1765645206.241966,
        1735924157.979765,
        1721339217.885109,
        1763571613.495424,
        1763830813.849674,
        1751846980.529997,
        1764091557.935233,
        1740286957.537361,
        1765457700.588395,
        1751156628.462006,
        1732575428.504298
      ],
      "eps": 0.0,
      "family": "group_bin_indicator",
      "final": {
        "app_err": 0.33754137640794907,
        "top_violations": [
          {
            "bin_hi": 1.0,
            "bin_idx": 19,
            "bin_lo": 0.9500000000000001,
            "coord": 19,
            "group": "crypto",
            "group_idx": 0,
            "mean_payoff": -0.33754137640794907,
            "violation": 0.33754137640794907
          },
          {
            "bin_hi": 1.0,
            "bin_idx": 19,
            "bin_lo": 0.9500000000000001,
            "coord": 39,
            "group": "politics",
            "group_idx": 1,
            "mean_payoff": -0.24082458634835843,
            "violation": 0.24082458634835843
          },
          {
            "bin_hi": 1.0,
            "bin_idx": 19,
            "bin_lo": 0.9500000000000001,
            "coord": 59,
            "group": "sports",
            "group_idx": 2,
            "mean_payoff": -0.13301928786795805,
            "violation": 0.13301928786795805
          },
          {
            "bin_hi": 0.9500000000000001,
            "bin_idx": 18,
            "bin_lo": 0.9,
            "coord": 18,
            "group": "crypto",
            "group_idx": 0,
            "mean_payoff": -0.00723802001615977,
            "violation": 0.00723802001615977
          },
          {
            "bin_hi": 0.9500000000000001,
            "bin_idx": 18,
            "bin_lo": 0.9,
            "coord": 58,
            "group": "sports",
            "group_idx": 2,
            "mean_payoff": -0.002736951293869549,
            "violation": 0.002736951293869549
          },
          {
            "bin_hi": 0.9500000000000001,
            "bin_idx": 18,
            "bin_lo": 0.9,
            "coord": 38,
            "group": "politics",
            "group_idx": 1,
            "mean_payoff": -0.002533732128238015,
            "violation": 0.002533732128238015
          },
          {
            "bin_hi": 0.9,
            "bin_idx": 17,
            "bin_lo": 0.8500000000000001,
            "coord": 17,
            "group": "crypto",
            "group_idx": 0,
            "mean_payoff": -0.001752614974975586,
            "violation": 0.001752614974975586
          },
          {
            "bin_hi": 0.8500000000000001,
            "bin_idx": 16,
            "bin_lo": 0.8,
            "coord": 36,
            "group": "politics",
            "group_idx": 1,
            "mean_payoff": -0.0016129303949236752,
            "violation": 0.0016129303949236752
          },
          {
            "bin_hi": 0.75,
            "bin_idx": 14,
            "bin_lo": 0.7000000000000001,
            "coord": 34,
            "group": "politics",
            "group_idx": 1,
            "mean_payoff": -0.0007441056875628534,
            "violation": 0.0007441056875628534
          },
          {
            "bin_hi": 0.6000000000000001,
            "bin_idx": 11,
            "bin_lo": 0.55,
            "coord": 31,
            "group": "politics",
            "group_idx": 1,
            "mean_payoff": -0.0005577050941111196,
            "violation": 0.0005577050941111196
          }
        ]
      },
      "group_cols": [
        "topic"
      ],
      "n": 1007,
      "n_bins": 20,
      "n_groups": 3,
      "pred_col": "pred_prob",
      "time_col": "createdAt",
      "y_col": "y"
    },
    "brier": 0.7231292987513136,
    "ece": 0.729470036798106,
    "groups": {
      "topic": {
        "avg_abs_bias": 0.7294382756907039,
        "n_groups": 3,
        "worst_abs_bias": 0.7892469695636204
      }
    },
    "logloss": 3.396678929119402,
    "n": 1007,
    "trading": {
      "B": 1.0,
      "mode": "sign",
      "pnl_per_event": -0.16416931505242868,
      "transaction_cost": 0.0
    }
  }
}
