{
  "llm_meta": {
    "K": 1,
    "L": 4,
    "aggregate": "mean",
    "max_new_tokens_used": 64,
    "n": 9216,
    "parse_failures": 92
  },
  "models": [
    {
      "arb_profit": 0.44964844107562385,
      "brier": 0.4565720635817753,
      "ece": 0.45150389821901626,
      "gcal_S": 0.8899999856948853,
      "gcal_S_argmax_key": 7,
      "logloss": 1.782881778554168,
      "n_eval": 1024,
      "name": "AR-intrinsic",
      "sce": 0.35811503558143637
    },
    {
      "arb_profit": 0.13463182770647109,
      "brier": 0.10118054896995332,
      "ece": 0.14771777391433713,
      "gcal_S": 0.13463184237480164,
      "gcal_S_argmax_key": 1,
      "logloss": 0.37016021710958813,
      "n_eval": 1024,
      "name": "Diffusion-intrinsic",
      "sce": 0.018125729031585137
    },
    {
      "arb_profit": 0.11907909879573708,
      "brier": 0.10945599843931246,
      "ece": 0.11336352490525314,
      "gcal_S": 0.3685714423656464,
      "gcal_S_argmax_key": 155,
      "logloss": 0.39701801438956463,
      "n_eval": 1024,
      "name": "AR+post",
      "sce": 0.024929017662773965
    },
    {
      "arb_profit": 0.03420984530384885,
      "brier": 0.08155807016884578,
      "ece": 0.033325822798360605,
      "gcal_S": 0.1801723837852478,
      "gcal_S_argmax_key": 111,
      "logloss": 0.30339377182383565,
      "n_eval": 1024,
      "name": "Diffusion+post",
      "sce": 0.0020909415080689834
    }
  ]
}
