{
  "results": [
    {
      "mse": 0.0,
      "n": 10000,
      "name": "oracle",
      "static_arbitrage": {
        "M": 19,
        "curve": {
          "app_err": [
            0.0,
            0.0,
            0.0,
            0.0,
            0.0,
            0.0,
            0.0,
            0.0,
            0.0,
            0.0,
            0.0,
            0.0,
            0.0,
            0.0,
            0.0,
            0.0,
            0.0,
            0.0,
            0.0,
            0.0,
            0.0,
            0.0,
            0.0,
            0.0,
            0.0,
            0.0,
            0.0,
            0.0,
            0.0,
            0.0,
            0.0,
            0.0,
            0.0,
            0.0,
            0.0,
            0.0,
            0.0,
            0.0,
            0.0,
            0.0,
            0.0,
            0.0,
            0.0,
            0.0,
            0.0,
            0.0,
            0.0,
            0.0,
            0.0,
            0.0
          ],
          "t": [
            200,
            400,
            600,
            800,
            1000,
            1200,
            1400,
            1600,
            1800,
            2000,
            2200,
            2400,
            2600,
            2800,
            3000,
            3200,
            3400,
            3600,
            3800,
            4000,
            4200,
            4400,
            4600,
            4800,
            5000,
            5200,
            5400,
            5600,
            5800,
            6000,
            6200,
            6400,
            6600,
            6800,
            7000,
            7200,
            7400,
            7600,
            7800,
            8000,
            8200,
            8400,
            8600,
            8800,
            9000,
            9200,
            9400,
            9600,
            9800,
            10000
          ]
        },
        "final_app_err": 0.0,
        "frac_any_violated": 0.0,
        "mean_pos": 0.0,
        "structure": "chain"
      }
    },
    {
      "mse": 0.0059318973223429,
      "n": 10000,
      "name": "diff(steps=8,mc=16)",
      "static_arbitrage": {
        "M": 19,
        "curve": {
          "app_err": [
            0.0,
            0.0,
            0.0,
            0.0,
            0.0,
            0.0,
            2.8680052076067245e-06,
            2.5095045566558837e-06,
            3.6172734366522893e-06,
            3.2555460929870605e-06,
            2.9595873572609643e-06,
            2.712955077489217e-06,
            2.504266225374662e-06,
            2.325390066419329e-06,
            2.1703640619913737e-06,
            3.1425803899765016e-06,
            2.957722719977884e-06,
            2.7934047910902233e-06,
            2.6463834862960014e-06,
            2.5140643119812013e-06,
            2.3943469637916204e-06,
            3.1556459990414707e-06,
            3.018443999083146e-06,
            2.892675499121348e-06,
            2.776968479156494e-06,
            2.670161999188937e-06,
            2.5712671103300872e-06,
            2.4794361421040126e-06,
            2.393938344100426e-06,
            2.7073323726654054e-06,
            2.6199990703213598e-06,
            2.5381240993738174e-06,
            5.765345060464107e-06,
            5.595776088097516e-06,
            5.43589677129473e-06,
            5.284899638758765e-06,
            5.534297308406315e-06,
            5.388657905553516e-06,
            5.250487190026503e-06,
            5.1192250102758404e-06,
            4.994365863683747e-06,
            4.875452390738896e-06,
            4.762069777000782e-06,
            4.653840918432583e-06,
            4.550422231356303e-06,
            4.451500008935514e-06,
            4.3567872427879495e-06,
            4.2660208418965336e-06,
            4.178959192061911e-06,
            4.0953800082206725e-06
          ],
          "t": [
            200,
            400,
            600,
            800,
            1000,
            1200,
            1400,
            1600,
            1800,
            2000,
            2200,
            2400,
            2600,
            2800,
            3000,
            3200,
            3400,
            3600,
            3800,
            4000,
            4200,
            4400,
            4600,
            4800,
            5000,
            5200,
            5400,
            5600,
            5800,
            6000,
            6200,
            6400,
            6600,
            6800,
            7000,
            7200,
            7400,
            7600,
            7800,
            8000,
            8200,
            8400,
            8600,
            8800,
            9000,
            9200,
            9400,
            9600,
            9800,
            10000
          ]
        },
        "final_app_err": 4.0953800082206725e-06,
        "frac_any_violated": 0.002,
        "mean_pos": 6.08360375228681e-07,
        "structure": "chain"
      }
    },
    {
      "mse": 0.005662779822087121,
      "n": 10000,
      "name": "diff(steps=16,mc=16)",
      "static_arbitrage": {
        "M": 19,
        "curve": {
          "app_err": [
            0.0,
            0.0,
            0.0,
            0.0,
            0.0,
            0.0,
            7.776575429098947e-06,
            6.804503500461578e-06,
            7.438560326894124e-06,
            6.694704294204712e-06,
            6.803382526744496e-06,
            6.236433982849121e-06,
            5.756708291860727e-06,
            5.623102188110352e-06,
            8.37417443593343e-06,
            8.193552494049072e-06,
            7.711578817928538e-06,
            7.283157772488064e-06,
            6.899833679199219e-06,
            7.0888102054595944e-06,
            6.751247814723424e-06,
            6.444372914054177e-06,
            6.1641827873561694e-06,
            5.907341837882996e-06,
            5.671048164367676e-06,
            5.452930927276611e-06,
            5.250970522562663e-06,
            5.063435861042568e-06,
            4.888834624454893e-06,
            6.2722563743591305e-06,
            6.069925523573353e-06,
            5.899025127291679e-06,
            5.743002349680121e-06,
            5.860092008815092e-06,
            5.692660808563233e-06,
            5.534531341658698e-06,
            5.838854892833813e-06,
            5.685200816706607e-06,
            5.539426436791053e-06,
            5.582503974437713e-06,
            5.446345340914843e-06,
            5.316670451845441e-06,
            5.36068927410037e-06,
            5.238855426961725e-06,
            5.446155865987142e-06,
            5.327761173248291e-06,
            5.2144045525408805e-06,
            5.105771124362945e-06,
            5.001571713661661e-06,
            4.972344636917114e-06
          ],
          "t": [
            200,
            400,
            600,
            800,
            1000,
            1200,
            1400,
            1600,
            1800,
            2000,
            2200,
            2400,
            2600,
            2800,
            3000,
            3200,
            3400,
            3600,
            3800,
            4000,
            4200,
            4400,
            4600,
            4800,
            5000,
            5200,
            5400,
            5600,
            5800,
            6000,
            6200,
            6400,
            6600,
            6800,
            7000,
            7200,
            7400,
            7600,
            7800,
            8000,
            8200,
            8400,
            8600,
            8800,
            9000,
            9200,
            9400,
            9600,
            9800,
            10000
          ]
        },
        "final_app_err": 4.972344636917114e-06,
        "frac_any_violated": 0.004,
        "mean_pos": 1.0422595237430774e-06,