{
  "impact_model": {
    "name": "random_adversarial_1501",
    "regime": "adversarial",
    "base_fill_prob": 0.3797446008575155,
    "fill_size_decay": 0.21806039046128975,
    "fill_spread_sensitivity": 3.4819548107674967,
    "permanent_impact": 0.009220819172350733,
    "temporary_impact": 0.028231051593344443,
    "impact_power": 0.660709009438569,
    "adverse_selection": 0.36415357102309387,
    "adverse_selection_decay": 0.32755585895056305,
    "mev_extraction_rate": 0.1111913248301305,
    "reorder_probability": 0.27376587068256886,
    "block_delay_cost": 0.003414182263513854,
    "base_liquidity": 3737.5833017792156,
    "liquidity_price_factor": 2.0,
    "exit_spread": 0.06024651278425726,
    "exit_impact_mult": 3.88192652210733,
    "stress_multiplier": 2.9602449222818388
  },
  "best_params": {
    "spread_threshold": 0.05559872853235747,
    "n_bins": 23,
    "kelly_fraction": 0.397440723279989,
    "max_position_pct": 0.16340801909129635,
    "fee": 0.022670823217749117
  },
  "optimization_sharpe": 2152608987378.7278,
  "final_evaluation": {
    "mean_sharpe": 4.488628351369973,
    "std_sharpe": 2.1189282519791965,
    "min_sharpe": -1.3572740522601516,
    "p5_sharpe": 1.4776230274310946,
    "p25_sharpe": 3.3955538740634497,
    "median_sharpe": 4.513006266245011,
    "mean_return": 125.1782751057679,
    "mean_fill_rate": 0.003577363223075717,
    "mean_drawdown": 0.036887577572382056,
    "mean_impact_cost": 0.9848431661645364,
    "mean_mev_cost": 5.061123860336243,
    "mean_as_cost": 8.018885005798241,
    "n_simulations": 50,
    "impact_model": "random_adversarial_1501",
    "regime": "adversarial"
  },
  "all_trials": [
    {
      "number": 0,
      "value": 8827559506.664639,
      "params": {
        "spread_threshold": 0.062435616638630745,
        "n_bins": 24,
        "kelly_fraction": 0.3793972738151323,
        "max_position_pct": 0.15769145136531842,
        "fee": 0.008900466011060912
      }
    },
    {
      "number": 1,
      "value": 661047165870.7948,
      "params": {
        "spread_threshold": 0.03183923284706837,
        "n_bins": 6,
        "kelly_fraction": 0.4397792655987208,
        "max_position_pct": 0.15825645270093802,
        "fee": 0.022701814444901137
      }
    },
    {
      "number": 2,
      "value": 43628222700.80948,
      "params": {
        "spread_threshold": 0.012881829201412343,
        "n_bins": 25,
        "kelly_fraction": 0.4245991883601898,
        "max_position_pct": 0.06883799545600351,
        "fee": 0.009545624180177514
      }
    },
    {
      "number": 3,
      "value": 1342516264720.4382,
      "params": {
        "spread_threshold": 0.03567663137948073,
        "n_bins": 11,
        "kelly_fraction": 0.28614039423450705,
        "max_position_pct": 0.11934735428768663,
        "fee": 0.012280728504951047
      }
    },
    {
      "number": 4,
      "value": 891649700107.7339,
      "params": {
        "spread_threshold": 0.09565940526113312,
        "n_bins": 7,
        "kelly_fraction": 0.1814650918408482,
        "max_position_pct": 0.1042632239575491,
        "fee": 0.016401749605425897
      }
    },
    {
      "number": 5,
      "value": 16424595790.55409,
      "params": {
        "spread_threshold": 0.11992463459502188,
        "n_bins": 9,
        "kelly_fraction": 0.28140549728612524,
        "max_position_pct": 0.15625535083826977,
        "fee": 0.006161260317999943
      }
    },
    {
      "number": 6,
      "value": 175899376425.04483,
      "params": {
        "spread_threshold": 0.09505627926620136,
        "n_bins": 8,
        "kelly_fraction": 0.0792732168433758,
        "max_position_pct": 0.23824367356826665,
        "fee": 0.02914080082686398
      }
    },
    {
      "number": 7,
      "value": 27545977587.51746,
      "params": {
        "spread_threshold": 0.12317562873630454,
        "n_bins": 11,
        "kelly_fraction": 0.09395245130287275,
        "max_position_pct": 0.17737359609779607,
        "fee": 0.01600381234349003
      }
    },
    {
      "number": 8,
      "value": 1617660695.899203,
      "params": {
        "spread_threshold": 0.027085352878269034,
        "n_bins": 15,
        "kelly_fraction": 0.06547483450184828,
        "max_position_pct": 0.2291436924781199,
        "fee": 0.011469499540000422
      }
    },
    {
      "number": 9,
      "value": 1300129401630.1973,
      "params": {
        "spread_threshold": 0.10275311980955747,
        "n_bins": 11,
        "kelly_fraction": 0.28403060953001485,
        "max_position_pct": 0.14574336424895432,
        "fee": 0.009621361388138176
      }
    },
    {
      "number": 10,
      "value": 271054778190.41846,
      "params": {
        "spread_threshold": 0.061069251278459566,
        "n_bins": 17,
        "kelly_fraction": 0.1967385186931856,
        "max_position_pct": 0.02413123139140852,
        "fee": 0.021428091726816024
      }
    },
    {
      "number": 11,
      "value": 129739729628.61006,
      "params": {
        "spread_threshold": 0.06490258062260942,
        "n_bins": 13,
        "kelly_fraction": 0.296906532147106,
        "max_position_pct": 0.10089470909712195,
        "fee": 0.01278926525488654
      }
    },
    {
      "number": 12,
      "value": 50363141361.43336,
      "params": {
        "spread_threshold": 0.14759374336888562,
        "n_bins": 19,
        "kelly_fraction": 0.337550665222313,
        "max_position_pct": 0.11293944049506502,
        "fee": 0.005785815144768867
      }
    },
    {
      "number": 13,
      "value": 350263371513.7675,
      "params": {
        "spread_threshold": 0.043609321639411495,
        "n_bins": 12,
        "kelly_fraction": 0.19677594266808887,
        "max_position_pct": 0.20916673163822155,
        "fee": 0.013674124420176965
      }
    },
    {
      "number": 14,
      "value": 117597578267.45995,
      "params": {
        "spread_threshold": 0.08750975463534172,
        "n_bins": 10,
        "kelly_fraction": 0.2415012834828416,
        "max_position_pct": 0.05004978370783604,
        "fee": 0.020691073631398747
      }
    },
    {
      "number": 15,
      "value": 766136029146.7548,
      "params": {
        "spread_threshold": 0.1154514151637061,
        "n_bins": 5,
        "kelly_fraction": 0.4982074392863459,
        "max_position_pct": 0.12911010396918543,
        "fee": 0.008894594829829638
      }
    },
    {
      "number": 16,
      "value": 168380404920.83847,
      "params": {
        "spread_threshold": 0.07133822344875881,
        "n_bins": 14,
        "kelly_fraction": 0.3365131675581005,
        "max_position_pct": 0.07727678604557311,
        "fee": 0.01785663849262467
      }
    },
    {
      "number": 17,
      "value": 53951605150.260506,
      "params": {
        "spread_threshold": 0.04726997591723663,
        "n_bins": 20,
        "kelly_fraction": 0.13953027913971844,
        "max_position_pct": 0.18136522377538095,
        "fee": 0.014018550530269795
      }
    },
    {
      "number": 18,
      "value": 665430701832.801,
      "params": {
        "spread_threshold": 0.10687599949641244,
        "n_bins": 16,
        "kelly_fraction": 0.23684297736348503,
        "max_position_pct": 0.13223555187046085,
        "fee": 0.02551180632966729
      }
    },
    {
      "number": 19,
      "value": 917498586768.8732,
      "params": {
        "spread_threshold": 0.1398630396290957,
        "n_bins": 12,
        "kelly_fraction": 0.31291509802701273,
        "max_position_pct": 0.19518242866135005,
        "fee": 0.010717564811455702
      }
    },
    {
      "number": 20,
      "value": 891626624620.1354,
      "params": {
        "spread_threshold": 0.08085173987056371,
        "n_bins": 9,
        "kelly_fraction": 0.3823582513652691,
        "max_position_pct": 0.08131184507479246,
        "fee": 0.0073743175695940195
      }
    },
    {
      "number": 21,
      "value": 914928981045.2465,
      "params": {
        "spread_threshold": 0.1300805072977519,