{
  "ar": {
    "brier": 0.19905515223803422,
    "ece": 0.11507715964497767,
    "logloss": 0.5861990626593563,
    "pnl": 0.10304900035828816,
    "roi": 168745.538561884,
    "sharpe": 7.714715923113402
  },
  "hybrid": {
    "brier": 0.2470844763032036,
    "ece": 0.2275412512123585,
    "logloss": 0.6874082643668552,
    "pnl": 0.00912799982458817,
    "roi": -0.9999992055106236,
    "sharpe": 0.6370883378031675
  },
  "improvement": {
    "brier_pct": -24.12865154464072,
    "ece_pct": -97.72929042943154,
    "pnl_diff": -0.09392100053369999,
    "roi_diff_pp": -16874653.856108952
  },
  "market": {
    "brier": 0.2061309795242735,
    "ece": 0.174395000534947,
    "logloss": 0.5880889664343519
  },
  "n_test": 1000,
  "n_train": 4000,
  "train_meta": {
    "final_loss": 0.2995492722839117,
    "steps": 5000
  }
}
