{
  "llm_meta": null,
  "models": [
    {
      "arb_profit": 0.0,
      "brier": 0.08969600005829365,
      "ece": 0.0017280148607492596,
      "logloss": 0.32424802837591404,
      "n_eval": 100000,
      "name": "oracle",
      "sce": 0.0
    },
    {
      "arb_profit": 0.3999999911266565,
      "brier": 0.25,
      "ece": 8.00000000000245e-05,
      "logloss": 0.6931471805599453,
      "n_eval": 100000,
      "name": "const_0.5",
      "sce": 0.15999999290132552
    },
    {
      "arb_profit": 0.07419748611032963,
      "brier": 0.09525765835803979,
      "ece": 0.07457749498367311,
      "logloss": 0.3464248852961158,
      "n_eval": 100000,
      "name": "diff_analytic_rho=0.95",
      "sce": 0.005505266945092781
    },
    {
      "arb_profit": 0.0,
      "brier": 0.08969600005829365,
      "ece": 0.0017280148607492596,
      "logloss": 0.32424802837591404,
      "n_eval": 100000,
      "name": "L_query_oracle(L=4)",
      "sce": 0.0
    }
  ]
}
