{
  "results": [
    {
      "mse": 0.0,
      "n": 10000,
      "name": "oracle",
      "static_arbitrage": {
        "M": 59,
        "curve": {
          "app_err": [
            0.0,
            0.0,
            0.0,
            0.0,
            0.0,
            0.0,
            0.0,
            0.0,
            0.0,
            0.0,
            0.0,
            0.0,
            0.0,
            0.0,
            0.0,
            0.0,
            0.0,
            0.0,
            0.0,
            0.0,
            0.0,
            0.0,
            0.0,
            0.0,
            0.0,
            0.0,
            0.0,
            0.0,
            0.0,
            0.0,
            0.0,
            0.0,
            0.0,
            0.0,
            0.0,
            0.0,
            0.0,
            0.0,
            0.0,
            0.0,
            0.0,
            0.0,
            0.0,
            0.0,
            0.0,
            0.0,
            0.0,
            0.0,
            0.0,
            0.0
          ],
          "t": [
            200,
            400,
            600,
            800,
            1000,
            1200,
            1400,
            1600,
            1800,
            2000,
            2200,
            2400,
            2600,
            2800,
            3000,
            3200,
            3400,
            3600,
            3800,
            4000,
            4200,
            4400,
            4600,
            4800,
            5000,
            5200,
            5400,
            5600,
            5800,
            6000,
            6200,
            6400,
            6600,
            6800,
            7000,
            7200,
            7400,
            7600,
            7800,
            8000,
            8200,
            8400,
            8600,
            8800,
            9000,
            9200,
            9400,
            9600,
            9800,
            10000
          ]
        },
        "final_app_err": 0.0,
        "frac_any_violated": 0.0,
        "mean_pos": 0.0,
        "structure": "chain"
      }
    },
    {
      "mse": 0.002212483034227738,
      "n": 10000,
      "name": "diff(steps=8,mc=16)",
      "static_arbitrage": {
        "M": 59,
        "curve": {
          "app_err": [
            0.00033321455121040346,
            0.0003053784370422363,
            0.00034036492307980856,
            0.0003353803604841232,
            0.0003560998737812042,
            0.00032578629752000175,
            0.00029861677970205035,
            0.0002947661839425564,
            0.0003171709842152066,
            0.00034184005856513976,
            0.000337261977520856,
            0.00034172171105941135,
            0.0003349318985755627,
            0.0003367161005735397,
            0.00033554098010063173,
            0.0003343757800757885,
            0.0003333610120941611,
            0.0003336299045218362,
            0.0003432070267827887,
            0.000345408245921135,
            0.00034164872907456895,
            0.0003403151577169245,
            0.00033787465613821277,
            0.00033321842551231384,
            0.00032818659543991087,
            0.000327193673986655,
            0.000320592627481178,
            0.0003267174693090575,
            0.0003191111673568857,
            0.00031605840226014455,
            0.0003132464616529403,
            0.00031601107213646173,
            0.0003181434129223679,
            0.00032182408168035396,
            0.00032106668608529226,
            0.00032006721529695723,
            0.00032791515862619553,
            0.00032529826619123156,
            0.00032909805958087626,
            0.00033050919696688653,
            0.00032749238174136094,
            0.0003243123988310496,
            0.0003223897100881089,
            0.00031812394884499635,
            0.00031923087106810674,
            0.00032071912742179373,
            0.0003205046723497675,
            0.000317919384688139,
            0.00031616538154835604,
            0.0003139942556619644
          ],
          "t": [
            200,
            400,
            600,
            800,
            1000,
            1200,
            1400,
            1600,
            1800,
            2000,
            2200,
            2400,
            2600,
            2800,
            3000,
            3200,
            3400,
            3600,
            3800,
            4000,
            4200,
            4400,
            4600,
            4800,
            5000,
            5200,
            5400,
            5600,
            5800,
            6000,
            6200,
            6400,
            6600,
            6800,
            7000,
            7200,
            7400,
            7600,
            7800,
            8000,
            8200,
            8400,
            8600,
            8800,
            9000,
            9200,
            9400,
            9600,
            9800,
            10000
          ]
        },
        "final_app_err": 0.0003139942556619644,
        "frac_any_violated": 0.4614,
        "mean_pos": 3.729321314495499e-05,
        "structure": "chain"
      }
    },
    {
      "mse": 0.002122112275059137,
      "n": 10000,
      "name": "diff(steps=16,mc=16)",
      "static_arbitrage": {
        "M": 59,
        "curve": {
          "app_err": [
            0.0004516290128231049,
            0.00044664718210697175,
            0.0004438275595506032,
            0.0004629455879330635,
            0.0004634915292263031,
            0.0004287166893482208,
            0.0004505068276609693,
            0.00044958457350730897,
            0.0004439906279246012,
            0.00046012361347675323,
            0.0004620322720570998,
            0.0004636203000942866,
            0.0004571582147708306,
            0.00045129207628113885,
            0.000447712242603302,
            0.0004466920904815197,
            0.00044272029224564046,
            0.00044345903727743363,
            0.000450110419800407,
            0.00045154400169849395,
            0.0004425037971564702,
            0.0004457419162446802,
            0.00044491681715716486,
            0.0004487115206817786,
            0.0004464004099369049,
            0.0004491213193306556,
            0.0004511316231003514,
            0.0004528881662658283,
            0.00045420921054379693,
            0.00045407063762346905,
            0.0004516643574160914,
            0.00045615137554705143,
            0.00045539780999674943,
            0.00045726296218002543,
            0.00045689467872892105,
            0.00045885777721802395,
            0.00046199829594509024,
            0.0004619423496095758,
            0.00045875611213537363,
            0.00045496131479740145,
            0.00045666468216151723,
            0.0004555589954058329,
            0.0004550148893234342,
            0.00045194095847281545,
            0.0004547237522072262,
            0.0004534713373236034,
            0.0004528178242926902,
            0.0004525063994030158,
            0.00045039364878012207,
            0.00045041185319423673
          ],