{
  "llm_meta": null,
  "models": [
    {
      "arb_profit": 0.3999999910473824,
      "brier": 0.25,
      "ece": 0.0043999999999999595,
      "gcal_S": 0.4000000059604645,
      "gcal_S_argmax_key": 127,
      "logloss": 0.6931471805599454,
      "n_eval": 5000,
      "name": "AR-intrinsic",
      "sce": 0.1599999928379062
    },
    {
      "arb_profit": 0.24111427365541457,
      "brier": 0.14864453157324034,
      "ece": 0.23951428260803223,
      "gcal_S": 0.2411142885684967,
      "gcal_S_argmax_key": 127,
      "logloss": 0.4840917638539382,
      "n_eval": 5000,
      "name": "Diffusion-intrinsic",
      "sce": 0.05813609296037837
    },
    {
      "arb_profit": 0.3947517231762409,
      "brier": 0.24665197081368911,
      "ece": 0.017614732509851443,
      "gcal_S": 0.5041666030883789,
      "gcal_S_argmax_key": 22410,
      "logloss": 0.6863762088763669,
      "n_eval": 5000,
      "name": "AR+post",
      "sce": 0.15637288002079622
    },
    {
      "arb_profit": 0.01394180579483509,
      "brier": 0.09350055780684113,
      "ece": 0.01678630187809467,
      "gcal_S": 0.3375000059604645,
      "gcal_S_argmax_key": 8376,
      "logloss": 0.33465872194309476,
      "n_eval": 5000,
      "name": "Diffusion+post",
      "sce": 0.002594342771779968
    }
  ]
}
