{
  "llm_meta": null,
  "models": [
    {
      "arb_profit": 0.3999999911785126,
      "brier": 0.25,
      "ece": 0.00039999999999995595,
      "gcal_S": 0.4000000059604645,
      "gcal_S_argmax_key": 372,
      "logloss": 0.6931471805599454,
      "n_eval": 5000,
      "name": "AR-intrinsic",
      "sce": 0.15999999294281037
    },
    {
      "arb_profit": 0.072837233543396,
      "brier": 0.09635218480666026,
      "ece": 0.07123724236488341,
      "gcal_S": 0.072837233543396,
      "gcal_S_argmax_key": 372,
      "logloss": 0.34882395306039354,
      "n_eval": 5000,
      "name": "Diffusion-intrinsic",
      "sce": 0.005305262590255211
    },
    {
      "arb_profit": 0.3987774362921715,
      "brier": 0.24927760354706346,
      "ece": 0.004575190150737797,
      "gcal_S": 0.4625000059604645,
      "gcal_S_argmax_key": 25122,
      "logloss": 0.691688174304651,
      "n_eval": 5000,
      "name": "AR+post",
      "sce": 0.15913723126759033
    },
    {
      "arb_profit": 0.001237472052872181,
      "brier": 0.09120161697121121,
      "ece": 0.0038858201935887387,
      "gcal_S": 0.21250000596046448,
      "gcal_S_argmax_key": 25122,
      "logloss": 0.32825724554270125,
      "n_eval": 5000,
      "name": "Diffusion+post",
      "sce": 5.9198030540102834e-05
    }
  ]
}
