{
  "metrics": {
    "brier": 0.1940410450021122,
    "ece": 0.11877899114508182,
    "groups": {
      "ttc_q5": {
        "avg_abs_bias": 0.11877899114508182,
        "n_groups": 5,
        "worst_abs_bias": 0.17510278484736277
      },
      "volume_q5": {
        "avg_abs_bias": 0.11877899114508181,
        "n_groups": 5,
        "worst_abs_bias": 0.1419035398810742
      }
    },
    "logloss": 0.5730164680695955,
    "n": 4000,
    "trading": {
      "B": 1.0,
      "kelly": {
        "final_bankroll": 2.0228897136754123e+23,
        "n": 4000,
        "roi": 2.0228897136754123e+23
      },
      "mode": "sign",
      "pnl_per_event": 0.1264810003333696,
      "transaction_cost": 0.0
    }
  },
  "train_meta": {
    "final_loss": 0.08352874632924795,
    "steps": 20000
  }
}
