{
  "llm_meta": null,
  "metrics": {
    "approachability": {
      "clip_eps": 1e-06,
      "curve": {
        "app_err": [
          0.15,
          0.1,
          0.09866666666666667,
          0.0865,
          0.08,
          0.06666666666666667,
          0.07142857142857142,
          0.0686875,
          0.07211111111111111,
          0.0649,
          0.059000000000000004,
          0.05408333333333334,
          0.049923076923076924,
          0.04635714285714286,
          0.04326666666666667,
          0.0405625,
          0.043323529411764705,
          0.04647222222222221,
          0.049289473684210515,
          0.049324999999999994,
          0.051714285714285706,
          0.05388636363636362,
          0.05804347826086955,
          0.05979166666666665,
          0.05937999999999998,
          0.05709615384615383,
          0.05864814814814813,
          0.05833928571428569,
          0.056327586206896534,
          0.05778333333333331,
          0.05914516129032256,
          0.06168749999999997,
          0.06131818181818179,
          0.0580441176470588,
          0.05638571428571426,
          0.05620833333333331,
          0.05468918918918917,
          0.05456578947368419,
          0.05316666666666665,
          0.05308749999999998,
          0.05179268292682925,
          0.05290476190476189,
          0.05741860465116279,
          0.06060227272727273,
          0.060366666666666666,
          0.0601304347826087,
          0.05991489361702128,
          0.058666666666666666,
          0.058489795918367345,
          0.05732,
          0.05619607843137255,
          0.056067307692307694,
          0.05689622641509434,
          0.056768518518518524,
          0.05573636363636364,
          0.05563392857142857,
          0.05465789473684211,
          0.05371551724137931,
          0.05280508474576271,
          0.05275833333333334,
          0.05189344262295082,
          0.05105645161290323,
          0.05024603174603175,
          0.0494609375,
          0.0487,
          0.04946969696969697,
          0.04870895522388059,
          0.049426470588235294,
          0.05178260869565217,
          0.05522857142857141,
          0.05723943661971829,
          0.05713888888888887,
          0.06045890410958902,
          0.06098648648648646,
          0.05948666666666663,
          0.059355263157894696,
          0.057928571428571385,
          0.05841025641025636,
          0.05702531645569615,
          0.05755624999999994,
          0.05806172839506166,
          0.05734756097560968,
          0.05786144578313246,
          0.05714285714285708,
          0.05703529411764699,
          0.056936046511627834,
          0.05856321839080452,
          0.05784659090909083,
          0.05996629213483137,
          0.06035555555555546,
          0.06016483516483506,
          0.061652173913043375,
          0.05931720430107517,
          0.06080851063829777,
          0.060168421052631475,
          0.0594999999999999,
          0.058886597938144235,
          0.05876020408163256,
          0.059176767676767585,
          0.058559999999999904,
          0.058152929493545086
        ],
        "t": [
          10,
          20,
          30,
          40,
          50,
          60,
          70,
          80,
          90,
          100,
          110,
          120,
          130,
          140,
          150,
          160,
          170,
          180,
          190,
          200,
          210,
          220,
          230,
          240,
          250,
          260,
          270,
          280,
          290,
          300,
          310,
          320,
          330,
          340,
          350,
          360,
          370,
          380,
          390,
          400,
          410,
          420,
          430,
          440,
          450,
          460,
          470,
          480,
          490,
          500,
          510,
          520,
          530,
          540,
          550,
          560,
          570,
          580,
          590,
          600,
          610,
          620,
          630,
          640,
          650,
          660,
          670,
          680,
          690,
          700,
          710,
          720,
          730,
          740,
          750,
          760,
          770,
          780,
          790,
          800,
          810,
          820,
          830,
          840,
          850,
          860,
          870,
          880,
          890,
          900,
          910,
          920,
          930,
          940,
          950,
          960,
          970,
          980,
          990,
          1000,
          1007
        ]
      },
      "curve_every": 10,
      "curve_time_ts": [
        1764454170.796427,
        1764975603.961904,
        1746039253.0143192,
        1764975612.153339,
        1764489601.992749,
        1716582294.7209432,
        1752605662.6692412,
        1759844335.3846478,
        1763787610.0185869,
        1757692801.088487,
        1759939208.795478,
        1758794401.875069,
        1731691630.1683772,
        1739819940.558997,
        1766128211.475931,
        1731360767.473193,
        1747826494.497078,
        1731345013.192617,
        1761752127.082299,
        1724251359.9818292,
        1762534807.499985,
        1753657955.134179,
        1758218401.015598,
        1762783201.985727,
        1744013206.271193,
        1738097857.646245,
        1764692785.823267,
        1765644312.955094,
        1741718796.5851278,
        1746826759.137544,
        1755052271.978944,
        1719329152.9853811,
        1746024239.769436,
        1739908022.8717282,
        1733157619.963896,
        1739554895.0982451,
        1757469602.148373,
        1758477606.872763,
        1706902277.555,
        1750393469.3211122,
        1761250571.603311,
        1749734045.005978,
        1746720660.0606349,
        1761973211.340328,
        1754501963.403122,
        1721337199.335254,
        1759156206.500031,
        1751041023.0296881,
        1745356531.062998,
        1763269211.025377,
        1727806734.245898,
        1730932630.057837,
        1761973215.2418509,
        1766142002.3824341,
        1763226002.830776,
        1745609629.460533,
        1756244627.0302022,
        1757858401.1297889,
        1756036260.793134,
        1758837601.160341,
        1711666263.289073,
        1740421669.607776,
        1761591612.9363992,
        1735226592.8636968,
        1762223105.6333618,
        1753991288.3870678,
        1740761344.372457,
        1762880403.058697,
        1757714403.857494,
        1748032840.909587,
        1759844110.7113678,
        1751910876.8960488,
        1765811736.542372,
        1765806404.7742379,
        1764781204.521163,
        1763135958.401702,
        1763881202.662116,
        1734551774.4662971,
        1764486001.851128,
        1735924157.979765,
        1755662798.0162182,
        1766207414.369201,
        1763135956.193148,
        1752434790.686443,
        1763571613.495424,
        1733521425.733613,
        1765812071.190853,
        1764262903.998254,
        1733765458.570956,
        1751846980.529997,
        1747421331.840116,
        1759965347.421449,
        1765645206.167368,
        1738024231.963965,
        1740286957.537361,
        1761494411.997787,
        1762270074.508912,
        1758551402.289948,
        1741641677.287648,
        1751156628.462006,
        1732575428.504298
      ],
      "eps": 0.0,
      "family": "group_bin_indicator",
      "final": {
        "app_err": 0.058152929493545086,
        "top_violations": [
          {
            "bin_hi": 0.5,
            "bin_idx": 9,
            "bin_lo": 0.45,
            "coord": 9,
            "group": "crypto",
            "group_idx": 0,
            "mean_payoff": -0.058152929493545086,
            "violation": 0.058152929493545086
          },
          {
            "bin_hi": 0.5,