{
  "llm_meta": null,
  "models": [
    {
      "arb_profit": 0.3999999911785126,
      "brier": 0.25,
      "ece": 0.00039999999999995595,
      "gcal_S": 0.4000000059604645,
      "gcal_S_argmax_key": 372,
      "logloss": 0.6931471805599454,
      "n_eval": 5000,
      "name": "AR-intrinsic",
      "sce": 0.15999999294281037
    },
    {
      "arb_profit": 0.182482257604599,
      "brier": 0.12399583430743771,
      "ece": 0.1808822664260864,
      "gcal_S": 0.1824822723865509,
      "gcal_S_argmax_key": 372,
      "logloss": 0.4266672957132279,
      "n_eval": 5000,
      "name": "Diffusion-intrinsic",
      "sce": 0.033299774340471454
    },
    {
      "arb_profit": 0.3987774362921715,
      "brier": 0.24927760354706346,
      "ece": 0.004575190150737797,
      "gcal_S": 0.4625000059604645,
      "gcal_S_argmax_key": 25122,
      "logloss": 0.691688174304651,
      "n_eval": 5000,
      "name": "AR+post",
      "sce": 0.15913723126759033
    },
    {
      "arb_profit": 0.0025535861060023307,
      "brier": 0.09127864187952801,
      "ece": 0.004593600837886348,
      "gcal_S": 0.2958333492279053,
      "gcal_S_argmax_key": 25122,
      "logloss": 0.3284905295070352,
      "n_eval": 5000,
      "name": "Diffusion+post",
      "sce": 0.00030628203957575295
    }
  ]
}
