{
  "metrics": {
    "approachability": {
      "clip_eps": 1e-06,
      "curve": {
        "app_err": [
          0.01760653391480446,
          0.008922545686364174,
          0.00625674565633138,
          0.007133818157017231,
          0.005498675107955933,
          0.0054498083641131715,
          0.006095199393374579,
          0.0069693876430392265,
          0.007356039368444019,
          0.006916790649294853,
          0.007836835099892183,
          0.0078009745726982755,
          0.007056481299492029,
          0.00825327887066773,
          0.008361578186353047,
          0.00838403864763677,
          0.008627331388347289,
          0.008595143937402301,
          0.00846722097773301,
          0.008360062010586262,
          0.007991546995583035,
          0.0076282948594201695,
          0.007296629865532336,
          0.007148185294683664
        ],
        "t": [
          200,
          400,
          600,
          800,
          1000,
          1200,
          1400,
          1600,
          1800,
          2000,
          2200,
          2400,
          2600,
          2800,
          3000,
          3200,
          3400,
          3600,
          3800,
          4000,
          4200,
          4400,
          4600,
          4758
        ]
      },
      "curve_every": 200,
      "curve_time_ts": [
        1683057889.0,
        1691592550.0,
        1698732373.0,
        1704007464.0,
        1706684625.0,
        1708906653.0,
        1709794107.0,
        1711345805.0,
        1713161062.0,
        1714511346.0,
        1716063605.0,
        1717349232.0,
        1718430753.0,
        1719274523.0,
        1719749355.0,
        1720467741.0,
        1721288416.0,
        1722376838.0,
        1722839452.0,
        1723315813.0,
        1730475012.0,
        1730849711.0,
        1732174541.0,
        1739085597.0
      ],
      "eps": 0.0,
      "family": "group_bin_indicator",
      "final": {
        "app_err": 0.007148185294683664,
        "top_violations": [
          {
            "bin_hi": 0.35000000000000003,
            "bin_idx": 6,
            "bin_lo": 0.30000000000000004,
            "coord": 66,
            "group": "(5409.256, 15629.304]|nan",
            "group_idx": 3,
            "mean_payoff": -0.007148185294683664,
            "violation": 0.007148185294683664
          },
          {
            "bin_hi": 0.4,
            "bin_idx": 7,
            "bin_lo": 0.35000000000000003,
            "coord": 67,
            "group": "(5409.256, 15629.304]|nan",
            "group_idx": 3,
            "mean_payoff": -0.007054328999884142,
            "violation": 0.007054328999884142
          },
          {
            "bin_hi": 0.4,
            "bin_idx": 7,
            "bin_lo": 0.35000000000000003,
            "coord": 87,
            "group": "(999.999, 5409.256]|nan",
            "group_idx": 4,
            "mean_payoff": -0.006324398738088203,
            "violation": 0.006324398738088203
          },
          {
            "bin_hi": 0.35000000000000003,
            "bin_idx": 6,
            "bin_lo": 0.30000000000000004,
            "coord": 86,
            "group": "(999.999, 5409.256]|nan",
            "group_idx": 4,
            "mean_payoff": -0.00623849287986154,
            "violation": 0.00623849287986154
          },
          {
            "bin_hi": 0.4,
            "bin_idx": 7,
            "bin_lo": 0.35000000000000003,
            "coord": 7,
            "group": "(139356.56, 1531479284.504]|nan",
            "group_idx": 0,
            "mean_payoff": -0.006156842859666254,
            "violation": 0.006156842859666254
          },
          {
            "bin_hi": 0.4,
            "bin_idx": 7,
            "bin_lo": 0.35000000000000003,
            "coord": 27,
            "group": "(15629.304, 38940.746]|nan",
            "group_idx": 1,
            "mean_payoff": -0.0054048413975291915,
            "violation": 0.0054048413975291915
          },
          {
            "bin_hi": 0.35000000000000003,
            "bin_idx": 6,
            "bin_lo": 0.30000000000000004,
            "coord": 6,
            "group": "(139356.56, 1531479284.504]|nan",
            "group_idx": 0,
            "mean_payoff": -0.004937907473386562,
            "violation": 0.004937907473386562
          },
          {
            "bin_hi": 0.35000000000000003,
            "bin_idx": 6,
            "bin_lo": 0.30000000000000004,
            "coord": 46,
            "group": "(38940.746, 139356.56]|nan",
            "group_idx": 2,
            "mean_payoff": -0.00470224061073401,
            "violation": 0.00470224061073401
          },
          {
            "bin_hi": 0.4,
            "bin_idx": 7,
            "bin_lo": 0.35000000000000003,
            "coord": 47,
            "group": "(38940.746, 139356.56]|nan",
            "group_idx": 2,
            "mean_payoff": -0.002976523741246673,
            "violation": 0.002976523741246673
          },
          {
            "bin_hi": 0.45,
            "bin_idx": 8,
            "bin_lo": 0.4,
            "coord": 8,
            "group": "(139356.56, 1531479284.504]|nan",
            "group_idx": 0,
            "mean_payoff": -0.0029485752510894194,
            "violation": 0.0029485752510894194
          }
        ]
      },
      "group_cols": [
        "volume_q5",
        "ttc_q5"
      ],
      "n": 4758,
      "n_bins": 20,
      "n_groups": 5,
      "pred_col": "pred_prob",
      "time_col": "market_prob_target_ts",
      "y_col": "y"
    },
    "brier": 0.1932769742066385,
    "ece": 0.08026436396560131,
    "groups": {
      "ttc_q5": {
        "avg_abs_bias": 0.07601722085886815,
        "n_groups": 1,
        "worst_abs_bias": 0.07601722085886815
      },
      "volume_q5": {
        "avg_abs_bias": 0.07601722085886815,
        "n_groups": 5,
        "worst_abs_bias": 0.0932679215346225
      }
    },
    "logloss": 0.5755878025762168,
    "n": 4758,
    "trading": {
      "B": 1.0,
      "mode": "sign",
      "pnl_per_event": -0.002190311004869842,
      "transaction_cost": 0.0
    }
  }
}
