{
  "llm_meta": null,
  "models": [
    {
      "arb_profit": 0.0,
      "brier": 0.08969600005602867,
      "ece": 0.0016520148825645326,
      "logloss": 0.3242480283633309,
      "n_eval": 100000,
      "name": "oracle",
      "sce": 0.0
    },
    {
      "arb_profit": 0.3999999910902977,
      "brier": 0.25,
      "ece": 0.0008200000000000429,
      "logloss": 0.6931471805599453,
      "n_eval": 100000,
      "name": "const_0.5",
      "sce": 0.15999999287223848
    },
    {
      "arb_profit": 0.10596324506521225,
      "brier": 0.10100474326597317,
      "ece": 0.10634325397491454,
      "logloss": 0.36505595159925636,
      "n_eval": 100000,
      "name": "diff_analytic_rho=0.95",
      "sce": 0.011228209304750452
    },
    {
      "arb_profit": 0.3999999910902977,
      "brier": 0.25,
      "ece": 0.0008200000000000429,
      "logloss": 0.6931471805599453,
      "n_eval": 100000,
      "name": "L_query_oracle(L=4)",
      "sce": 0.15999999287223848
    }
  ]
}
