{
  "llm_meta": null,
  "models": [
    {
      "arb_profit": 0.0,
      "brier": 0.08969599995535642,
      "ece": 0.0017259850957989779,
      "logloss": 0.32424802780404066,
      "n_eval": 100000,
      "name": "oracle",
      "sce": 0.0
    },
    {
      "arb_profit": 0.3999999910542369,
      "brier": 0.25,
      "ece": 0.0015899999999999803,
      "logloss": 0.6931471805599453,
      "n_eval": 100000,
      "name": "const_0.5",
      "sce": 0.1599999928433898
    },
    {
      "arb_profit": 0.18385596572846175,
      "brier": 0.12363874996416162,
      "ece": 0.18423597467422484,
      "logloss": 0.42606375425064796,
      "n_eval": 100000,
      "name": "diff_analytic_rho=0.95",
      "sce": 0.03380301613394552
    },
    {
      "arb_profit": 0.3999999910542369,
      "brier": 0.25,
      "ece": 0.0015899999999999803,
      "logloss": 0.6931471805599453,
      "n_eval": 100000,
      "name": "L_query_oracle(L=4)",
      "sce": 0.1599999928433898
    }
  ]
}
