{
  "llm_meta": null,
  "models": [
    {
      "arb_profit": 0.0,
      "brier": 0.08969599997121126,
      "ece": 0.0011939850732684053,
      "logloss": 0.32424802789212304,
      "n_eval": 100000,
      "name": "oracle",
      "sce": 0.0
    },
    {
      "arb_profit": 0.399999991016686,
      "brier": 0.25,
      "ece": 4.999999999999449e-05,
      "logloss": 0.6931471805599453,
      "n_eval": 100000,
      "name": "const_0.5",
      "sce": 0.15999999281334903
    },
    {
      "arb_profit": 0.13463182743102312,
      "brier": 0.10792405157197174,
      "ece": 0.13501183641433717,
      "logloss": 0.38518294693786304,
      "n_eval": 100000,
      "name": "diff_analytic_rho=0.95",
      "sce": 0.01812572895741701
    },
    {
      "arb_profit": 0.399999991016686,
      "brier": 0.25,
      "ece": 4.999999999999449e-05,
      "logloss": 0.6931471805599453,
      "n_eval": 100000,
      "name": "L_query_oracle(L=4)",
      "sce": 0.15999999281334903
    }
  ]
}
