{
  "llm_meta": null,
  "metrics": {
    "approachability": {
      "clip_eps": 1e-06,
      "curve": {
        "app_err": [
          0.06802597343921661,
          0.03224938809871673,
          0.021499592065811157,
          0.031405217945575714,
          0.025124174356460572,
          0.020936811963717144,
          0.017945838826043264,
          0.019046583399176597,
          0.016930296354823644,
          0.012562087178230286,
          0.011420079252936623,
          0.010468405981858572,
          0.011514098369158232,
          0.011633907045636858,
          0.012521490653355916,
          0.011738897487521171,
          0.011468586325645447,
          0.010831442640887366,
          0.01026136671241961,
          0.009391117990016937,
          0.008943921895254225,
          0.008580946109511635,
          0.008207861496054607,
          0.009427665049831073,
          0.00905055844783783,
          0.010126955463336064,
          0.009913851817448934,
          0.010825764920030321,
          0.010452462681408587,
          0.010104047258694966,
          0.009778110250349968,
          0.009472544305026531,
          0.009185497507904514,
          0.008915335816495559,
          0.009621650235993522,
          0.00935438217388259,
          0.011205813127595025,
          0.010910923308447788,
          0.010631156044128613,
          0.010365377143025399,
          0.010112563066366242,
          0.009871787755262283,
          0.00964221129583758,
          0.00942307013002309,
          0.010043334431118435,
          0.009825001073920208,
          0.009615958497879353,
          0.009415626029173533,
          0.009223470395925094,
          0.009039000988006592,
          0.008861765674516266,
          0.008691347103852493,
          0.008527359422647728,
          0.008369445359265362,
          0.008217273625460538,
          0.008070536596434457,
          0.007928948235093502,
          0.007792242231040166,
          0.0076601703288191455,
          0.007532500823338826,
          0.007409017203284091,
          0.007289516925811768,
          0.00717381030794174,
          0.0070617195218801495,
          0.006953077683081994,
          0.006847728021217115,
          0.006745523125378053,
          0.0066463242558872,
          0.006550000715946806,
          0.006456429277147566,
          0.006365493653525769,
          0.006277084019449022,
          0.006191096567127802,
          0.006646790738041337,
          0.006558166861534119,
          0.006471875192303407,
          0.006387824865130635,
          0.0063059296745520375,
          0.006226107779937455,
          0.006148281432688236,
          0.006072376723642702,
          0.005998323348964133,
          0.005926054392952517,
          0.005855506126369749,
          0.005786617819000693,
          0.0057193315652913825,
          0.005653592122012171,
          0.004876861450347034,
          0.004822065254275718,
          0.004768486751450433,
          0.00471608579813779,
          0.004664823995984119,
          0.004614664598177838,
          0.004565572421601478,
          0.004517513764531989,
          0.004470456329484781,
          0.004424369150830298,
          0.004379222526842234,
          0.00433498795586403,
          0.00459354630112648
        ],
        "t": [
          10,
          20,
          30,
          40,
          50,
          60,
          70,
          80,
          90,
          100,
          110,
          120,
          130,
          140,
          150,
          160,
          170,
          180,
          190,
          200,
          210,
          220,
          230,
          240,
          250,
          260,
          270,
          280,
          290,
          300,
          310,
          320,
          330,
          340,
          350,
          360,
          370,
          380,
          390,
          400,
          410,
          420,
          430,
          440,
          450,
          460,
          470,
          480,
          490,
          500,
          510,
          520,
          530,
          540,
          550,
          560,
          570,
          580,
          590,
          600,
          610,
          620,
          630,
          640,
          650,
          660,
          670,
          680,
          690,
          700,
          710,
          720,
          730,
          740,
          750,
          760,
          770,
          780,
          790,
          800,
          810,
          820,
          830,
          840,
          850,
          860,
          870,
          880,
          890,
          900,
          910,
          920,
          930,
          940,
          950,
          960,
          970,
          980,
          990,
          1000
        ]
      },
      "curve_every": 10,
      "curve_time_ts": [
        1761494402.1636631,
        1755786667.721317,
        1765818520.389775,
        1765786214.032286,
        1744297137.744982,
        1743785725.848381,
        1746452030.655029,
        1762794001.270776,
        1705518718.9550002,
        1737407801.1653152,
        1754908235.620882,
        1764257590.394356,
        1755425181.302361,
        1730222513.407464,
        1715277908.478744,
        1741787261.491043,
        1751407713.820672,
        1757354407.969131,
        1749734045.005978,
        1761572794.019048,
        1721241003.453942,
        1744142979.180035,
        1763744401.618592,
        1763740964.805242,
        1733775829.381151,
        1750369127.810498,
        1737410160.603235,
        1758693603.5605881,
        1719090696.494977,
        1732693988.891347,
        1744066566.3936791,
        1753807738.266647,
        1756128808.9727721,
        1761248929.707416,
        1761579904.8051589,
        1758038403.760753,
        1753102433.035558,
        1746661452.218008,
        1727720147.5087008,
        1759766353.561051,
        1763787610.455581,
        1760932812.160964,
        1730930874.109406,
        1740775355.674517,
        1753813464.605763,
        1761222200.198248,
        1757692802.633375,
        1763933884.2021928,
        1764871690.7842371,
        1710945913.197921,
        1726518909.100841,
        1745223861.835799,
        1751478805.950138,
        1755006764.591051,
        1733956764.849899,
        1757800803.542264,
        1728408551.721247,
        1763404212.6478279,
        1762876482.4426408,
        1747081136.0181508,
        1765806404.7742379,
        1761075995.919582,
        1757695096.242709,
        1764004101.609233,
        1757070553.308963,
        1743454331.045776,
        1764914435.606194,
        1747167552.676616,
        1762197003.808349,
        1764975604.6077619,
        1733781793.393218,
        1744647682.260103,
        1745522959.484865,
        1761141906.631115,
        1764003609.675736,
        1742416460.578916,
        1749228671.053628,
        1764694802.4251919,
        1754489716.175925,
        1721163049.701536,
        1760373905.212245,
        1735235475.725771,
        1765210755.908601,
        1750646111.2226748,
        1754938673.681497,
        1733167056.258962,
        1746214750.296588,
        1742912198.001069,
        1749747181.032205,
        1729813268.021617,
        1752588754.780184,
        1757174672.3655732,
        1749079838.460484,
        1763960403.621813,
        1737499857.864068,
        1759947815.513373,
        1751473430.306143,
        1750870293.2266319,
        1753292944.473825,
        1754327906.1378508
      ],
      "eps": 0.0,
      "family": "group_bin_indicator",
      "final": {
        "app_err": 0.00459354630112648,
        "top_violations": [
          {
            "bin_hi": 0.35000000000000003,
            "bin_idx": 6,
            "bin_lo": 0.30000000000000004,
            "coord": 6,
            "group": "(2020.615, 7206.405]|(158576.427, 575966.218]",