{
  "impact_model": {
    "name": "random_average_1801",
    "regime": "average",
    "base_fill_prob": 0.7857693567096686,
    "fill_size_decay": 0.1027218984840013,
    "fill_spread_sensitivity": 3.6032168613280335,
    "permanent_impact": 0.002007767893346814,
    "temporary_impact": 0.007363430400557844,
    "impact_power": 0.5122552130221548,
    "adverse_selection": 0.07900659466991897,
    "adverse_selection_decay": 0.42391978147567905,
    "mev_extraction_rate": 0.021294104318675497,
    "reorder_probability": 0.09778965383699613,
    "block_delay_cost": 0.0026024718952569748,
    "base_liquidity": 7023.26017095888,
    "liquidity_price_factor": 2.0,
    "exit_spread": 0.03238042840730339,
    "exit_impact_mult": 2.2248531451358655,
    "stress_multiplier": 1.0
  },
  "best_params": {
    "spread_threshold": 0.02515860793106235,
    "n_bins": 7,
    "kelly_fraction": 0.44538215296236494,
    "max_position_pct": 0.16568446239370646,
    "fee": 0.022297040102526117
  },
  "optimization_sharpe": 1700535788591.9207,
  "final_evaluation": {
    "mean_sharpe": 9.47386602783652,
    "std_sharpe": 2.0819918143072074,
    "min_sharpe": 5.830156854091385,
    "p5_sharpe": 6.768398929291046,
    "p25_sharpe": 7.997272502426977,
    "median_sharpe": 9.248269589774045,
    "mean_return": 2196.864783539619,
    "mean_fill_rate": 0.0017732603596559812,
    "mean_drawdown": 0.009446196644319392,
    "mean_impact_cost": 0.20187019177607454,
    "mean_mev_cost": 0.8954650748247133,
    "mean_as_cost": 0.29161644615542387,
    "n_simulations": 50,
    "impact_model": "random_average_1801",
    "regime": "average"
  },
  "all_trials": [
    {
      "number": 0,
      "value": 9.398523614542167,
      "params": {
        "spread_threshold": 0.062435616638630745,
        "n_bins": 24,
        "kelly_fraction": 0.3793972738151323,
        "max_position_pct": 0.15769145136531842,
        "fee": 0.008900466011060912
      }
    },
    {
      "number": 1,
      "value": 22.932809192196245,
      "params": {
        "spread_threshold": 0.03183923284706837,
        "n_bins": 6,
        "kelly_fraction": 0.4397792655987208,
        "max_position_pct": 0.15825645270093802,
        "fee": 0.022701814444901137
      }
    },
    {
      "number": 2,
      "value": 11.083905727527382,
      "params": {
        "spread_threshold": 0.012881829201412343,
        "n_bins": 25,
        "kelly_fraction": 0.4245991883601898,
        "max_position_pct": 0.06883799545600351,
        "fee": 0.009545624180177514
      }
    },
    {
      "number": 3,
      "value": 17.386764870133053,
      "params": {
        "spread_threshold": 0.03567663137948073,
        "n_bins": 11,
        "kelly_fraction": 0.28614039423450705,
        "max_position_pct": 0.11934735428768663,
        "fee": 0.012280728504951047
      }
    },
    {
      "number": 4,
      "value": 17.434126997957126,
      "params": {
        "spread_threshold": 0.09565940526113312,
        "n_bins": 7,
        "kelly_fraction": 0.1814650918408482,
        "max_position_pct": 0.1042632239575491,
        "fee": 0.016401749605425897
      }
    },
    {
      "number": 5,
      "value": 7.95237863753673,
      "params": {
        "spread_threshold": 0.11992463459502188,
        "n_bins": 9,
        "kelly_fraction": 0.28140549728612524,
        "max_position_pct": 0.15625535083826977,
        "fee": 0.006161260317999943
      }
    },
    {
      "number": 6,
      "value": 10.28330855129571,
      "params": {
        "spread_threshold": 0.09505627926620136,
        "n_bins": 8,
        "kelly_fraction": 0.0792732168433758,
        "max_position_pct": 0.23824367356826665,
        "fee": 0.02914080082686398
      }
    },
    {
      "number": 7,
      "value": 11.823646002181604,
      "params": {
        "spread_threshold": 0.12317562873630454,
        "n_bins": 11,
        "kelly_fraction": 0.09395245130287275,
        "max_position_pct": 0.17737359609779607,
        "fee": 0.01600381234349003
      }
    },
    {
      "number": 8,
      "value": 8.03190106925382,
      "params": {
        "spread_threshold": 0.027085352878269034,
        "n_bins": 15,
        "kelly_fraction": 0.06547483450184828,
        "max_position_pct": 0.2291436924781199,
        "fee": 0.011469499540000422
      }
    },
    {
      "number": 9,
      "value": 19.243276636401134,
      "params": {
        "spread_threshold": 0.10275311980955747,
        "n_bins": 11,
        "kelly_fraction": 0.28403060953001485,
        "max_position_pct": 0.14574336424895432,
        "fee": 0.009621361388138176
      }
    },
    {
      "number": 10,
      "value": 12.616426494350847,
      "params": {
        "spread_threshold": 0.060014184851109945,
        "n_bins": 17,
        "kelly_fraction": 0.4862916998545396,
        "max_position_pct": 0.02413123139140852,
        "fee": 0.02584079164149875
      }
    },
    {
      "number": 11,
      "value": 14.349153735622863,
      "params": {
        "spread_threshold": 0.13707307133955246,
        "n_bins": 5,
        "kelly_fraction": 0.3479411238469569,
        "max_position_pct": 0.19199790880709705,
        "fee": 0.02291295044878686
      }
    },
    {
      "number": 12,
      "value": 9.625937764373651,
      "params": {
        "spread_threshold": 0.06502360387268755,
        "n_bins": 13,
        "kelly_fraction": 0.19610200978268771,
        "max_position_pct": 0.09293578973386565,
        "fee": 0.020514442387985034
      }
    },
    {
      "number": 13,
      "value": 10.544279441525681,
      "params": {
        "spread_threshold": 0.0858542982964324,
        "n_bins": 19,
        "kelly_fraction": 0.4973169398846621,
        "max_position_pct": 0.20144795216086162,
        "fee": 0.01993796014642945
      }
    },
    {
      "number": 14,
      "value": 15.467425334323577,
      "params": {
        "spread_threshold": 0.0469260084035196,
        "n_bins": 5,
        "kelly_fraction": 0.41022516273875287,
        "max_position_pct": 0.14160033428311497,
        "fee": 0.025222783723257453
      }
    },
    {
      "number": 15,
      "value": 16.974473325794094,
      "params": {
        "spread_threshold": 0.11120246945571574,
        "n_bins": 11,
        "kelly_fraction": 0.20425967971984232,
        "max_position_pct": 0.06313250522967448,
        "fee": 0.014608134117922628
      }
    },
    {
      "number": 16,
      "value": 11.964750272741206,
      "params": {
        "spread_threshold": 0.14991074140981717,
        "n_bins": 20,
        "kelly_fraction": 0.3286255448318417,
        "max_position_pct": 0.13743469659817295,
        "fee": 0.02005250676665155
      }
    },
    {
      "number": 17,
      "value": 9.28129133398648,
      "params": {
        "spread_threshold": 0.07459667752816428,
        "n_bins": 13,
        "kelly_fraction": 0.4418419976701321,
        "max_position_pct": 0.21191117027873885,
        "fee": 0.005087594027702015
      }
    },
    {
      "number": 18,
      "value": 23.532119962656974,
      "params": {
        "spread_threshold": 0.10603887871698768,
        "n_bins": 7,
        "kelly_fraction": 0.23684297736348503,
        "max_position_pct": 0.17850583928651834,
        "fee": 0.013565153808796585
      }
    },
    {
      "number": 19,
      "value": 14.072156532000138,
      "params": {
        "spread_threshold": 0.04498236640435896,
        "n_bins": 6,
        "kelly_fraction": 0.15486359157657487,
        "max_position_pct": 0.17237893265122797,
        "fee": 0.013788041453330298
      }
    },
    {
      "number": 20,
      "value": 7.707620083392199,
      "params": {
        "spread_threshold": 0.0785440575891895,
        "n_bins": 9,
        "kelly_fraction": 0.13511585258143355,
        "max_position_pct": 0.2155375124330379,
        "fee": 0.02914712038994112
      }
    },
    {
      "number": 21,
      "value": 8.341456507510351,
      "params": {
        "spread_threshold": 0.10222512242063825,
        "n_bins": 8,