{
  "impact_model": {
    "name": "crypto_average",
    "regime": "average",
    "base_fill_prob": 0.8,
    "fill_size_decay": 0.1,
    "fill_spread_sensitivity": 2.0,
    "permanent_impact": 0.001,
    "temporary_impact": 0.006,
    "impact_power": 0.5,
    "adverse_selection": 0.08,
    "adverse_selection_decay": 0.5,
    "mev_extraction_rate": 0.02,
    "reorder_probability": 0.05,
    "block_delay_cost": 0.001,
    "base_liquidity": 10000.0,
    "liquidity_price_factor": 2.0,
    "exit_spread": 0.02,
    "exit_impact_mult": 1.5,
    "stress_multiplier": 1.0
  },
  "best_params": {
    "spread_threshold": 0.13542688023604932,
    "n_bins": 7,
    "kelly_fraction": 0.4756333678269479,
    "max_position_pct": 0.13049733917607148,
    "fee": 0.027543534779510378
  },
  "optimization_sharpe": 414036592254.8287,
  "final_evaluation": {
    "mean_sharpe": 9.23870228011744,
    "std_sharpe": 2.0361833627960215,
    "min_sharpe": 5.388072853200853,
    "p5_sharpe": 6.178888215139591,
    "p25_sharpe": 8.147128933968023,
    "median_sharpe": 8.965502760421014,
    "mean_return": 3107.6974427546825,
    "mean_fill_rate": 0.0019481340923466163,
    "mean_drawdown": 0.00281170520210136,
    "mean_impact_cost": 0.15167942315296384,
    "mean_mev_cost": 0.5731643417898565,
    "mean_as_cost": 0.2869222293900693,
    "n_simulations": 50,
    "impact_model": "crypto_average",
    "regime": "average"
  },
  "all_trials": [
    {
      "number": 0,
      "value": 9.150966177966442,
      "params": {
        "spread_threshold": 0.062435616638630745,
        "n_bins": 24,
        "kelly_fraction": 0.3793972738151323,
        "max_position_pct": 0.15769145136531842,
        "fee": 0.008900466011060912
      }
    },
    {
      "number": 1,
      "value": 14.208359406373622,
      "params": {
        "spread_threshold": 0.03183923284706837,
        "n_bins": 6,
        "kelly_fraction": 0.4397792655987208,
        "max_position_pct": 0.15825645270093802,
        "fee": 0.022701814444901137
      }
    },
    {
      "number": 2,
      "value": 10.279960714098909,
      "params": {
        "spread_threshold": 0.012881829201412343,
        "n_bins": 25,
        "kelly_fraction": 0.4245991883601898,
        "max_position_pct": 0.06883799545600351,
        "fee": 0.009545624180177514
      }
    },
    {
      "number": 3,
      "value": 13.614642372955174,
      "params": {
        "spread_threshold": 0.03567663137948073,
        "n_bins": 11,
        "kelly_fraction": 0.28614039423450705,
        "max_position_pct": 0.11934735428768663,
        "fee": 0.012280728504951047
      }
    },
    {
      "number": 4,
      "value": 14.50099213472648,
      "params": {
        "spread_threshold": 0.09565940526113312,
        "n_bins": 7,
        "kelly_fraction": 0.1814650918408482,
        "max_position_pct": 0.1042632239575491,
        "fee": 0.016401749605425897
      }
    },
    {
      "number": 5,
      "value": 8.732069292842612,
      "params": {
        "spread_threshold": 0.11992463459502188,
        "n_bins": 9,
        "kelly_fraction": 0.28140549728612524,
        "max_position_pct": 0.15625535083826977,
        "fee": 0.006161260317999943
      }
    },
    {
      "number": 6,
      "value": 9.145011362206589,
      "params": {
        "spread_threshold": 0.09505627926620136,
        "n_bins": 8,
        "kelly_fraction": 0.0792732168433758,
        "max_position_pct": 0.23824367356826665,
        "fee": 0.02914080082686398
      }
    },
    {
      "number": 7,
      "value": 11.775881037741819,
      "params": {
        "spread_threshold": 0.12317562873630454,
        "n_bins": 11,
        "kelly_fraction": 0.09395245130287275,
        "max_position_pct": 0.17737359609779607,
        "fee": 0.01600381234349003
      }
    },
    {
      "number": 8,
      "value": 7.97818572318701,
      "params": {
        "spread_threshold": 0.027085352878269034,
        "n_bins": 15,
        "kelly_fraction": 0.06547483450184828,
        "max_position_pct": 0.2291436924781199,
        "fee": 0.011469499540000422
      }
    },
    {
      "number": 9,
      "value": 16.452603631533464,
      "params": {
        "spread_threshold": 0.10275311980955747,
        "n_bins": 11,
        "kelly_fraction": 0.28403060953001485,
        "max_position_pct": 0.14574336424895432,
        "fee": 0.009621361388138176
      }
    },
    {
      "number": 10,
      "value": 11.512827995655982,
      "params": {
        "spread_threshold": 0.1447850144520564,
        "n_bins": 17,
        "kelly_fraction": 0.19540699002603623,
        "max_position_pct": 0.02413123139140852,
        "fee": 0.021296663769454466
      }
    },
    {
      "number": 11,
      "value": 11.987708516850779,
      "params": {
        "spread_threshold": 0.08145556629697263,
        "n_bins": 5,
        "kelly_fraction": 0.19153905456426484,
        "max_position_pct": 0.09700289053134434,
        "fee": 0.01610851483391868
      }
    },
    {
      "number": 12,
      "value": 10.064166067683288,
      "params": {
        "spread_threshold": 0.1026568851920904,
        "n_bins": 13,
        "kelly_fraction": 0.19444329570964444,
        "max_position_pct": 0.0738471455940328,
        "fee": 0.02050408313023787
      }
    },
    {
      "number": 13,
      "value": 10.01070171377725,
      "params": {
        "spread_threshold": 0.0652021717474567,
        "n_bins": 19,
        "kelly_fraction": 0.3543605238734836,
        "max_position_pct": 0.1202536294115622,
        "fee": 0.005175490948921687
      }
    },
    {
      "number": 14,
      "value": 12.17785508105934,
      "params": {
        "spread_threshold": 0.11264439530881774,
        "n_bins": 10,
        "kelly_fraction": 0.14240286352394307,
        "max_position_pct": 0.19904692227208484,
        "fee": 0.014123244170113843
      }
    },
    {
      "number": 15,
      "value": 14.605627254972537,
      "params": {
        "spread_threshold": 0.1451972405618763,
        "n_bins": 7,
        "kelly_fraction": 0.4982074392863459,
        "max_position_pct": 0.038046348542359526,
        "fee": 0.027242047308406764
      }
    },
    {
      "number": 16,
      "value": 9.71545382266567,
      "params": {
        "spread_threshold": 0.14991074140981717,
        "n_bins": 13,
        "kelly_fraction": 0.46412090233993775,
        "max_position_pct": 0.06154592403823897,
        "fee": 0.02988056024235176
      }
    },
    {
      "number": 17,
      "value": 10.366166477268502,
      "params": {
        "spread_threshold": 0.1372471182244038,
        "n_bins": 20,
        "kelly_fraction": 0.3263607485465299,
        "max_position_pct": 0.02594201323566102,
        "fee": 0.025885455903285694
      }
    },
    {
      "number": 18,
      "value": 15.681010132782255,
      "params": {
        "spread_threshold": 0.12889834042201403,
        "n_bins": 5,
        "kelly_fraction": 0.4858497239254459,
        "max_position_pct": 0.20169210836220658,
        "fee": 0.02551180632966729
      }
    },
    {
      "number": 19,
      "value": 11.994308758212389,
      "params": {
        "spread_threshold": 0.13003475820130883,
        "n_bins": 5,
        "kelly_fraction": 0.2445387760011768,
        "max_position_pct": 0.20788837577461045,
        "fee": 0.01937438126690829
      }
    },
    {
      "number": 20,
      "value": 6.968022700824078,
      "params": {
        "spread_threshold": 0.08080381561638728,
        "n_bins": 14,
        "kelly_fraction": 0.3924774135489815,
        "max_position_pct": 0.1898955263695839,
        "fee": 0.024372679902303622
      }
    },
    {
      "number": 21,
      "value": 7.422140381308274,
      "params": {
        "spread_threshold": 0.11132225672136462,
        "n_bins": 8,
        "kelly_fraction": 0.49511507959912965,
        "max_position_pct": 0.21687578728988471,
        "fee": 0.026660940302122918
      }
    },
    {
      "number": 22,
      "value": 414036592254.8287,