{
  "llm_meta": null,
  "metrics": {
    "approachability": {
      "clip_eps": 1e-06,
      "curve": {
        "app_err": [
          0.6865232110023498,
          0.7372320741415024,
          0.7874086558818817,
          0.7871834769845009,
          0.7673906588554382,
          0.7540708313385646,
          0.758921707527978,
          0.725054656714201,
          0.7432747946845161,
          0.7476495766639709,
          0.760312655839053,
          0.7540318767229716,
          0.7489378080918239,
          0.7373775588614601,
          0.7406402146816253,
          0.7435678038746119,
          0.7461056691758773,
          0.748440232541826,
          0.7451763974992852,
          0.747305420935154,
          0.7444555821872892,
          0.7463899357752366,
          0.7525347694106724,
          0.749823750803868,
          0.7553036358356476,
          0.7527593867136881,
          0.7613881802117383,
          0.7622870679412569,
          0.7562373687481058,
          0.7606243175268174,
          0.7550624393647717,
          0.7560877209529281,
          0.7630674676461653,
          0.7549550193197587,
          0.7501867767742701,
          0.7484240644507938,
          0.7522108530676043,
          0.755743744498805,
          0.7591555379904233,
          0.7598746047914028,
          0.7581289004988787,
          0.7588656275045305,
          0.7618641307187635,
          0.7624468682841821,
          0.765216875606113,
          0.7678827125093212,
          0.7704576198090898,
          0.7708006724715233,
          0.7731834602599241,
          0.7754651244878769,
          0.7757118235616123,
          0.7720939577772067,
          0.7705079267609795,
          0.7689646054197241,
          0.7656558189608834,
          0.7660497037427766,
          0.7664395402398025,
          0.7650772118362887,
          0.7654658694388503,
          0.7625081857045491,
          0.7596214094122903,
          0.7600607528801887,
          0.7605125625928243,
          0.7593668130226433,
          0.759777077619846,
          0.7571634051474658,
          0.7561045934904868,
          0.7550865230314872,
          0.7570221969182941,
          0.7560280790499279,
          0.755063791510085,
          0.7541221871144241,
          0.7518364028571404,
          0.7536424797934455,
          0.7514209348360698,
          0.7505724224605058,
          0.7497455825279286,
          0.7463549866126133,
          0.7468729375283929,
          0.7473612055182457,
          0.7503229647506903,
          0.7483388972718541,
          0.7487963654908789,
          0.7492668392402785,
          0.7497057463141049,
          0.7489899766999621,
          0.7459905739488273,
          0.741920522194017,
          0.7424359836605158,
          0.7396035518911149,
          0.7357427450981769,
          0.7341282583449198,
          0.7346993855250779,
          0.7320765955016968,
          0.731610298909639,
          0.7311563034852345,
          0.7317344259355486,
          0.7333320502115755,
          0.7348764087816682,
          0.7324046199321746
        ],
        "t": [
          10,
          20,
          30,
          40,
          50,
          60,
          70,
          80,
          90,
          100,
          110,
          120,
          130,
          140,
          150,
          160,
          170,
          180,
          190,
          200,
          210,
          220,
          230,
          240,
          250,
          260,
          270,
          280,
          290,
          300,
          310,
          320,
          330,
          340,
          350,
          360,
          370,
          380,
          390,
          400,
          410,
          420,
          430,
          440,
          450,
          460,
          470,
          480,
          490,
          500,
          510,
          520,
          530,
          540,
          550,
          560,
          570,
          580,
          590,
          600,
          610,
          620,
          630,
          640,
          650,
          660,
          670,
          680,
          690,
          700,
          710,
          720,
          730,
          740,
          750,
          760,
          770,
          780,
          790,
          800,
          810,
          820,
          830,
          840,
          850,
          860,
          870,
          880,
          890,
          900,
          910,
          920,
          930,
          940,
          950,
          960,
          970,
          980,
          990,
          1000
        ]
      },
      "curve_every": 10,
      "curve_time_ts": [
        1764262809.032477,
        1747656052.526678,
        1741634166.9482272,
        1754050876.958071,
        1722269069.1550238,
        1747398914.172809,
        1764975519.997463,
        1763064007.912864,
        1761278414.2927291,
        1759550402.2426891,
        1757440842.070581,
        1753813459.435532,
        1728499027.6041589,
        1721762172.831563,
        1748631157.5986838,
        1746656535.262944,
        1754318272.468308,
        1763355608.277094,
        1743549097.839124,
        1757174400.785641,
        1731360734.238666,
        1758405601.551776,
        1761408006.631664,
        1763933884.2021928,
        1721689912.921076,
        1764975601.388214,
        1748642038.520172,
        1730230943.995541,
        1762349279.900373,
        1762972201.358755,
        1747756618.9433112,
        1711384325.194279,
        1755186088.389463,
        1737564584.439588,
        1753036175.0468988,
        1753351849.708707,
        1764572402.653297,
        1731619357.2552571,
        1748879232.683624,
        1746820396.494246,
        1734983293.542102,
        1765969222.633303,
        1765645203.894659,
        1757858401.1297889,
        1764867607.677494,
        1760113437.588408,
        1751289847.799587,
        1765645204.215929,
        1757538620.5251892,
        1758340803.192043,
        1757093022.182656,
        1720537431.254245,
        1750033561.145973,
        1726712448.278788,
        1761660277.3025038,
        1759245672.401485,
        1760139921.879356,
        1763055071.8734121,
        1762539763.347243,
        1743784907.769736,
        1741758191.213501,
        1760371203.348442,
        1733166458.236286,
        1757354403.289058,
        1757224801.7674649,
        1748899532.1879392,
        1728676795.201969,
        1722283640.050862,
        1760374821.177963,
        1759766404.7924511,
        1752608321.816837,
        1732211017.521781,
        1766128217.2653592,
        1764975609.622238,
        1740763696.124919,
        1747081136.0181508,
        1760377502.6958358,
        1755101915.316101,
        1758038682.679605,
        1754868132.2146418,
        1764871690.7842371,
        1764046808.702848,
        1751563528.6942642,
        1756758467.489015,
        1736917681.5350468,
        1759850451.569773,
        1751985500.042857,
        1757130738.673835,
        1764448148.815037,
        1764795604.5459251,
        1719857431.832315,
        1765211179.3177311,
        1757070553.308963,
        1728343114.4744651,
        1762818024.754921,
        1761589081.079786,
        1717170691.225502,
        1733781667.458147,
        1755701724.4964852,
        1749677726.996403
      ],
      "eps": 0.0,
      "family": "group_bin_indicator",
      "final": {
        "app_err": 0.7324046199321746,
        "top_violations": [
          {
            "bin_hi": 1.0,
            "bin_idx": 19,
            "bin_lo": 0.9500000000000001,
            "coord": 19,
            "group": "",
            "group_idx": 0,
            "mean_payoff": -0.7324046199321746,
            "violation": 0.7324046199321746
          }
        ]
      },
      "group_cols": [
        "category"
      ],
      "n": 1000,
      "n_bins": 20,
      "n_groups": 1,