{
  "impact_model": {
    "name": "random_average_2502",
    "regime": "average",
    "base_fill_prob": 0.8690196563107826,
    "fill_size_decay": 0.1322418620257403,
    "fill_spread_sensitivity": 2.514374448710494,
    "permanent_impact": 0.002773880609678375,
    "temporary_impact": 0.009632611226980748,
    "impact_power": 0.6550822896501165,
    "adverse_selection": 0.033647363066489175,
    "adverse_selection_decay": 0.4992762533507703,
    "mev_extraction_rate": 0.017029539779576216,
    "reorder_probability": 0.07482254377972278,
    "block_delay_cost": 0.0015942331230137331,
    "base_liquidity": 18594.740433378494,
    "liquidity_price_factor": 2.0,
    "exit_spread": 0.028924967210942273,
    "exit_impact_mult": 1.2662598736554513,
    "stress_multiplier": 1.0
  },
  "best_params": {
    "spread_threshold": 0.03183923284706837,
    "n_bins": 6,
    "kelly_fraction": 0.4397792655987208,
    "max_position_pct": 0.15825645270093802,
    "fee": 0.022701814444901137
  },
  "optimization_sharpe": 16.41068476313484,
  "final_evaluation": {
    "mean_sharpe": 5.965668936015223,
    "std_sharpe": 1.2761186291280249,
    "min_sharpe": 3.24456561160691,
    "p5_sharpe": 4.016026377316196,
    "p25_sharpe": 5.245788561871992,
    "median_sharpe": 6.029399191442566,
    "mean_return": 8499.170631215651,
    "mean_fill_rate": 0.0065332290852228294,
    "mean_drawdown": 0.019955516591024836,
    "mean_impact_cost": 0.6658501018313671,
    "mean_mev_cost": 2.2571333720626026,
    "mean_as_cost": 0.37171477744413045,
    "n_simulations": 50,
    "impact_model": "random_average_2502",
    "regime": "average"
  },
  "all_trials": [
    {
      "number": 0,
      "value": 9.194280879617766,
      "params": {
        "spread_threshold": 0.062435616638630745,
        "n_bins": 24,
        "kelly_fraction": 0.3793972738151323,
        "max_position_pct": 0.15769145136531842,
        "fee": 0.008900466011060912
      }
    },
    {
      "number": 1,
      "value": 16.41068476313484,
      "params": {
        "spread_threshold": 0.03183923284706837,
        "n_bins": 6,
        "kelly_fraction": 0.4397792655987208,
        "max_position_pct": 0.15825645270093802,
        "fee": 0.022701814444901137
      }
    },
    {
      "number": 2,
      "value": 10.704894151716873,
      "params": {
        "spread_threshold": 0.012881829201412343,
        "n_bins": 25,
        "kelly_fraction": 0.4245991883601898,
        "max_position_pct": 0.06883799545600351,
        "fee": 0.009545624180177514
      }
    },
    {
      "number": 3,
      "value": 13.850571266907954,
      "params": {
        "spread_threshold": 0.03567663137948073,
        "n_bins": 11,
        "kelly_fraction": 0.28614039423450705,
        "max_position_pct": 0.11934735428768663,
        "fee": 0.012280728504951047
      }
    },
    {
      "number": 4,
      "value": 12.736010745314106,
      "params": {
        "spread_threshold": 0.09565940526113312,
        "n_bins": 7,
        "kelly_fraction": 0.1814650918408482,
        "max_position_pct": 0.1042632239575491,
        "fee": 0.016401749605425897
      }
    },
    {
      "number": 5,
      "value": 8.33938896660439,
      "params": {
        "spread_threshold": 0.11992463459502188,
        "n_bins": 9,
        "kelly_fraction": 0.28140549728612524,
        "max_position_pct": 0.15625535083826977,
        "fee": 0.006161260317999943
      }
    },
    {
      "number": 6,
      "value": 8.853113700347395,
      "params": {
        "spread_threshold": 0.09505627926620136,
        "n_bins": 8,
        "kelly_fraction": 0.0792732168433758,
        "max_position_pct": 0.23824367356826665,
        "fee": 0.02914080082686398
      }
    },
    {
      "number": 7,
      "value": 11.101653478044334,
      "params": {
        "spread_threshold": 0.12317562873630454,
        "n_bins": 11,
        "kelly_fraction": 0.09395245130287275,
        "max_position_pct": 0.17737359609779607,
        "fee": 0.01600381234349003
      }
    },
    {
      "number": 8,
      "value": 7.381730150308296,
      "params": {
        "spread_threshold": 0.027085352878269034,
        "n_bins": 15,
        "kelly_fraction": 0.06547483450184828,
        "max_position_pct": 0.2291436924781199,
        "fee": 0.011469499540000422
      }
    },
    {
      "number": 9,
      "value": 13.94524263065504,
      "params": {
        "spread_threshold": 0.10275311980955747,
        "n_bins": 11,
        "kelly_fraction": 0.28403060953001485,
        "max_position_pct": 0.14574336424895432,
        "fee": 0.009621361388138176
      }
    },
    {
      "number": 10,
      "value": 10.25678134637471,
      "params": {
        "spread_threshold": 0.060014184851109945,
        "n_bins": 17,
        "kelly_fraction": 0.4862916998545396,
        "max_position_pct": 0.02413123139140852,
        "fee": 0.02584079164149875
      }
    },
    {
      "number": 11,
      "value": 11.91798097036673,
      "params": {
        "spread_threshold": 0.13707307133955246,
        "n_bins": 5,
        "kelly_fraction": 0.3479411238469569,
        "max_position_pct": 0.19199790880709705,
        "fee": 0.02291295044878686
      }
    },
    {
      "number": 12,
      "value": 8.968139106263724,
      "params": {
        "spread_threshold": 0.06502360387268755,
        "n_bins": 13,
        "kelly_fraction": 0.19610200978268771,
        "max_position_pct": 0.09293578973386565,
        "fee": 0.020514442387985034
      }
    },
    {
      "number": 13,
      "value": 9.94220294925895,
      "params": {
        "spread_threshold": 0.0858542982964324,
        "n_bins": 19,
        "kelly_fraction": 0.4973169398846621,
        "max_position_pct": 0.20144795216086162,
        "fee": 0.01993796014642945
      }
    },
    {
      "number": 14,
      "value": 11.744861391253025,
      "params": {
        "spread_threshold": 0.0469260084035196,
        "n_bins": 5,
        "kelly_fraction": 0.41022516273875287,
        "max_position_pct": 0.14160033428311497,
        "fee": 0.025222783723257453
      }
    },
    {
      "number": 15,
      "value": 12.683514985688324,
      "params": {
        "spread_threshold": 0.11120246945571574,
        "n_bins": 11,
        "kelly_fraction": 0.20425967971984232,
        "max_position_pct": 0.06313250522967448,
        "fee": 0.014608134117922628
      }
    },
    {
      "number": 16,
      "value": 10.782649545960815,
      "params": {
        "spread_threshold": 0.14991074140981717,
        "n_bins": 20,
        "kelly_fraction": 0.3286255448318417,
        "max_position_pct": 0.13743469659817295,
        "fee": 0.02005250676665155
      }
    },
    {
      "number": 17,
      "value": 8.888446006647508,
      "params": {
        "spread_threshold": 0.07459667752816428,
        "n_bins": 13,
        "kelly_fraction": 0.4418419976701321,
        "max_position_pct": 0.21191117027873885,
        "fee": 0.005087594027702015
      }
    },
    {
      "number": 18,
      "value": 13.341527251329623,
      "params": {
        "spread_threshold": 0.10603887871698768,
        "n_bins": 7,
        "kelly_fraction": 0.23684297736348503,
        "max_position_pct": 0.17850583928651834,
        "fee": 0.013565153808796585
      }
    },
    {
      "number": 19,
      "value": 7.960134132548586,
      "params": {
        "spread_threshold": 0.047014922606258946,
        "n_bins": 9,
        "kelly_fraction": 0.3179074951223605,
        "max_position_pct": 0.11936006608287397,
        "fee": 0.026991036143506262
      }
    },
    {
      "number": 20,
      "value": 8.193496523184647,
      "params": {
        "spread_threshold": 0.08085173987056371,
        "n_bins": 14,
        "kelly_fraction": 0.14614771104611898,
        "max_position_pct": 0.16261418340144024,
        "fee": 0.022648470059095635
      }
    },
    {
      "number": 21,
      "value": 12.86152831860712,
      "params": {
        "spread_threshold": 0.03013201241591113,
        "n_bins": 11,