{
  "baselines": {
    "constant_0.5": {
      "bayes_brier": 0.21563415229320526,
      "brier": 0.25,
      "correlation_with_truth": NaN,
      "ece": 0.030000001192092896,
      "excess_brier": 0.03436584770679474,
      "mse_to_truth": 0.029594438892235165,
      "n": 400
    },
    "oracle": {
      "bayes_brier": 0.21563415229320526,
      "brier": 0.21563415229320526,
      "correlation_with_truth": 0.9999999999999999,
      "ece": 0.05484362706542015,
      "excess_brier": 0.0,
      "mse_to_truth": 0.0,
      "n": 400
    },
    "prior": {
      "base_rate": 0.49562498927116394,
      "bayes_brier": 0.21563415229320526,
      "brier": 0.24975664007514728,
      "correlation_with_truth": NaN,
      "ece": 0.025624990463256836,
      "excess_brier": 0.03412248778194202,
      "mse_to_truth": 0.02960033858259191,
      "n": 400
    }
  },
  "headlines_sample": [
    "Will G2 score more than 3 goals against Heat?",
    "Will US hold elections by 2024-09?",
    "Will BNB outperform Ethereum this week?",
    "Will H.R. 156 pass the House?",
    "Will Lakers win ESL Katowice?"
  ],
  "n_test": 400,
  "n_train": 1600,
  "spec": {
    "n_factors": 5,
    "n_samples": 2000,
    "noise": 0.2,
    "structure": "independent"
  }
}
