{
  "metrics": {
    "approachability": {
      "clip_eps": 1e-06,
      "curve": {
        "app_err": [
          0.022502088993787764,
          0.015884358882904053,
          0.012939940641323725,
          0.007396440543234348,
          0.0082098488509655,
          0.009301043326656024,
          0.008790448733738491,
          0.007762315776199102,
          0.008883318205674489,
          0.008601245239377022,
          0.009277753599665381,
          0.009157260209321975,
          0.00906916476213015,
          0.008884173003690583,
          0.008291894803444545,
          0.007773651378229261,
          0.007473330740333134
        ],
        "t": [
          200,
          400,
          600,
          800,
          1000,
          1200,
          1400,
          1600,
          1800,
          2000,
          2200,
          2400,
          2600,
          2800,
          3000,
          3200,
          3371
        ]
      },
      "curve_every": 200,
      "curve_time_ts": [
        1687594578.0,
        1698215444.0,
        1704352522.0,
        1708158848.0,
        1709531170.0,
        1711835276.0,
        1714104676.0,
        1716618025.0,
        1718088928.0,
        1719216558.0,
        1720492058.0,
        1722118342.0,
        1722716359.0,
        1728495273.0,
        1730324112.0,
        1731407082.0,
        1738567197.0
      ],
      "eps": 0.0,
      "family": "group_bin_indicator",
      "final": {
        "app_err": 0.007473330740333134,
        "top_violations": [
          {
            "bin_hi": 0.35000000000000003,
            "bin_idx": 6,
            "bin_lo": 0.30000000000000004,
            "coord": 6,
            "group": "(1005.489, 8755.43]|nan",
            "group_idx": 0,
            "mean_payoff": -0.007473330740333134,
            "violation": 0.007473330740333134
          },
          {
            "bin_hi": 0.4,
            "bin_idx": 7,
            "bin_lo": 0.35000000000000003,
            "coord": 7,
            "group": "(1005.489, 8755.43]|nan",
            "group_idx": 0,
            "mean_payoff": -0.005778822036710347,
            "violation": 0.005778822036710347
          },
          {
            "bin_hi": 0.4,
            "bin_idx": 7,
            "bin_lo": 0.35000000000000003,
            "coord": 67,
            "group": "(61900.2, 271261.238]|nan",
            "group_idx": 3,
            "mean_payoff": -0.004478378444070174,
            "violation": 0.004478378444070174
          },
          {
            "bin_hi": 0.35000000000000003,
            "bin_idx": 6,
            "bin_lo": 0.30000000000000004,
            "coord": 86,
            "group": "(8755.43, 25005.0]|nan",
            "group_idx": 4,
            "mean_payoff": -0.004229966627317308,
            "violation": 0.004229966627317308
          },
          {
            "bin_hi": 0.45,
            "bin_idx": 8,
            "bin_lo": 0.4,
            "coord": 88,
            "group": "(8755.43, 25005.0]|nan",
            "group_idx": 4,
            "mean_payoff": -0.004057442211885545,
            "violation": 0.004057442211885545
          },
          {
            "bin_hi": 0.35000000000000003,
            "bin_idx": 6,
            "bin_lo": 0.30000000000000004,
            "coord": 46,
            "group": "(271261.238, 1531479284.504]|nan",
            "group_idx": 2,
            "mean_payoff": -0.004031166474071606,
            "violation": 0.004031166474071606
          },
          {
            "bin_hi": 0.2,
            "bin_idx": 3,
            "bin_lo": 0.15000000000000002,
            "coord": 63,
            "group": "(61900.2, 271261.238]|nan",
            "group_idx": 3,
            "mean_payoff": 0.0036467984208223268,
            "violation": 0.0036467984208223268
          },
          {
            "bin_hi": 0.4,
            "bin_idx": 7,
            "bin_lo": 0.35000000000000003,
            "coord": 47,
            "group": "(271261.238, 1531479284.504]|nan",
            "group_idx": 2,
            "mean_payoff": -0.0034830514081894415,
            "violation": 0.0034830514081894415
          },
          {
            "bin_hi": 0.30000000000000004,
            "bin_idx": 5,
            "bin_lo": 0.25,
            "coord": 45,
            "group": "(271261.238, 1531479284.504]|nan",
            "group_idx": 2,
            "mean_payoff": -0.0034063361370750933,
            "violation": 0.0034063361370750933
          },
          {
            "bin_hi": 0.30000000000000004,
            "bin_idx": 5,
            "bin_lo": 0.25,
            "coord": 85,
            "group": "(8755.43, 25005.0]|nan",
            "group_idx": 4,
            "mean_payoff": -0.0033461721439950014,
            "violation": 0.0033461721439950014
          }
        ]
      },
      "group_cols": [
        "volume_q5",
        "ttc_q5"
      ],
      "n": 3371,
      "n_bins": 20,
      "n_groups": 5,
      "pred_col": "pred_prob",
      "time_col": "market_prob_target_ts",
      "y_col": "y"
    },
    "brier": 0.1831876689545126,
    "ece": 0.08849298534293232,
    "groups": {
      "ttc_q5": {
        "avg_abs_bias": 0.06746527713286138,
        "n_groups": 1,
        "worst_abs_bias": 0.06746527713286138
      },
      "volume_q5": {
        "avg_abs_bias": 0.06746527713286138,
        "n_groups": 5,
        "worst_abs_bias": 0.09305487018222271
      }
    },
    "logloss": 0.5538929998064961,
    "n": 3371,
    "trading": {
      "B": 1.0,
      "mode": "sign",
      "pnl_per_event": 0.003398694537514536,
      "transaction_cost": 0.0
    }
  }
}
