{
  "llm_meta": null,
  "models": [
    {
      "arb_profit": 0.39999999131560326,
      "brier": 0.25,
      "ece": 0.0038000000000000256,
      "gcal_S": 0.4000000059604645,
      "gcal_S_argmax_key": 4,
      "logloss": 0.6931471805599454,
      "n_eval": 5000,
      "name": "AR-intrinsic",
      "sce": 0.1599999930524829
    },
    {
      "arb_profit": 0.13886548604369164,
      "brier": 0.11011925604294685,
      "ece": 0.13726549472808838,
      "gcal_S": 0.13886550068855286,
      "gcal_S_argmax_key": 4,
      "logloss": 0.3906903918850541,
      "n_eval": 5000,
      "name": "Diffusion-intrinsic",
      "sce": 0.019283623214150936
    },
    {
      "arb_profit": 0.33085035709142685,
      "brier": 0.2055896074600176,
      "ece": 0.1538912836253643,
      "gcal_S": 0.5607142448425293,
      "gcal_S_argmax_key": 9599,
      "logloss": 0.6020960840713254,
      "n_eval": 5000,
      "name": "AR+post",
      "sce": 0.11468249202151419
    },
    {
      "arb_profit": 0.0671752116009593,
      "brier": 0.09987998332441844,
      "ece": 0.06552456480115654,
      "gcal_S": 0.3583332896232605,
      "gcal_S_argmax_key": 12692,
      "logloss": 0.35571982925698076,
      "n_eval": 5000,
      "name": "Diffusion+post",
      "sce": 0.008586974704361372
    }
  ]
}
