{
  "llm_meta": null,
  "metrics": {
    "approachability": {
      "clip_eps": 1e-06,
      "curve": {
        "app_err": [
          0.05,
          0.075,
          0.048666666666666664,
          0.0365,
          0.039,
          0.0325,
          0.027857142857142858,
          0.024375,
          0.021666666666666667,
          0.0195,
          0.017727272727272727,
          0.01625,
          0.011500000000000002,
          0.013928571428571429,
          0.009966666666666667,
          0.0123125,
          0.01161764705882353,
          0.011027777777777777,
          0.013078947368421053,
          0.012375,
          0.011833333333333333,
          0.011295454545454544,
          0.010760869565217391,
          0.012374999999999999,
          0.01788,
          0.01719230769230769,
          0.018407407407407407,
          0.01775,
          0.01713793103448276,
          0.016566666666666667,
          0.017612903225806453,
          0.0170625,
          0.015030303030303031,
          0.014588235294117647,
          0.014171428571428571,
          0.013777777777777778,
          0.013405405405405406,
          0.01568421052631579,
          0.016564102564102564,
          0.0174,
          0.016975609756097562,
          0.01657142857142857,
          0.016186046511627906,
          0.015818181818181818,
          0.015466666666666667,
          0.015130434782608695,
          0.015861702127659576,
          0.01553125,
          0.015214285714285715,
          0.01789,
          0.01753921568627451,
          0.017201923076923076,
          0.016877358490566038,
          0.016564814814814817,
          0.016263636363636366,
          0.016857142857142855,
          0.01656140350877193,
          0.016275862068965516,
          0.016,
          0.015733333333333332,
          0.017098360655737704,
          0.017629032258064517,
          0.016555555555555556,
          0.017078125,
          0.019892307692307692,
          0.018833333333333334,
          0.02003731343283582,
          0.019742647058823528,
          0.019456521739130435,
          0.019178571428571427,
          0.018908450704225352,
          0.017951388888888888,
          0.017705479452054793,
          0.017466216216216215,
          0.017233333333333333,
          0.01700657894736842,
          0.016785714285714286,
          0.01657051282051282,
          0.016360759493670884,
          0.016156249999999997,
          0.01595679012345679,
          0.01576219512195122,
          0.015572289156626505,
          0.015386904761904761,
          0.014588235294117645,
          0.014418604651162788,
          0.01425287356321839,
          0.01409090909090909,
          0.01393258426966292,
          0.013777777777777776,
          0.013626373626373625,
          0.013478260869565216,
          0.014946236559139783,
          0.01478723404255319,
          0.014631578947368419,
          0.013437499999999998,
          0.012783505154639174,
          0.012653061224489795,
          0.012525252525252524,
          0.012399999999999998
        ],
        "t": [
          10,
          20,
          30,
          40,
          50,
          60,
          70,
          80,
          90,
          100,
          110,
          120,
          130,
          140,
          150,
          160,
          170,
          180,
          190,
          200,
          210,
          220,
          230,
          240,
          250,
          260,
          270,
          280,
          290,
          300,
          310,
          320,
          330,
          340,
          350,
          360,
          370,
          380,
          390,
          400,
          410,
          420,
          430,
          440,
          450,
          460,
          470,
          480,
          490,
          500,
          510,
          520,
          530,
          540,
          550,
          560,
          570,
          580,
          590,
          600,
          610,
          620,
          630,
          640,
          650,
          660,
          670,
          680,
          690,
          700,
          710,
          720,
          730,
          740,
          750,
          760,
          770,
          780,
          790,
          800,
          810,
          820,
          830,
          840,
          850,
          860,
          870,
          880,
          890,
          900,
          910,
          920,
          930,
          940,
          950,
          960,
          970,
          980,
          990,
          1000
        ]
      },
      "curve_every": 10,
      "curve_time_ts": [
        1761494402.1636631,
        1755786667.721317,
        1765818520.389775,
        1765786214.032286,
        1744297137.744982,
        1743785725.848381,
        1746452030.655029,
        1762794001.270776,
        1705518718.9550002,
        1737407801.1653152,
        1754908235.620882,
        1764257590.394356,
        1755425181.302361,
        1730222513.407464,
        1715277908.478744,
        1741787261.491043,
        1751407713.820672,
        1757354407.969131,
        1749734045.005978,
        1761572794.019048,
        1721241003.453942,
        1744142979.180035,
        1763744401.618592,
        1763740964.805242,
        1733775829.381151,
        1750369127.810498,
        1737410160.603235,
        1758693603.5605881,
        1719090696.494977,
        1732693988.891347,
        1744066566.3936791,
        1753807738.266647,
        1756128808.9727721,
        1761248929.707416,
        1761579904.8051589,
        1758038403.760753,
        1753102433.035558,
        1746661452.218008,
        1727720147.5087008,
        1759766353.561051,
        1763787610.455581,
        1760932812.160964,
        1730930874.109406,
        1740775355.674517,
        1753813464.605763,
        1761222200.198248,
        1757692802.633375,
        1763933884.2021928,
        1764871690.7842371,
        1710945913.197921,
        1726518909.100841,
        1745223861.835799,
        1751478805.950138,
        1755006764.591051,
        1733956764.849899,
        1757800803.542264,
        1728408551.721247,
        1763404212.6478279,
        1762876482.4426408,
        1747081136.0181508,
        1765806404.7742379,
        1761075995.919582,
        1757695096.242709,
        1764004101.609233,
        1757070553.308963,
        1743454331.045776,
        1764914435.606194,
        1747167552.676616,
        1762197003.808349,
        1764975604.6077619,
        1733781793.393218,
        1744647682.260103,
        1745522959.484865,
        1761141906.631115,
        1764003609.675736,
        1742416460.578916,
        1749228671.053628,
        1764694802.4251919,
        1754489716.175925,
        1721163049.701536,
        1760373905.212245,
        1735235475.725771,
        1765210755.908601,
        1750646111.2226748,
        1754938673.681497,
        1733167056.258962,
        1746214750.296588,
        1742912198.001069,
        1749747181.032205,
        1729813268.021617,
        1752588754.780184,
        1757174672.3655732,
        1749079838.460484,
        1763960403.621813,
        1737499857.864068,
        1759947815.513373,
        1751473430.306143,
        1750870293.2266319,
        1753292944.473825,
        1754327906.1378508
      ],
      "eps": 0.0,
      "family": "group_bin_indicator",
      "final": {
        "app_err": 0.012399999999999998,
        "top_violations": [
          {
            "bin_hi": 0.5,
            "bin_idx": 9,
            "bin_lo": 0.45,
            "coord": 509,
            "group": "(99.999, 2020.615]|(1761.539, 158576.427]",
            "group_idx": 25,
            "mean_payoff": -0.012399999999999998,
            "violation": 0.012399999999999998
          },
          {
            "bin_hi": 0.5,
            "bin_idx": 9,
            "bin_lo": 0.45,
            "coord": 9,