{
  "llm_meta": null,
  "models": [
    {
      "arb_profit": 0.3999999910473824,
      "brier": 0.25,
      "ece": 0.0043999999999999595,
      "gcal_S": 0.4000000059604645,
      "gcal_S_argmax_key": 127,
      "logloss": 0.6931471805599454,
      "n_eval": 5000,
      "name": "AR-intrinsic",
      "sce": 0.1599999928379062
    },
    {
      "arb_profit": 0.3399621397137642,
      "brier": 0.2057663836501307,
      "ece": 0.3383621486663818,
      "gcal_S": 0.3399621546268463,
      "gcal_S_argmax_key": 127,
      "logloss": 0.6042685785168843,
      "n_eval": 5000,
      "name": "Diffusion-intrinsic",
      "sce": 0.11557425643876112
    },
    {
      "arb_profit": 0.3947517231762409,
      "brier": 0.24665197081368911,
      "ece": 0.017614732509851443,
      "gcal_S": 0.5041666030883789,
      "gcal_S_argmax_key": 22410,
      "logloss": 0.6863762088763669,
      "n_eval": 5000,
      "name": "AR+post",
      "sce": 0.15637288002079622
    },
    {
      "arb_profit": 0.020023217365145684,
      "brier": 0.09598087771507255,
      "ece": 0.022866796317696565,
      "gcal_S": 0.4208333194255829,
      "gcal_S_argmax_key": 8376,
      "logloss": 0.34030717249915376,
      "n_eval": 5000,
      "name": "Diffusion+post",
      "sce": 0.00532039502829765
    }
  ]
}
