{
  "baselines": {
    "constant_0.5": {
      "bayes_brier": 0.22337636351585388,
      "brier": 0.25,
      "correlation_with_truth": NaN,
      "ece": 0.030999988317489624,
      "excess_brier": 0.026623636484146118,
      "mse_to_truth": 0.029768123399547358,
      "n": 1000
    },
    "oracle": {
      "bayes_brier": 0.22337636351585388,
      "brier": 0.22337636351585388,
      "correlation_with_truth": 1.0,
      "ece": 0.040449116110801694,
      "excess_brier": 0.0,
      "mse_to_truth": 0.0,
      "n": 1000
    },
    "prior": {
      "base_rate": 0.5115000009536743,
      "bayes_brier": 0.22337636351585388,
      "brier": 0.25084525008106234,
      "correlation_with_truth": NaN,
      "ece": 0.04249998927116394,
      "excess_brier": 0.02746888656520846,
      "mse_to_truth": 0.030033158923095785,
      "n": 1000
    }
  },
  "headlines_sample": [
    "Will Cardano be above $186000 on 2024-03?",
    "Will Cardano be above $61000 on 2025-12?",
    "Will BNB market cap exceed $1067B?",
    "Will H.R. 7672 pass the Senate?",
    "Will Celtics score more than 3 goals against MOUZ?"
  ],
  "n_test": 1000,
  "n_train": 4000,
  "spec": {
    "n_factors": 5,
    "n_samples": 5000,
    "noise": 0.2,
    "structure": "independent"
  }
}
