{
  "metrics": {
    "approachability": {
      "clip_eps": 1e-06,
      "curve": {
        "app_err": [
          0.07992307662963867,
          0.07992111682891846,
          0.09324195623397827,
          0.09960116338101216,
          0.10361725275963544,
          0.09963420941339185,
          0.09105168644804508,
          0.08962856394296978,
          0.0885102520764081,
          0.09560668253479525,
          0.09051880356305364,
          0.09294177154661157,
          0.09190287541454802,
          0.09674294994013118,
          0.09294033758652707,
          0.0921114884922281,
          0.08902949741055421,
          0.08849651393118418,
          0.08382826921321745,
          0.08163076170219574,
          0.07773597515775778,
          0.07420071754953823,
          0.07270837030768314,
          0.06967376774303072,
          0.06848528891662135,
          0.0673850967492371,
          0.06636492523321606,
          0.06840211527688163,
          0.07017607064082705,
          0.07182910219828288,
          0.07337326219004969,
          0.07108034774661064,
          0.07498106653040106,
          0.07394987442914178,
          0.07296600069318498,
          0.0742672872543335,
          0.0744157879417007,
          0.07350804705368845,
          0.07367087957186577,
          0.07382714956998825,
          0.07331395190664176
        ],
        "t": [
          25,
          50,
          75,
          100,
          125,
          150,
          175,
          200,
          225,
          250,
          275,
          300,
          325,
          350,
          375,
          400,
          425,
          450,
          475,
          500,
          525,
          550,
          575,
          600,
          625,
          650,
          675,
          700,
          725,
          750,
          775,
          800,
          825,
          850,
          875,
          900,
          925,
          950,
          975,
          1000,
          1007
        ]
      },
      "curve_every": 25,
      "curve_time_ts": [
        1755607189.2302961,
        1764489601.992749,
        1749230456.1648982,
        1757692801.088487,
        1758664802.233784,
        1766128211.475931,
        1732637173.121185,
        1724251359.9818292,
        1721059248.318618,
        1744013206.271193,
        1762876482.4426408,
        1746826759.137544,
        1732896480.239716,
        1733157619.963896,
        1744989926.194477,
        1750393469.3211122,
        1761753601.459714,
        1754501963.403122,
        1759961288.509166,
        1763269211.025377,
        1761248934.536551,
        1763226002.830776,
        1760377501.636529,
        1758837601.160341,
        1758816001.2131681,
        1762223105.6333618,
        1739387368.848027,
        1748032840.909587,
        1757716857.430743,
        1764781204.521163,
        1765645206.241966,
        1735924157.979765,
        1721339217.885109,
        1763571613.495424,
        1763830813.849674,
        1751846980.529997,
        1764091557.935233,
        1740286957.537361,
        1765457700.588395,
        1751156628.462006,
        1732575428.504298
      ],
      "eps": 0.0,
      "family": "group_bin_indicator",
      "final": {
        "app_err": 0.07331395190664176,
        "top_violations": [
          {
            "bin_hi": 1.0,
            "bin_idx": 19,
            "bin_lo": 0.9500000000000001,
            "coord": 19,
            "group": "crypto",
            "group_idx": 0,
            "mean_payoff": -0.07331395190664176,
            "violation": 0.07331395190664176
          },
          {
            "bin_hi": 0.05,
            "bin_idx": 0,
            "bin_lo": 0.0,
            "coord": 0,
            "group": "crypto",
            "group_idx": 0,
            "mean_payoff": 0.07006620939302165,
            "violation": 0.07006620939302165
          },
          {
            "bin_hi": 0.05,
            "bin_idx": 0,
            "bin_lo": 0.0,
            "coord": 20,
            "group": "politics",
            "group_idx": 1,
            "mean_payoff": 0.05534640164900656,
            "violation": 0.05534640164900656
          },
          {
            "bin_hi": 1.0,
            "bin_idx": 19,
            "bin_lo": 0.9500000000000001,
            "coord": 39,
            "group": "politics",
            "group_idx": 1,
            "mean_payoff": -0.03965962915695175,
            "violation": 0.03965962915695175
          },
          {
            "bin_hi": 1.0,
            "bin_idx": 19,
            "bin_lo": 0.9500000000000001,
            "coord": 59,
            "group": "sports",
            "group_idx": 2,
            "mean_payoff": -0.02478951180229831,
            "violation": 0.02478951180229831
          },
          {
            "bin_hi": 0.05,
            "bin_idx": 0,
            "bin_lo": 0.0,
            "coord": 40,
            "group": "sports",
            "group_idx": 2,
            "mean_payoff": 0.018738342398144547,
            "violation": 0.018738342398144547
          },
          {
            "bin_hi": 0.55,
            "bin_idx": 10,
            "bin_lo": 0.5,
            "coord": 50,
            "group": "sports",
            "group_idx": 2,
            "mean_payoff": -0.0019976150433143533,
            "violation": 0.0019976150433143533
          },
          {
            "bin_hi": 0.5,
            "bin_idx": 9,
            "bin_lo": 0.45,
            "coord": 29,
            "group": "politics",
            "group_idx": 1,
            "mean_payoff": -0.0014784121525204762,
            "violation": 0.0014784121525204762
          },
          {
            "bin_hi": 0.55,
            "bin_idx": 10,
            "bin_lo": 0.5,
            "coord": 10,
            "group": "crypto",
            "group_idx": 0,
            "mean_payoff": -0.0010371432522202674,
            "violation": 0.0010371432522202674
          },
          {
            "bin_hi": 0.55,
            "bin_idx": 10,
            "bin_lo": 0.5,
            "coord": 30,
            "group": "politics",
            "group_idx": 1,
            "mean_payoff": -0.0009992976174453994,
            "violation": 0.0009992976174453994
          }
        ]
      },
      "group_cols": [
        "topic"
      ],
      "n": 1007,
      "n_bins": 20,
      "n_groups": 3,
      "pred_col": "pred_prob",
      "time_col": "createdAt",
      "y_col": "y"
    },
    "brier": 0.29373193116881946,
    "ece": 0.2915699264883062,
    "groups": {
      "topic": {
        "avg_abs_bias": 0.028839616921197166,
        "n_groups": 3,
        "worst_abs_bias": 0.05445819687131526
      }
    },
    "logloss": 1.975529030440943,
    "n": 1007,
    "trading": {
      "B": 1.0,
      "mode": "sign",
      "pnl_per_event": 0.13843048716083264,
      "transaction_cost": 0.0
    }
  }
}
