{
  "bins": 20,
  "bw_group": "chi_S",
  "curve_every": 1000,
  "eps": 0.0,
  "family": "group_bin_indicator",
  "rows": [
    {
      "curve": {
        "app_err": [
          0.0028000029921531676,
          0.0006499878764152526,
          0.0021666787068049115,
          0.0022750119268894193,
          0.001020003002882004,
          0.0006499970008929571,
          0.00024286905356815883,
          0.0017749879956245422,
          0.0010444324811299643,
          0.0018099970370531082,
          0.0014636333936994725,
          0.0015499970217545827,
          0.001615381644322322,
          0.0011285594872065953,
          0.0017333214282989502,
          0.0003624880760908127,
          0.0005588116575689876,
          0.0005222103595733643,
          0.0008631460290206106,
          0.0010449881494045258,
          0.0010523690780003866,
          0.0015590790022503246,
          0.0017695532829865165,
          0.0014416547119617462,
          0.000939988055229187,
          0.0010153726706138024,
          0.0012777658347730284,
          0.001399988055229187,
          0.0014103328893924582,
          0.0018333213647206625,
          0.0017838589799019598,
          0.0017656130455434322,
          0.0018151395790504687,
          0.0018352821714737837,
          0.0016628452028547014,
          0.0014999880658255684,
          0.0016486367083884575,
          0.001439461748850973,
          0.0014666547225071834,
          0.0016074880808591842,
          0.0016463295395781354,
          0.0016476071164721535,
          0.0014511508553527123,
          0.0012613517073067752,
          0.001024432513448927,
          0.0009565247154754141,
          0.0011148816879759443,
          0.0010374880681435267,
          0.0006449009350367955,
          0.0008200029742717743
        ],
        "t": [
          1000,
          2000,
          3000,
          4000,
          5000,
          6000,
          7000,
          8000,
          9000,
          10000,
          11000,
          12000,
          13000,
          14000,
          15000,
          16000,
          17000,
          18000,
          19000,
          20000,
          21000,
          22000,
          23000,
          24000,
          25000,
          26000,
          27000,
          28000,
          29000,
          30000,
          31000,
          32000,
          33000,
          34000,
          35000,
          36000,
          37000,
          38000,
          39000,
          40000,
          41000,
          42000,
          43000,
          44000,
          45000,
          46000,
          47000,
          48000,
          49000,
          50000
        ]
      },
      "eps": 0.0,
      "final_app_err": 0.0008200029742717743,
      "group": "chi_S",
      "n_bins": 20,
      "n_groups": 2,
      "name": "oracle",
      "top_violations": [
        {
          "bin_hi": 0.1,
          "bin_idx": 1,
          "bin_lo": 0.05,
          "coord": 1,
          "group": "-1",
          "group_idx": 0,
          "mean_payoff": 0.0008200029742717743,
          "violation": 0.0008200029742717743
        },
        {
          "bin_hi": 0.9,
          "bin_idx": 17,
          "bin_lo": 0.8500000000000001,
          "coord": 37,
          "group": "1",
          "group_idx": 1,
          "mean_payoff": -0.000599988055229187,
          "violation": 0.000599988055229187
        }
      ]
    },
    {
      "curve": {
        "app_err": [
          0.199,
          0.20275,
          0.20416666666666666,
          0.202375,
          0.2005,
          0.20191666666666666,
          0.2002142857142857,
          0.199625,
          0.2,
          0.20065,
          0.20077272727272727,
          0.20141666666666666,
          0.201,
          0.2007142857142857,
          0.201,
          0.1998125,
          0.2006764705882353,
          0.2008888888888889,
          0.20115789473684212,
          0.201575,
          0.20088095238095238,
          0.2003409090909091,
          0.1995,
          0.19933333333333333,
          0.19946,
          0.19938461538461538,
          0.1990925925925926,
          0.1992857142857143,
          0.19908620689655174,
          0.19896666666666665,
          0.19933870967741935,
          0.198953125,
          0.19922727272727273,
          0.19908823529411765,
          0.19908571428571428,
          0.199,
          0.19875675675675675,
          0.19896052631578948,
          0.19892307692307692,
          0.1991375,
          0.19884146341463416,
          0.19890476190476192,
          0.19897674418604652,
          0.19914772727272728,
          0.19916666666666666,
          0.1993913043478261,
          0.19904255319148936,
          0.19914583333333333,
          0.1996734693877551,
          0.1998
        ],
        "t": [
          1000,
          2000,
          3000,
          4000,
          5000,
          6000,
          7000,
          8000,
          9000,
          10000,
          11000,
          12000,
          13000,
          14000,
          15000,
          16000,
          17000,
          18000,
          19000,
          20000,
          21000,
          22000,
          23000,
          24000,
          25000,
          26000,
          27000,
          28000,
          29000,
          30000,
          31000,
          32000,
          33000,
          34000,
          35000,
          36000,
          37000,
          38000,
          39000,
          40000,
          41000,
          42000,
          43000,
          44000,
          45000,
          46000,
          47000,
          48000,
          49000,
          50000
        ]
      },
      "eps": 0.0,
      "final_app_err": 0.1998,
      "group": "chi_S",
      "n_bins": 20,
      "n_groups": 2,
      "name": "const_0.5",
      "top_violations": [
        {
          "bin_hi": 0.5,
          "bin_idx": 9,
          "bin_lo": 0.45,
          "coord": 29,
          "group": "1",
          "group_idx": 1,
          "mean_payoff": 0.1998,
          "violation": 0.1998
        },
        {
          "bin_hi": 0.5,
          "bin_idx": 9,
          "bin_lo": 0.45,
          "coord": 9,
          "group": "-1",
          "group_idx": 0,
          "mean_payoff": -0.19878,
          "violation": 0.19878
        }
      ]
    },
    {
      "curve": {
        "app_err": [
          0.0367503525018692,
          0.03707942619919777,
          0.03963640163342158,
          0.03939229686558247,
          0.03743679701089859,
          0.03798370622595151,
          0.037309805708272116,
          0.03661405625939369,
          0.037677951945198906,
          0.038693574756383894,
          0.03843422454595566,
          0.038624014993508655,
          0.03859998211493859,
          0.03809229249613626,
          0.037881545821825666,
          0.03695197280496359,
          0.037104448216802935,
          0.037191230257352194,
          0.03750215221706189,
          0.03771263010203838,
          0.03734360926775705,
          0.03724713692069054,
          0.0367828967338023,
          0.03689363437394301,
          0.03656454999685287,
          0.036386088458391336,
          0.03634486092240722,
          0.036710264282567164,
          0.03642088034029665,
          0.03631701916853587,
          0.03660987065107592,
          0.036510032264515754,
          0.03653334908593785,
          0.03653195014420678,
          0.036445103781563896,
          0.036279748883512285,
          0.03611966844184979,
          0.03625647006066222,
          0.036236708906980664,
          0.036211812303960325,
          0.035979942919277565,
          0.03614313904160545,
          0.036272488541381306,
          0.03635754380036484,
          0.036402975216176775,
          0.03627757194508677,
          0.036252212174395296,
          0.0363522403066357,
          0.036532851773865366,
          0.03657294498682022
        ],