{
  "llm_meta": null,
  "models": [
    {
      "arb_profit": 0.0,
      "brier": 0.09113599998116524,
      "ece": 0.0014199910295009666,
      "logloss": 0.3282030321866281,
      "n_eval": 50000,
      "name": "oracle",
      "sce": 0.0
    },
    {
      "arb_profit": 0.39999999102950096,
      "brier": 0.25,
      "ece": 0.0010200000000000209,
      "logloss": 0.6931471805599453,
      "n_eval": 50000,
      "name": "const_0.5",
      "sce": 0.15999999282360108
    },
    {
      "arb_profit": 0.07419748601317405,
      "brier": 0.09643054737609856,
      "ece": 0.07277749498367309,
      "logloss": 0.34922598402895966,
      "n_eval": 50000,
      "name": "diff_analytic_rho=0.95",
      "sce": 0.005505266930675383
    },
    {
      "arb_profit": 0.0,
      "brier": 0.09113599998116524,
      "ece": 0.0014199910295009666,
      "logloss": 0.3282030321866281,
      "n_eval": 50000,
      "name": "L_query_oracle(L=4)",
      "sce": 0.0
    }
  ]
}
