{
  "llm_meta": null,
  "models": [
    {
      "arb_profit": 0.39999999122023583,
      "brier": 0.25,
      "ece": 0.0040000000000000036,
      "gcal_S": 0.4000000059604645,
      "gcal_S_argmax_key": 1,
      "logloss": 0.6931471805599454,
      "n_eval": 5000,
      "name": "AR-intrinsic",
      "sce": 0.15999999297618897
    },
    {
      "arb_profit": 0.1874236019074917,
      "brier": 0.12436233484152218,
      "ece": 0.18922361068725582,
      "gcal_S": 0.18742361664772034,
      "gcal_S_argmax_key": 1,
      "logloss": 0.42802688517117915,
      "n_eval": 5000,
      "name": "Diffusion-intrinsic",
      "sce": 0.035127606551978136
    },
    {
      "arb_profit": 0.014337350304424762,
      "brier": 0.08914794753104134,
      "ece": 0.01681735373884439,
      "gcal_S": 0.06539112329483032,
      "gcal_S_argmax_key": 6,
      "logloss": 0.32392367815231693,
      "n_eval": 5000,
      "name": "AR+post",
      "sce": 0.00038981290626147934
    },
    {
      "arb_profit": 0.014535446605086327,
      "brier": 0.08911302510110841,
      "ece": 0.018335448518395425,
      "gcal_S": 0.061139464378356934,
      "gcal_S_argmax_key": 6,
      "logloss": 0.3238648285506503,
      "n_eval": 5000,
      "name": "Diffusion+post",
      "sce": 0.00037136171334189094
    }
  ]
}
