{
  "metrics": {
    "approachability": {
      "clip_eps": 1e-06,
      "curve": {
        "app_err": [
          0.015674305260181428,
          0.012466150224208833,
          0.009206578731536866,
          0.010195964723825455,
          0.010867556512355804,
          0.010748891830444337,
          0.011014891692570278,
          0.0102381375990808,
          0.012310197667943107,
          0.010842514768242837,
          0.01035190526734699,
          0.010007076598703861,
          0.010169533949631911,
          0.010019789870296206,
          0.009351803878943125,
          0.008873733775690198,
          0.008423597769863136
        ],
        "t": [
          200,
          400,
          600,
          800,
          1000,
          1200,
          1400,
          1600,
          1800,
          2000,
          2200,
          2400,
          2600,
          2800,
          3000,
          3200,
          3371
        ]
      },
      "curve_every": 200,
      "curve_time_ts": [
        1687594578.0,
        1698215444.0,
        1704352522.0,
        1708158848.0,
        1709531170.0,
        1711835276.0,
        1714104676.0,
        1716618025.0,
        1718088928.0,
        1719216558.0,
        1720492058.0,
        1722118342.0,
        1722716359.0,
        1728495273.0,
        1730324112.0,
        1731407082.0,
        1738567197.0
      ],
      "eps": 0.0,
      "family": "group_bin_indicator",
      "final": {
        "app_err": 0.008423597769863136,
        "top_violations": [
          {
            "bin_hi": 0.35000000000000003,
            "bin_idx": 6,
            "bin_lo": 0.30000000000000004,
            "coord": 6,
            "group": "(1005.489, 8755.43]|nan",
            "group_idx": 0,
            "mean_payoff": -0.008423597769863136,
            "violation": 0.008423597769863136
          },
          {
            "bin_hi": 0.4,
            "bin_idx": 7,
            "bin_lo": 0.35000000000000003,
            "coord": 7,
            "group": "(1005.489, 8755.43]|nan",
            "group_idx": 0,
            "mean_payoff": -0.00819012079773583,
            "violation": 0.00819012079773583
          },
          {
            "bin_hi": 0.35000000000000003,
            "bin_idx": 6,
            "bin_lo": 0.30000000000000004,
            "coord": 86,
            "group": "(8755.43, 25005.0]|nan",
            "group_idx": 4,
            "mean_payoff": -0.007566114856099842,
            "violation": 0.007566114856099842
          },
          {
            "bin_hi": 0.35000000000000003,
            "bin_idx": 6,
            "bin_lo": 0.30000000000000004,
            "coord": 26,
            "group": "(25005.0, 61900.2]|nan",
            "group_idx": 1,
            "mean_payoff": -0.007358262249639076,
            "violation": 0.007358262249639076
          },
          {
            "bin_hi": 0.4,
            "bin_idx": 7,
            "bin_lo": 0.35000000000000003,
            "coord": 67,
            "group": "(61900.2, 271261.238]|nan",
            "group_idx": 3,
            "mean_payoff": -0.00650295578064886,
            "violation": 0.00650295578064886
          },
          {
            "bin_hi": 0.35000000000000003,
            "bin_idx": 6,
            "bin_lo": 0.30000000000000004,
            "coord": 46,
            "group": "(271261.238, 1531479284.504]|nan",
            "group_idx": 2,
            "mean_payoff": -0.0062852812534763425,
            "violation": 0.0062852812534763425
          },
          {
            "bin_hi": 0.4,
            "bin_idx": 7,
            "bin_lo": 0.35000000000000003,
            "coord": 87,
            "group": "(8755.43, 25005.0]|nan",
            "group_idx": 4,
            "mean_payoff": -0.005919651138573859,
            "violation": 0.005919651138573859
          },
          {
            "bin_hi": 0.4,
            "bin_idx": 7,
            "bin_lo": 0.35000000000000003,
            "coord": 27,
            "group": "(25005.0, 61900.2]|nan",
            "group_idx": 1,
            "mean_payoff": -0.005266063903284087,
            "violation": 0.005266063903284087
          },
          {
            "bin_hi": 0.30000000000000004,
            "bin_idx": 5,
            "bin_lo": 0.25,
            "coord": 85,
            "group": "(8755.43, 25005.0]|nan",
            "group_idx": 4,
            "mean_payoff": -0.004586467648146591,
            "violation": 0.004586467648146591
          },
          {
            "bin_hi": 0.35000000000000003,
            "bin_idx": 6,
            "bin_lo": 0.30000000000000004,
            "coord": 66,
            "group": "(61900.2, 271261.238]|nan",
            "group_idx": 3,
            "mean_payoff": -0.004303225403686405,
            "violation": 0.004303225403686405
          }
        ]
      },
      "group_cols": [
        "volume_q5",
        "ttc_q5"
      ],
      "n": 3371,
      "n_bins": 20,
      "n_groups": 5,
      "pred_col": "pred_prob",
      "time_col": "market_prob_target_ts",
      "y_col": "y"
    },
    "brier": 0.18549833820500267,
    "ece": 0.10022802420625769,
    "groups": {
      "ttc_q5": {
        "avg_abs_bias": 0.09726010051229099,
        "n_groups": 1,
        "worst_abs_bias": 0.09726010051229099
      },
      "volume_q5": {
        "avg_abs_bias": 0.09726010051229098,
        "n_groups": 5,
        "worst_abs_bias": 0.12806787260031488
      }
    },
    "logloss": 0.5592332307649901,
    "n": 3371,
    "trading": {
      "B": 1.0,
      "mode": "sign",
      "pnl_per_event": 0.0029219815085037826,
      "transaction_cost": 0.0
    }
  }
}
