{
  "llm_meta": {
    "K": 1,
    "L": 4,
    "aggregate": "mean",
    "max_new_tokens_used": 64,
    "n": 1536,
    "parse_failures": 13
  },
  "models": [
    {
      "arb_profit": 0.4587109414696897,
      "brier": 0.45099198759622694,
      "ece": 0.44093749274725275,
      "gcal_S": 0.8899999856948853,
      "gcal_S_argmax_key": 19,
      "logloss": 1.8161603158218407,
      "n_eval": 1024,
      "name": "AR-intrinsic",
      "sce": 0.36968339691675395
    },
    {
      "arb_profit": 0.13463182805571705,
      "brier": 0.10999160127650853,
      "ece": 0.13111621141433713,
      "gcal_S": 0.13463184237480164,
      "gcal_S_argmax_key": 1,
      "logloss": 0.38978889765084856,
      "n_eval": 1024,
      "name": "Diffusion-intrinsic",
      "sce": 0.018125729125624383
    },
    {
      "arb_profit": 0.3655579045898776,
      "brier": 0.27355037238923274,
      "ece": 0.2033523596201121,
      "gcal_S": 0.8791667222976685,
      "gcal_S_argmax_key": 253,
      "logloss": 0.7856301731747647,
      "n_eval": 1024,
      "name": "AR+post",
      "sce": 0.1876861957521614
    },
    {
      "arb_profit": 0.07960408818325959,
      "brier": 0.10437888775220694,
      "ece": 0.07649377532652579,
      "gcal_S": 0.3583332896232605,
      "gcal_S_argmax_key": 132,
      "logloss": 0.36810856464424113,
      "n_eval": 1024,
      "name": "Diffusion+post",
      "sce": 0.011280459672734215
    }
  ]
}
