{
  "results": [
    {
      "mse": 0.0,
      "n": 20000,
      "name": "oracle",
      "static_arbitrage": {
        "M": 12,
        "curve": {
          "app_err": [
            0.0,
            0.0,
            0.0,
            0.0,
            0.0,
            0.0,
            0.0,
            0.0,
            0.0,
            0.0,
            0.0,
            0.0,
            0.0,
            0.0,
            0.0,
            0.0,
            0.0,
            0.0,
            0.0,
            0.0,
            0.0,
            0.0,
            0.0,
            0.0,
            0.0,
            0.0,
            0.0,
            0.0,
            0.0,
            0.0,
            0.0,
            0.0,
            0.0,
            0.0,
            0.0,
            0.0,
            0.0,
            0.0,
            0.0,
            0.0
          ],
          "t": [
            500,
            1000,
            1500,
            2000,
            2500,
            3000,
            3500,
            4000,
            4500,
            5000,
            5500,
            6000,
            6500,
            7000,
            7500,
            8000,
            8500,
            9000,
            9500,
            10000,
            10500,
            11000,
            11500,
            12000,
            12500,
            13000,
            13500,
            14000,
            14500,
            15000,
            15500,
            16000,
            16500,
            17000,
            17500,
            18000,
            18500,
            19000,
            19500,
            20000
          ]
        },
        "curve_every": 500,
        "final_app_err": 0.0,
        "frac_any_violated": 0.0,
        "include_box": true,
        "mean_pos": 0.0,
        "structure": "equal"
      }
    },
    {
      "mse": 0.021356184975302988,
      "n": 20000,
      "name": "noisy(sigma=0.15)",
      "static_arbitrage": {
        "M": 12,
        "curve": {
          "app_err": [
            0.09383525942087455,
            0.08552549640549582,
            0.08405105913138859,
            0.08410691099836701,
            0.08392461367114289,
            0.08361932841724973,
            0.08436971255218573,
            0.08458469234194277,
            0.08440286809385773,
            0.08322779417522469,
            0.08428596560922308,
            0.08401067927779839,
            0.08378870842698062,
            0.08404076587392029,
            0.08389997772242261,
            0.08403997508101448,
            0.08324449837639125,
            0.08356405575867222,
            0.08308216527449357,
            0.08312305742131325,
            0.08325035155818396,
            0.08317391037477069,
            0.08315775374622136,
            0.0828720222446173,
            0.08267590746681966,
            0.08285781107819008,
            0.08310368843060731,
            0.08286261435327058,
            0.08290628543651943,
            0.08301165917073355,
            0.08285560159493033,
            0.08260673212149844,
            0.08271164532189325,
            0.0825270131549574,
            0.08247650395370527,
            0.08251252135328815,
            0.08256559798796502,
            0.08270875820498215,
            0.08281718451264727,
            0.082929915818156
          ],
          "t": [
            500,
            1000,
            1500,
            2000,
            2500,
            3000,
            3500,
            4000,
            4500,
            5000,
            5500,
            6000,
            6500,
            7000,
            7500,
            8000,
            8500,
            9000,
            9500,
            10000,
            10500,
            11000,
            11500,
            12000,
            12500,
            13000,
            13500,
            14000,
            14500,
            15000,
            15500,
            16000,
            16500,
            17000,
            17500,
            18000,
            18500,
            19000,
            19500,
            20000
          ]
        },
        "curve_every": 500,
        "final_app_err": 0.082929915818156,
        "frac_any_violated": 0.9989,
        "include_box": true,
        "mean_pos": 0.04089686489031515,
        "structure": "equal"
      }
    },
    {
      "mse": 0.03806501806213204,
      "n": 20000,
      "name": "bundle_diff(sample_steps=4,mc=16,mean)",
      "static_arbitrage": {
        "M": 12,
        "curve": {
          "app_err": [
            0.024747453212738038,
            0.025566607415676117,
            0.025975809713204703,
            0.026069612860679627,
            0.0257498113155365,
            0.02548491365710894,
            0.025455589498792376,
            0.024997260555624963,
            0.025036422027481926,
            0.02503662684559822,
            0.02489071283015338,
            0.02483875415722529,
            0.02484526861630953,
            0.024803999240909303,
            0.025032131508986154,
            0.02502216662839055,
            0.024962498510585112,
            0.024833688838614358,
            0.02481902654861149,
            0.02469700019955635,
            0.024622530914488294,
            0.024684073106809097,
            0.024711952349413997,
            0.024723949012657006,
            0.024740041184425354,
            0.024745298745540472,
            0.024748459882206388,
            0.024693310935582434,
            0.02472554980475327,
            0.024739141794045766,
            0.024810462882441858,
            0.024866487497463823,
            0.02484231039249536,
            0.02480692779842545,
            0.024770876230512346,
            0.024861184005935986,
            0.024860683404110573,
            0.02486274317848055,
            0.024915069555624936,
            0.024931055396795274
          ],
          "t": [
            500,
            1000,
            1500,
            2000,
            2500,
            3000,
            3500,
            4000,
            4500,
            5000,
            5500,
            6000,
            6500,
            7000,
            7500,
            8000,
            8500,
            9000,
            9500,
            10000,
            10500,
            11000,
            11500,
            12000,
            12500,
            13000,
            13500,
            14000,
            14500,
            15000,
            15500,
            16000,
            16500,
            17000,
            17500,
            18000,
            18500,
            19000,
            19500,
            20000
          ]
        },
        "curve_every": 500,
        "final_app_err": 0.024931055396795274,
        "frac_any_violated": 1.0,
        "include_box": true,
        "mean_pos": 0.01219081402818362,
        "structure": "equal"
      }
    },
    {
      "mse": 0.03419200139179,
      "n": 20000,
      "name": "bundle_diff(sample_steps=8,mc=16,mean)",
      "static_arbitrage": {
        "M": 12,