{
  "metrics": {
    "approachability": {
      "clip_eps": 1e-06,
      "curve": {
        "app_err": [
          0.3937307071685791,
          0.3747912395000458,
          0.3013760264714559,
          0.33398301899433136,
          0.3302082953453064,
          0.3209743086496989,
          0.3427800893783569,
          0.34920149922370913,
          0.35428051736619737,
          0.3543152782917023,
          0.35080959493463687,
          0.34791981279850004,
          0.36369607356878425,
          0.3489560874870845,
          0.34412548796335857,
          0.33992362663149833,
          0.3383640962488511,
          0.3457950483428107,
          0.33802941171746503,
          0.32503835678100584,
          0.3170503414244879,
          0.3062365542758595,
          0.2962875191025112,
          0.28887650012969973,
          0.27730510597229,
          0.2789166820049286,
          0.2830836445313913,
          0.29696737408638,
          0.3057547011046574,
          0.3125519781112671,
          0.3151328084545751,
          0.315049986243248,
          0.3222579925710505,
          0.32319071671542,
          0.3286104850087847,
          0.33587394893169403,
          0.3373628869572201,
          0.33361043195975454,
          0.3401944435559786,
          0.3385897589921951,
          0.33623610624845596
        ],
        "t": [
          25,
          50,
          75,
          100,
          125,
          150,
          175,
          200,
          225,
          250,
          275,
          300,
          325,
          350,
          375,
          400,
          425,
          450,
          475,
          500,
          525,
          550,
          575,
          600,
          625,
          650,
          675,
          700,
          725,
          750,
          775,
          800,
          825,
          850,
          875,
          900,
          925,
          950,
          975,
          1000,
          1007
        ]
      },
      "curve_every": 25,
      "curve_time_ts": [
        1755607189.2302961,
        1764489601.992749,
        1749230456.1648982,
        1757692801.088487,
        1758664802.233784,
        1766128211.475931,
        1732637173.121185,
        1724251359.9818292,
        1721059248.318618,
        1744013206.271193,
        1762876482.4426408,
        1746826759.137544,
        1732896480.239716,
        1733157619.963896,
        1744989926.194477,
        1750393469.3211122,
        1761753601.459714,
        1754501963.403122,
        1759961288.509166,
        1763269211.025377,
        1761248934.536551,
        1763226002.830776,
        1760377501.636529,
        1758837601.160341,
        1758816001.2131681,
        1762223105.6333618,
        1739387368.848027,
        1748032840.909587,
        1757716857.430743,
        1764781204.521163,
        1765645206.241966,
        1735924157.979765,
        1721339217.885109,
        1763571613.495424,
        1763830813.849674,
        1751846980.529997,
        1764091557.935233,
        1740286957.537361,
        1765457700.588395,
        1751156628.462006,
        1732575428.504298
      ],
      "eps": 0.0,
      "family": "group_bin_indicator",
      "final": {
        "app_err": 0.33623610624845596,
        "top_violations": [
          {
            "bin_hi": 1.0,
            "bin_idx": 19,
            "bin_lo": 0.9500000000000001,
            "coord": 19,
            "group": "crypto",
            "group_idx": 0,
            "mean_payoff": -0.33623610624845596,
            "violation": 0.33623610624845596
          },
          {
            "bin_hi": 1.0,
            "bin_idx": 19,
            "bin_lo": 0.9500000000000001,
            "coord": 39,
            "group": "politics",
            "group_idx": 1,
            "mean_payoff": -0.2386851049700702,
            "violation": 0.2386851049700702
          },
          {
            "bin_hi": 1.0,
            "bin_idx": 19,
            "bin_lo": 0.9500000000000001,
            "coord": 59,
            "group": "sports",
            "group_idx": 2,
            "mean_payoff": -0.13290751666984824,
            "violation": 0.13290751666984824
          },
          {
            "bin_hi": 0.9500000000000001,
            "bin_idx": 18,
            "bin_lo": 0.9,
            "coord": 18,
            "group": "crypto",
            "group_idx": 0,
            "mean_payoff": -0.007204757072956347,
            "violation": 0.007204757072956347
          },
          {
            "bin_hi": 0.9500000000000001,
            "bin_idx": 18,
            "bin_lo": 0.9,
            "coord": 38,
            "group": "politics",
            "group_idx": 1,
            "mean_payoff": -0.0043652102040439515,
            "violation": 0.0043652102040439515
          },
          {
            "bin_hi": 0.9,
            "bin_idx": 17,
            "bin_lo": 0.8500000000000001,
            "coord": 17,
            "group": "crypto",
            "group_idx": 0,
            "mean_payoff": -0.0026198176310102657,
            "violation": 0.0026198176310102657
          },
          {
            "bin_hi": 0.9500000000000001,
            "bin_idx": 18,
            "bin_lo": 0.9,
            "coord": 58,
            "group": "sports",
            "group_idx": 2,
            "mean_payoff": -0.0017712191413152064,
            "violation": 0.0017712191413152064
          },
          {
            "bin_hi": 0.9,
            "bin_idx": 17,
            "bin_lo": 0.8500000000000001,
            "coord": 57,
            "group": "sports",
            "group_idx": 2,
            "mean_payoff": -0.0008874476370295323,
            "violation": 0.0008874476370295323
          },
          {
            "bin_hi": 0.8500000000000001,
            "bin_idx": 16,
            "bin_lo": 0.8,
            "coord": 36,
            "group": "politics",
            "group_idx": 1,
            "mean_payoff": -0.000798658557539545,
            "violation": 0.000798658557539545
          },
          {
            "bin_hi": 0.8,
            "bin_idx": 15,
            "bin_lo": 0.75,
            "coord": 35,
            "group": "politics",
            "group_idx": 1,
            "mean_payoff": -0.0007758080189846005,
            "violation": 0.0007758080189846005
          }
        ]
      },
      "group_cols": [
        "topic"
      ],
      "n": 1007,
      "n_bins": 20,
      "n_groups": 3,
      "pred_col": "pred_prob",
      "time_col": "createdAt",
      "y_col": "y"
    },
    "brier": 0.7215265367368918,
    "ece": 0.728364218488824,
    "groups": {
      "topic": {
        "avg_abs_bias": 0.7283292225124582,
        "n_groups": 3,
        "worst_abs_bias": 0.7878087334973471
      }
    },
    "logloss": 3.3494786289976735,
    "n": 1007,
    "trading": {
      "B": 1.0,
      "mode": "sign",
      "pnl_per_event": -0.16416931505242868,
      "transaction_cost": 0.0
    }
  }
}
