{
  "metrics": {
    "approachability": {
      "clip_eps": 1e-06,
      "curve": {
        "app_err": [
          0.022111810594797134,
          0.00908008947968483,
          0.007715734889109929,
          0.011237251348793506,
          0.010489354819059372,
          0.01169122447570165,
          0.010256510653666088,
          0.010000117905437946,
          0.010695167581240336,
          0.011123652324080467,
          0.01160072164102034,
          0.012814205723504226,
          0.012908694228300682,
          0.014245226085186004,
          0.014223491380612055,
          0.015013779466971754,
          0.015328324437141418,
          0.014974387139081955,
          0.015110676233705721,
          0.01507095156610012,
          0.014416122159787586,
          0.013760843879797242,
          0.013162546319806057,
          0.012725454617719182
        ],
        "t": [
          200,
          400,
          600,
          800,
          1000,
          1200,
          1400,
          1600,
          1800,
          2000,
          2200,
          2400,
          2600,
          2800,
          3000,
          3200,
          3400,
          3600,
          3800,
          4000,
          4200,
          4400,
          4600,
          4758
        ]
      },
      "curve_every": 200,
      "curve_time_ts": [
        1683057889.0,
        1691592550.0,
        1698732373.0,
        1704007464.0,
        1706684625.0,
        1708906653.0,
        1709794107.0,
        1711345805.0,
        1713161062.0,
        1714511346.0,
        1716063605.0,
        1717349232.0,
        1718430753.0,
        1719274523.0,
        1719749355.0,
        1720467741.0,
        1721288416.0,
        1722376838.0,
        1722839452.0,
        1723315813.0,
        1730475012.0,
        1730849711.0,
        1732174541.0,
        1739085597.0
      ],
      "eps": 0.0,
      "family": "group_bin_indicator",
      "final": {
        "app_err": 0.012725454617719182,
        "top_violations": [
          {
            "bin_hi": 0.45,
            "bin_idx": 8,
            "bin_lo": 0.4,
            "coord": 68,
            "group": "(5409.256, 15629.304]|nan",
            "group_idx": 3,
            "mean_payoff": -0.012725454617719182,
            "violation": 0.012725454617719182
          },
          {
            "bin_hi": 0.4,
            "bin_idx": 7,
            "bin_lo": 0.35000000000000003,
            "coord": 87,
            "group": "(999.999, 5409.256]|nan",
            "group_idx": 4,
            "mean_payoff": -0.011355158228140611,
            "violation": 0.011355158228140611
          },
          {
            "bin_hi": 0.45,
            "bin_idx": 8,
            "bin_lo": 0.4,
            "coord": 48,
            "group": "(38940.746, 139356.56]|nan",
            "group_idx": 2,
            "mean_payoff": -0.009714689542636896,
            "violation": 0.009714689542636896
          },
          {
            "bin_hi": 0.45,
            "bin_idx": 8,
            "bin_lo": 0.4,
            "coord": 88,
            "group": "(999.999, 5409.256]|nan",
            "group_idx": 4,
            "mean_payoff": -0.009157028730399672,
            "violation": 0.009157028730399672
          },
          {
            "bin_hi": 0.45,
            "bin_idx": 8,
            "bin_lo": 0.4,
            "coord": 28,
            "group": "(15629.304, 38940.746]|nan",
            "group_idx": 1,
            "mean_payoff": -0.0087116810455198,
            "violation": 0.0087116810455198
          },
          {
            "bin_hi": 0.45,
            "bin_idx": 8,
            "bin_lo": 0.4,
            "coord": 8,
            "group": "(139356.56, 1531479284.504]|nan",
            "group_idx": 0,
            "mean_payoff": -0.008410886800705059,
            "violation": 0.008410886800705059
          },
          {
            "bin_hi": 0.4,
            "bin_idx": 7,
            "bin_lo": 0.35000000000000003,
            "coord": 67,
            "group": "(5409.256, 15629.304]|nan",
            "group_idx": 3,
            "mean_payoff": -0.0076975320481913285,
            "violation": 0.0076975320481913285
          },
          {
            "bin_hi": 0.5,
            "bin_idx": 9,
            "bin_lo": 0.45,
            "coord": 9,
            "group": "(139356.56, 1531479284.504]|nan",
            "group_idx": 0,
            "mean_payoff": -0.007403414795107078,
            "violation": 0.007403414795107078
          },
          {
            "bin_hi": 0.4,
            "bin_idx": 7,
            "bin_lo": 0.35000000000000003,
            "coord": 7,
            "group": "(139356.56, 1531479284.504]|nan",
            "group_idx": 0,
            "mean_payoff": -0.007156281611056526,
            "violation": 0.007156281611056526
          },
          {
            "bin_hi": 0.4,
            "bin_idx": 7,
            "bin_lo": 0.35000000000000003,
            "coord": 27,
            "group": "(15629.304, 38940.746]|nan",
            "group_idx": 1,
            "mean_payoff": -0.006581212133607628,
            "violation": 0.006581212133607628
          }
        ]
      },
      "group_cols": [
        "volume_q5",
        "ttc_q5"
      ],
      "n": 4758,
      "n_bins": 20,
      "n_groups": 5,
      "pred_col": "pred_prob",
      "time_col": "market_prob_target_ts",
      "y_col": "y"
    },
    "brier": 0.20788014035427949,
    "ece": 0.14280992141913446,
    "groups": {
      "ttc_q5": {
        "avg_abs_bias": 0.14280992141913446,
        "n_groups": 1,
        "worst_abs_bias": 0.14280992141913446
      },
      "volume_q5": {
        "avg_abs_bias": 0.14280992141913446,
        "n_groups": 5,
        "worst_abs_bias": 0.16010739804566407
      }
    },
    "logloss": 0.6068651818623774,
    "n": 4758,
    "trading": {
      "B": 1.0,
      "mode": "sign",
      "pnl_per_event": -0.004694304180089009,
      "transaction_cost": 0.0
    }
  }
}
