{
  "metrics": {
    "approachability": {
      "clip_eps": 1e-06,
      "curve": {
        "app_err": [
          0.0213824625313282,
          0.012411954626441003,
          0.01095320517818133,
          0.013479714766144752,
          0.01367360970377922,
          0.013005844602982203,
          0.014268652690308435,
          0.014330309424549341,
          0.015308348486820857,
          0.013864985182881356,
          0.015166101076386192,
          0.014902891889214516,
          0.01436543698494251,
          0.013483593282955033,
          0.012998337397972742,
          0.012343139741569758,
          0.011739883427095145
        ],
        "t": [
          200,
          400,
          600,
          800,
          1000,
          1200,
          1400,
          1600,
          1800,
          2000,
          2200,
          2400,
          2600,
          2800,
          3000,
          3200,
          3371
        ]
      },
      "curve_every": 200,
      "curve_time_ts": [
        1687594578.0,
        1698215444.0,
        1704352522.0,
        1708158848.0,
        1709531170.0,
        1711835276.0,
        1714104676.0,
        1716618025.0,
        1718088928.0,
        1719216558.0,
        1720492058.0,
        1722118342.0,
        1722716359.0,
        1728495273.0,
        1730324112.0,
        1731407082.0,
        1738567197.0
      ],
      "eps": 0.0,
      "family": "group_bin_indicator",
      "final": {
        "app_err": 0.011739883427095145,
        "top_violations": [
          {
            "bin_hi": 0.4,
            "bin_idx": 7,
            "bin_lo": 0.35000000000000003,
            "coord": 27,
            "group": "(25005.0, 61900.2]|nan",
            "group_idx": 1,
            "mean_payoff": -0.011739883427095145,
            "violation": 0.011739883427095145
          },
          {
            "bin_hi": 0.4,
            "bin_idx": 7,
            "bin_lo": 0.35000000000000003,
            "coord": 87,
            "group": "(8755.43, 25005.0]|nan",
            "group_idx": 4,
            "mean_payoff": -0.011601606795569267,
            "violation": 0.011601606795569267
          },
          {
            "bin_hi": 0.4,
            "bin_idx": 7,
            "bin_lo": 0.35000000000000003,
            "coord": 7,
            "group": "(1005.489, 8755.43]|nan",
            "group_idx": 0,
            "mean_payoff": -0.011199662175103558,
            "violation": 0.011199662175103558
          },
          {
            "bin_hi": 0.4,
            "bin_idx": 7,
            "bin_lo": 0.35000000000000003,
            "coord": 67,
            "group": "(61900.2, 271261.238]|nan",
            "group_idx": 3,
            "mean_payoff": -0.009836019323191138,
            "violation": 0.009836019323191138
          },
          {
            "bin_hi": 0.45,
            "bin_idx": 8,
            "bin_lo": 0.4,
            "coord": 8,
            "group": "(1005.489, 8755.43]|nan",
            "group_idx": 0,
            "mean_payoff": -0.009564735156709666,
            "violation": 0.009564735156709666
          },
          {
            "bin_hi": 0.4,
            "bin_idx": 7,
            "bin_lo": 0.35000000000000003,
            "coord": 47,
            "group": "(271261.238, 1531479284.504]|nan",
            "group_idx": 2,
            "mean_payoff": -0.00844564470753971,
            "violation": 0.00844564470753971
          },
          {
            "bin_hi": 0.35000000000000003,
            "bin_idx": 6,
            "bin_lo": 0.30000000000000004,
            "coord": 6,
            "group": "(1005.489, 8755.43]|nan",
            "group_idx": 0,
            "mean_payoff": -0.007966458983111544,
            "violation": 0.007966458983111544
          },
          {
            "bin_hi": 0.45,
            "bin_idx": 8,
            "bin_lo": 0.4,
            "coord": 28,
            "group": "(25005.0, 61900.2]|nan",
            "group_idx": 1,
            "mean_payoff": -0.007685470434297479,
            "violation": 0.007685470434297479
          },
          {
            "bin_hi": 0.45,
            "bin_idx": 8,
            "bin_lo": 0.4,
            "coord": 48,
            "group": "(271261.238, 1531479284.504]|nan",
            "group_idx": 2,
            "mean_payoff": -0.007561434963201423,
            "violation": 0.007561434963201423
          },
          {
            "bin_hi": 0.35000000000000003,
            "bin_idx": 6,
            "bin_lo": 0.30000000000000004,
            "coord": 46,
            "group": "(271261.238, 1531479284.504]|nan",
            "group_idx": 2,
            "mean_payoff": -0.007427196453530723,
            "violation": 0.007427196453530723
          }
        ]
      },
      "group_cols": [
        "volume_q5",
        "ttc_q5"
      ],
      "n": 3371,
      "n_bins": 20,
      "n_groups": 5,
      "pred_col": "pred_prob",
      "time_col": "market_prob_target_ts",
      "y_col": "y"
    },
    "brier": 0.19804027000901536,
    "ece": 0.14971460085953425,
    "groups": {
      "ttc_q5": {
        "avg_abs_bias": 0.14850897291795112,
        "n_groups": 1,
        "worst_abs_bias": 0.14850897291795112
      },
      "volume_q5": {
        "avg_abs_bias": 0.14850897291795112,
        "n_groups": 5,
        "worst_abs_bias": 0.17951450569870211
      }
    },
    "logloss": 0.5864455872003965,
    "n": 3371,
    "trading": {
      "B": 1.0,
      "mode": "sign",
      "pnl_per_event": 0.0025271431461639108,
      "transaction_cost": 0.0
    }
  }
}
