{
  "metrics": {
    "brier": 0.2401285086406632,
    "ece": 0.32881700406309033,
    "logloss": 0.6731663243741499,
    "n": 122,
    "trading": {
      "B": 1.0,
      "kelly": {
        "final_bankroll": 4.5644411651407854e-09,
        "n": 122,
        "roi": -0.9999999954355588
      },
      "mode": "sign",
      "pnl_per_event": -0.027434425554467273,
      "transaction_cost": 0.0
    }
  },
  "train_meta": {
    "final_loss": 0.35126337881200015,
    "steps": 2000
  }
}
