{
  "metrics": {
    "brier": 0.5033141397501405,
    "ece": 0.5518172523379326,
    "groups": {
      "ttc_q5": {
        "avg_abs_bias": 0.5518172523379326,
        "n_groups": 5,
        "worst_abs_bias": 0.6346027344207387
      },
      "volume_q5": {
        "avg_abs_bias": 0.5518172523379326,
        "n_groups": 5,
        "worst_abs_bias": 0.5845855500549078
      }
    },
    "logloss": 1.3517653935171865,
    "n": 4000,
    "trading": {
      "B": 1.0,
      "kelly": {
        "final_bankroll": 1.1464809524982963e-258,
        "n": 4000,
        "roi": -1.0
      },
      "mode": "sign",
      "pnl_per_event": -0.16108987542839895,
      "transaction_cost": 0.0
    }
  },
  "train_meta": {
    "final_loss": 0.027436515339650212,
    "steps": 8000
  }
}
