{
  "llm_meta": null,
  "metrics": {
    "approachability": {
      "clip_eps": 1e-06,
      "curve": {
        "app_err": [
          0.25,
          0.125,
          0.1,
          0.0745,
          0.0591,
          0.041666666666666664,
          0.04285714285714286,
          0.043437500000000004,
          0.03888888888888889,
          0.0394,
          0.03581818181818182,
          0.04108333333333333,
          0.04561538461538461,
          0.049107142857142856,
          0.05876666666666666,
          0.058124999999999996,
          0.057647058823529405,
          0.057222222222222216,
          0.057473684210526316,
          0.0646,
          0.06390476190476191,
          0.06327272727272727,
          0.06202173913043476,
          0.06208333333333332,
          0.06159999999999999,
          0.06305769230769229,
          0.060722222222222205,
          0.05855357142857141,
          0.05653448275862068,
          0.05464999999999998,
          0.05288709677419354,
          0.051234374999999985,
          0.04968181818181817,
          0.051161764705882344,
          0.04969999999999999,
          0.04851388888888888,
          0.05528378378378378,
          0.059026315789473684,
          0.06133333333333334,
          0.05978750000000001,
          0.06073170731707318,
          0.0592857142857143,
          0.06139534883720932,
          0.06000000000000001,
          0.05976666666666668,
          0.05842391304347828,
          0.058244680851063844,
          0.059093750000000014,
          0.05890816326530613,
          0.05572000000000001,
          0.05462745098039217,
          0.05441406250000001
        ],
        "t": [
          10,
          20,
          30,
          40,
          50,
          60,
          70,
          80,
          90,
          100,
          110,
          120,
          130,
          140,
          150,
          160,
          170,
          180,
          190,
          200,
          210,
          220,
          230,
          240,
          250,
          260,
          270,
          280,
          290,
          300,
          310,
          320,
          330,
          340,
          350,
          360,
          370,
          380,
          390,
          400,
          410,
          420,
          430,
          440,
          450,
          460,
          470,
          480,
          490,
          500,
          510,
          512
        ]
      },
      "curve_every": 10,
      "curve_time_ts": [
        1761494402.1636631,
        1755786667.721317,
        1765818520.389775,
        1765786214.032286,
        1744297137.744982,
        1743785725.848381,
        1746452030.655029,
        1762794001.270776,
        1705518718.9550002,
        1737407801.1653152,
        1754908235.620882,
        1764257590.394356,
        1755425181.302361,
        1730222513.407464,
        1715277908.478744,
        1741787261.491043,
        1751407713.820672,
        1757354407.969131,
        1749734045.005978,
        1761572794.019048,
        1721241003.453942,
        1744142979.180035,
        1763744401.618592,
        1763740964.805242,
        1733775829.381151,
        1750369127.810498,
        1737410160.603235,
        1758693603.5605881,
        1719090696.494977,
        1732693988.891347,
        1744066566.3936791,
        1753807738.266647,
        1756128808.9727721,
        1761248929.707416,
        1761579904.8051589,
        1758038403.760753,
        1753102433.035558,
        1746661452.218008,
        1727720147.5087008,
        1759766353.561051,
        1763787610.455581,
        1760932812.160964,
        1730930874.109406,
        1740775355.674517,
        1753813464.605763,
        1761222200.198248,
        1757692802.633375,
        1763933884.2021928,
        1764871690.7842371,
        1710945913.197921,
        1726518909.100841,
        1754868138.073339
      ],
      "eps": 0.0,
      "family": "group_bin_indicator",
      "final": {
        "app_err": 0.05441406250000001,
        "top_violations": [
          {
            "bin_hi": 0.5,
            "bin_idx": 9,
            "bin_lo": 0.45,
            "coord": 9,
            "group": "crypto",
            "group_idx": 0,
            "mean_payoff": -0.05441406250000001,
            "violation": 0.05441406250000001
          },
          {
            "bin_hi": 0.5,
            "bin_idx": 9,
            "bin_lo": 0.45,
            "coord": 29,
            "group": "politics",
            "group_idx": 1,
            "mean_payoff": -0.04138671875,
            "violation": 0.04138671875
          },
          {
            "bin_hi": 0.5,
            "bin_idx": 9,
            "bin_lo": 0.45,
            "coord": 49,
            "group": "sports",
            "group_idx": 2,
            "mean_payoff": -0.033916015625,
            "violation": 0.033916015625
          },
          {
            "bin_hi": 0.65,
            "bin_idx": 12,
            "bin_lo": 0.6000000000000001,
            "coord": 32,
            "group": "politics",
            "group_idx": 1,
            "mean_payoff": -0.006162109375,
            "violation": 0.006162109375
          },
          {
            "bin_hi": 0.30000000000000004,
            "bin_idx": 5,
            "bin_lo": 0.25,
            "coord": 5,
            "group": "crypto",
            "group_idx": 0,
            "mean_payoff": -0.004970703125000001,
            "violation": 0.004970703125000001
          },
          {
            "bin_hi": 0.2,
            "bin_idx": 3,
            "bin_lo": 0.15000000000000002,
            "coord": 23,
            "group": "politics",
            "group_idx": 1,
            "mean_payoff": 0.0045410156249999995,
            "violation": 0.0045410156249999995
          },
          {
            "bin_hi": 0.55,
            "bin_idx": 10,
            "bin_lo": 0.5,
            "coord": 10,
            "group": "crypto",
            "group_idx": 0,
            "mean_payoff": -0.0043359375,
            "violation": 0.0043359375
          },
          {
            "bin_hi": 0.25,
            "bin_idx": 4,
            "bin_lo": 0.2,
            "coord": 4,
            "group": "crypto",
            "group_idx": 0,
            "mean_payoff": -0.003955078125000001,
            "violation": 0.003955078125000001
          },
          {
            "bin_hi": 0.55,
            "bin_idx": 10,
            "bin_lo": 0.5,
            "coord": 50,
            "group": "sports",
            "group_idx": 2,
            "mean_payoff": 0.0037207031249999996,
            "violation": 0.0037207031249999996
          },
          {
            "bin_hi": 0.75,
            "bin_idx": 14,
            "bin_lo": 0.7000000000000001,
            "coord": 34,
            "group": "politics",
            "group_idx": 1,
            "mean_payoff": -0.00326171875,
            "violation": 0.00326171875
          }
        ]
      },
      "group_cols": [
        "topic"
      ],
      "n": 512,
      "n_bins": 20,
      "n_groups": 3,
      "pred_col": "market_prob",
      "time_col": "createdAt",
      "y_col": "y"
    },
    "brier": 0.20742173060021463,
    "ece": 0.1801748051020695,
    "groups": {
      "topic": {
        "avg_abs_bias": 0.16481542968750001,
        "n_groups": 3,
        "worst_abs_bias": 0.1740859872611465
      }
    },
    "logloss": 0.5911442794904386,
    "n": 512,
    "trading": {
      "B": 1.0,
      "mode": "sign",
      "pnl_per_event": 0.0,
      "transaction_cost": 0.0
    }
  }
}
