{
  "llm_meta": null,
  "models": [
    {
      "arb_profit": 0.0,
      "brier": 0.08979733333975105,
      "ece": 0.00025334229240813334,
      "logloss": 0.3245263432008438,
      "n_eval": 300000,
      "name": "oracle",
      "sce": 0.0
    },
    {
      "arb_profit": 0.3999999910409252,
      "brier": 0.25,
      "ece": 0.0005566666666666498,
      "logloss": 0.6931471805599447,
      "n_eval": 300000,
      "name": "const_0.5",
      "sce": 0.15999999283274044
    },
    {
      "arb_profit": 0.20492997761865456,
      "brier": 0.13189746392340312,
      "ece": 0.2051833199110627,
      "logloss": 0.44592700883733843,
      "n_eval": 300000,
      "name": "diff_analytic_rho=0.95",
      "sce": 0.04199629572678315
    },
    {
      "arb_profit": 0.3999999910409252,
      "brier": 0.25,
      "ece": 0.0005566666666666498,
      "logloss": 0.6931471805599447,
      "n_eval": 300000,
      "name": "L_query_oracle(L=4)",
      "sce": 0.15999999283274044
    }
  ]
}
