{
  "llm_meta": null,
  "metrics": {
    "approachability": {
      "clip_eps": 1e-06,
      "curve": {
        "app_err": [
          0.1,
          0.075,
          0.05,
          0.05,
          0.05,
          0.041666666666666664,
          0.04285714285714286,
          0.0375,
          0.044,
          0.0496,
          0.054136363636363635,
          0.05379166666666667,
          0.061153846153846156,
          0.05678571428571429,
          0.056333333333333326,
          0.0590625,
          0.061117647058823533,
          0.05494444444444445,
          0.05205263157894737,
          0.04945,
          0.04947619047619048,
          0.0495,
          0.05163043478260869,
          0.05768749999999999,
          0.05935999999999998,
          0.05899999999999998,
          0.056814814814814804,
          0.05657142857142856,
          0.05634482758620688,
          0.054466666666666656,
          0.05432258064516128,
          0.05262499999999999,
          0.051030303030303016,
          0.05099999999999999,
          0.0482,
          0.053791666666666675,
          0.06172972972972974,
          0.060078947368421065,
          0.061064102564102586,
          0.056925000000000024,
          0.05792682926829272,
          0.057726190476190514,
          0.05754651162790701,
          0.057306818181818216,
          0.05815555555555559,
          0.062239130434782644,
          0.061914893617021315,
          0.06156250000000004,
          0.06132653061224493,
          0.05805000000000004,
          0.05785294117647063,
          0.05762695312500004
        ],
        "t": [
          10,
          20,
          30,
          40,
          50,
          60,
          70,
          80,
          90,
          100,
          110,
          120,
          130,
          140,
          150,
          160,
          170,
          180,
          190,
          200,
          210,
          220,
          230,
          240,
          250,
          260,
          270,
          280,
          290,
          300,
          310,
          320,
          330,
          340,
          350,
          360,
          370,
          380,
          390,
          400,
          410,
          420,
          430,
          440,
          450,
          460,
          470,
          480,
          490,
          500,
          510,
          512
        ]
      },
      "curve_every": 10,
      "curve_time_ts": [
        1764454170.796427,
        1764975603.961904,
        1746039253.0143192,
        1764975612.153339,
        1764489601.992749,
        1716582294.7209432,
        1752605662.6692412,
        1759844335.3846478,
        1763787610.0185869,
        1757692801.088487,
        1759939208.795478,
        1758794401.875069,
        1731691630.1683772,
        1739819940.558997,
        1766128211.475931,
        1731360767.473193,
        1747826494.497078,
        1731345013.192617,
        1761752127.082299,
        1724251359.9818292,
        1762534807.499985,
        1753657955.134179,
        1758218401.015598,
        1762783201.985727,
        1744013206.271193,
        1738097857.646245,
        1764692785.823267,
        1765644312.955094,
        1741718796.5851278,
        1746826759.137544,
        1755052271.978944,
        1719329152.9853811,
        1746024239.769436,
        1739908022.8717282,
        1733157619.963896,
        1739554895.0982451,
        1757469602.148373,
        1758477606.872763,
        1706902277.555,
        1750393469.3211122,
        1761250571.603311,
        1749734045.005978,
        1746720660.0606349,
        1761973211.340328,
        1754501963.403122,
        1721337199.335254,
        1759156206.500031,
        1751041023.0296881,
        1745356531.062998,
        1763269211.025377,
        1727806734.245898,
        1760975111.136162
      ],
      "eps": 0.0,
      "family": "group_bin_indicator",
      "final": {
        "app_err": 0.05762695312500004,
        "top_violations": [
          {
            "bin_hi": 0.5,
            "bin_idx": 9,
            "bin_lo": 0.45,
            "coord": 9,
            "group": "crypto",
            "group_idx": 0,
            "mean_payoff": -0.05762695312500004,
            "violation": 0.05762695312500004
          },
          {
            "bin_hi": 0.5,
            "bin_idx": 9,
            "bin_lo": 0.45,
            "coord": 29,
            "group": "politics",
            "group_idx": 1,
            "mean_payoff": -0.04056640625000001,
            "violation": 0.04056640625000001
          },
          {
            "bin_hi": 0.5,
            "bin_idx": 9,
            "bin_lo": 0.45,
            "coord": 49,
            "group": "sports",
            "group_idx": 2,
            "mean_payoff": -0.030048828124999993,
            "violation": 0.030048828124999993
          },
          {
            "bin_hi": 0.55,
            "bin_idx": 10,
            "bin_lo": 0.5,
            "coord": 30,
            "group": "politics",
            "group_idx": 1,
            "mean_payoff": -0.006708984374999998,
            "violation": 0.006708984374999998
          },
          {
            "bin_hi": 0.30000000000000004,
            "bin_idx": 5,
            "bin_lo": 0.25,
            "coord": 25,
            "group": "politics",
            "group_idx": 1,
            "mean_payoff": -0.005361328125,
            "violation": 0.005361328125
          },
          {
            "bin_hi": 0.65,
            "bin_idx": 12,
            "bin_lo": 0.6000000000000001,
            "coord": 32,
            "group": "politics",
            "group_idx": 1,
            "mean_payoff": -0.0053515625,
            "violation": 0.0053515625
          },
          {
            "bin_hi": 0.65,
            "bin_idx": 12,
            "bin_lo": 0.6000000000000001,
            "coord": 52,
            "group": "sports",
            "group_idx": 2,
            "mean_payoff": -0.0036523437499999998,
            "violation": 0.0036523437499999998
          },
          {
            "bin_hi": 0.4,
            "bin_idx": 7,
            "bin_lo": 0.35000000000000003,
            "coord": 7,
            "group": "crypto",
            "group_idx": 0,
            "mean_payoff": -0.0035937499999999997,
            "violation": 0.0035937499999999997
          },
          {
            "bin_hi": 0.55,
            "bin_idx": 10,
            "bin_lo": 0.5,
            "coord": 10,
            "group": "crypto",
            "group_idx": 0,
            "mean_payoff": -0.0033007812500000008,
            "violation": 0.0033007812500000008
          },
          {
            "bin_hi": 0.25,
            "bin_idx": 4,
            "bin_lo": 0.2,
            "coord": 4,
            "group": "crypto",
            "group_idx": 0,
            "mean_payoff": -0.0031640625,
            "violation": 0.0031640625
          }
        ]
      },
      "group_cols": [
        "topic"
      ],
      "n": 512,
      "n_bins": 20,
      "n_groups": 3,
      "pred_col": "market_prob",
      "time_col": "createdAt",
      "y_col": "y"
    },
    "brier": 0.19982545732884158,
    "ece": 0.18397460964934,
    "groups": {
      "topic": {
        "avg_abs_bias": 0.181748046875,
        "n_groups": 3,
        "worst_abs_bias": 0.22184736842105265
      }
    },
    "logloss": 0.5732951898055578,
    "n": 512,
    "trading": {
      "B": 1.0,
      "mode": "sign",
      "pnl_per_event": 0.0,
      "transaction_cost": 0.0
    }
  }
}
