{
  "impact_model": {
    "name": "adversarial_exit",
    "regime": "adversarial",
    "base_fill_prob": 0.8,
    "fill_size_decay": 0.1,
    "fill_spread_sensitivity": 2.0,
    "permanent_impact": 0.001,
    "temporary_impact": 0.005,
    "impact_power": 0.5,
    "adverse_selection": 0.15,
    "adverse_selection_decay": 0.5,
    "mev_extraction_rate": 0.0,
    "reorder_probability": 0.0,
    "block_delay_cost": 0.0,
    "base_liquidity": 10000.0,
    "liquidity_price_factor": 2.0,
    "exit_spread": 0.08,
    "exit_impact_mult": 4.0,
    "stress_multiplier": 1.5
  },
  "best_params": {
    "spread_threshold": 0.09017893526193207,
    "n_bins": 7,
    "kelly_fraction": 0.3440306783283173,
    "max_position_pct": 0.22777281313508627,
    "fee": 0.020302242117403686
  },
  "optimization_sharpe": 20.75641812695847,
  "final_evaluation": {
    "mean_sharpe": 9.852487289958768,
    "std_sharpe": 2.5693119601332937,
    "min_sharpe": 5.296524208850844,
    "p5_sharpe": 5.8947908050624545,
    "p25_sharpe": 7.891627114619528,
    "median_sharpe": 10.036919619306225,
    "mean_return": 2368.051132101366,
    "mean_fill_rate": 0.0022770398481973438,
    "mean_drawdown": 0.01992999487855961,
    "mean_impact_cost": 0.18730849484187645,
    "mean_mev_cost": 0.0,
    "mean_as_cost": 0.9285887870938443,
    "n_simulations": 50,
    "impact_model": "adversarial_exit",
    "regime": "adversarial"
  },
  "all_trials": [
    {
      "number": 0,
      "value": 8.98119617314409,
      "params": {
        "spread_threshold": 0.062435616638630745,
        "n_bins": 24,
        "kelly_fraction": 0.3793972738151323,
        "max_position_pct": 0.15769145136531842,
        "fee": 0.008900466011060912
      }
    },
    {
      "number": 1,
      "value": 16.20050410162163,
      "params": {
        "spread_threshold": 0.03183923284706837,
        "n_bins": 6,
        "kelly_fraction": 0.4397792655987208,
        "max_position_pct": 0.15825645270093802,
        "fee": 0.022701814444901137
      }
    },
    {
      "number": 2,
      "value": 11.21713768420779,
      "params": {
        "spread_threshold": 0.012881829201412343,
        "n_bins": 25,
        "kelly_fraction": 0.4245991883601898,
        "max_position_pct": 0.06883799545600351,
        "fee": 0.009545624180177514
      }
    },
    {
      "number": 3,
      "value": 15.939986867526885,
      "params": {
        "spread_threshold": 0.03567663137948073,
        "n_bins": 11,
        "kelly_fraction": 0.28614039423450705,
        "max_position_pct": 0.11934735428768663,
        "fee": 0.012280728504951047
      }
    },
    {
      "number": 4,
      "value": 14.585651854803492,
      "params": {
        "spread_threshold": 0.09565940526113312,
        "n_bins": 7,
        "kelly_fraction": 0.1814650918408482,
        "max_position_pct": 0.1042632239575491,
        "fee": 0.016401749605425897
      }
    },
    {
      "number": 5,
      "value": 8.294577555146672,
      "params": {
        "spread_threshold": 0.11992463459502188,
        "n_bins": 9,
        "kelly_fraction": 0.28140549728612524,
        "max_position_pct": 0.15625535083826977,
        "fee": 0.006161260317999943
      }
    },
    {
      "number": 6,
      "value": 11.258118377947204,
      "params": {
        "spread_threshold": 0.09505627926620136,
        "n_bins": 8,
        "kelly_fraction": 0.0792732168433758,
        "max_position_pct": 0.23824367356826665,
        "fee": 0.02914080082686398
      }
    },
    {
      "number": 7,
      "value": 12.074795972151,
      "params": {
        "spread_threshold": 0.12317562873630454,
        "n_bins": 11,
        "kelly_fraction": 0.09395245130287275,
        "max_position_pct": 0.17737359609779607,
        "fee": 0.01600381234349003
      }
    },
    {
      "number": 8,
      "value": 8.082275920504324,
      "params": {
        "spread_threshold": 0.027085352878269034,
        "n_bins": 15,
        "kelly_fraction": 0.06547483450184828,
        "max_position_pct": 0.2291436924781199,
        "fee": 0.011469499540000422
      }
    },
    {
      "number": 9,
      "value": 17.042196786930326,
      "params": {
        "spread_threshold": 0.10275311980955747,
        "n_bins": 11,
        "kelly_fraction": 0.28403060953001485,
        "max_position_pct": 0.14574336424895432,
        "fee": 0.009621361388138176
      }
    },
    {
      "number": 10,
      "value": 12.921402943189696,
      "params": {
        "spread_threshold": 0.1447850144520564,
        "n_bins": 17,
        "kelly_fraction": 0.19540699002603623,
        "max_position_pct": 0.02413123139140852,
        "fee": 0.021296663769454466
      }
    },
    {
      "number": 11,
      "value": 15.623460973640123,
      "params": {
        "spread_threshold": 0.05814145617582209,
        "n_bins": 5,
        "kelly_fraction": 0.4896071885371884,
        "max_position_pct": 0.19199790880709705,
        "fee": 0.02346013861812553
      }
    },
    {
      "number": 12,
      "value": 10.313513246287366,
      "params": {
        "spread_threshold": 0.06502360387268755,
        "n_bins": 13,
        "kelly_fraction": 0.3662192257499379,
        "max_position_pct": 0.09293578973386565,
        "fee": 0.02308157810275506
      }
    },
    {
      "number": 13,
      "value": 9.894592601557953,
      "params": {
        "spread_threshold": 0.0858542982964324,
        "n_bins": 19,
        "kelly_fraction": 0.4973169398846621,
        "max_position_pct": 0.20144795216086162,
        "fee": 0.028041479727461426
      }
    },
    {
      "number": 14,
      "value": 14.41993733657972,
      "params": {
        "spread_threshold": 0.11598269064909902,
        "n_bins": 5,
        "kelly_fraction": 0.3240832385451851,
        "max_position_pct": 0.14160033428311497,
        "fee": 0.019520686523400256
      }
    },
    {
      "number": 15,
      "value": 15.757767188081525,
      "params": {
        "spread_threshold": 0.042875774642742615,
        "n_bins": 11,
        "kelly_fraction": 0.20425967971984232,
        "max_position_pct": 0.06313250522967448,
        "fee": 0.014608134117922628
      }
    },
    {
      "number": 16,
      "value": 11.911076607357286,
      "params": {
        "spread_threshold": 0.14991074140981717,
        "n_bins": 20,
        "kelly_fraction": 0.4323406167230989,
        "max_position_pct": 0.13743469659817295,
        "fee": 0.025881871682858208
      }
    },
    {
      "number": 17,
      "value": 10.09340776315718,
      "params": {
        "spread_threshold": 0.07459667752816428,
        "n_bins": 13,
        "kelly_fraction": 0.1461369585060129,
        "max_position_pct": 0.21191117027873885,
        "fee": 0.005087594027702015
      }
    },
    {
      "number": 18,
      "value": 20.666429954373246,
      "params": {
        "spread_threshold": 0.10603887871698768,
        "n_bins": 7,
        "kelly_fraction": 0.23684297736348503,
        "max_position_pct": 0.17850583928651834,
        "fee": 0.01851379556395068
      }
    },
    {
      "number": 19,
      "value": 8.39591476584492,
      "params": {
        "spread_threshold": 0.10385852683143482,
        "n_bins": 9,
        "kelly_fraction": 0.237530715686819,
        "max_position_pct": 0.18072595134807415,
        "fee": 0.01941638325255565
      }
    },
    {
      "number": 20,
      "value": 8.099974702599367,
      "params": {
        "spread_threshold": 0.13489879489888626,
        "n_bins": 14,
        "kelly_fraction": 0.32642960324470194,
        "max_position_pct": 0.12429332834004386,
        "fee": 0.012996814339922193
      }
    },
    {
      "number": 21,
      "value": 19.900725733729974,
      "params": {
        "spread_threshold": 0.10841473532147132,
        "n_bins": 7,
        "kelly_fraction": 0.23891860724290034,
        "max_position_pct": 0.16474559318685758,
        "fee": 0.01858347243942013
      }
    },
    {
      "number": 22,
      "value": 8.014464432091538,