{
  "results": [
    {
      "mse": 0.0,
      "n": 10000,
      "name": "oracle",
      "static_arbitrage": {
        "M": 39,
        "curve": {
          "app_err": [
            0.0,
            0.0,
            0.0,
            0.0,
            0.0,
            0.0,
            0.0,
            0.0,
            0.0,
            0.0,
            0.0,
            0.0,
            0.0,
            0.0,
            0.0,
            0.0,
            0.0,
            0.0,
            0.0,
            0.0,
            0.0,
            0.0,
            0.0,
            0.0,
            0.0,
            0.0,
            0.0,
            0.0,
            0.0,
            0.0,
            0.0,
            0.0,
            0.0,
            0.0,
            0.0,
            0.0,
            0.0,
            0.0,
            0.0,
            0.0,
            0.0,
            0.0,
            0.0,
            0.0,
            0.0,
            0.0,
            0.0,
            0.0,
            0.0,
            0.0
          ],
          "t": [
            200,
            400,
            600,
            800,
            1000,
            1200,
            1400,
            1600,
            1800,
            2000,
            2200,
            2400,
            2600,
            2800,
            3000,
            3200,
            3400,
            3600,
            3800,
            4000,
            4200,
            4400,
            4600,
            4800,
            5000,
            5200,
            5400,
            5600,
            5800,
            6000,
            6200,
            6400,
            6600,
            6800,
            7000,
            7200,
            7400,
            7600,
            7800,
            8000,
            8200,
            8400,
            8600,
            8800,
            9000,
            9200,
            9400,
            9600,
            9800,
            10000
          ]
        },
        "final_app_err": 0.0,
        "frac_any_violated": 0.0,
        "mean_pos": 0.0,
        "structure": "star_in"
      }
    },
    {
      "mse": 0.025627021340091923,
      "n": 10000,
      "name": "diff(steps=8,mc=16)",
      "static_arbitrage": {
        "M": 39,
        "curve": {
          "app_err": [
            0.0,
            2.9184184968471526e-05,
            2.5427515308062235e-05,
            3.0892211943864824e-05,
            5.364944040775299e-05,
            5.5357509603103e-05,
            5.584067531994411e-05,
            5.3601842373609544e-05,
            5.0109641419516666e-05,
            4.5098677277565005e-05,
            4.099879752505909e-05,
            4.766841729482015e-05,
            4.81466490488786e-05,
            4.627227783203125e-05,
            4.94387224316597e-05,
            4.839202156290412e-05,
            4.725178155828925e-05,
            5.196449450320668e-05,
            5.015155790667785e-05,
            4.8217834904789926e-05,
            4.592174752837136e-05,
            4.422385414892977e-05,
            4.9491830818031144e-05,
            4.946813763429721e-05,
            4.7489412128925326e-05,
            4.7339870092960506e-05,
            4.6818343301614124e-05,
            4.959201573261193e-05,
            4.7881946224590826e-05,
            4.900034641226133e-05,
            4.741969007638193e-05,
            4.606808885000646e-05,
            4.467208615758202e-05,
            4.571648752864669e-05,
            4.8388933496815815e-05,
            4.7097639698121283e-05,
            4.601017748181884e-05,
            4.5433521858955683e-05,
            4.680975029865901e-05,
            4.563950654119253e-05,
            4.518880622416008e-05,
            4.465154505201749e-05,
            4.3841431480507515e-05,
            4.526587372476404e-05,
            4.503662387530009e-05,
            4.664993318526641e-05,
            4.676764791316174e-05,
            4.720708820968866e-05,
            4.7722329594651046e-05,
            4.9006175994873045e-05
          ],
          "t": [
            200,
            400,
            600,
            800,
            1000,
            1200,
            1400,
            1600,
            1800,
            2000,
            2200,
            2400,
            2600,
            2800,
            3000,
            3200,
            3400,
            3600,
            3800,
            4000,
            4200,
            4400,
            4600,
            4800,
            5000,
            5200,
            5400,
            5600,
            5800,
            6000,
            6200,
            6400,
            6600,
            6800,
            7000,
            7200,
            7400,
            7600,
            7800,
            8000,
            8200,
            8400,
            8600,
            8800,
            9000,
            9200,
            9400,
            9600,
            9800,
            10000
          ]
        },
        "final_app_err": 4.9006175994873045e-05,
        "frac_any_violated": 0.0172,
        "mean_pos": 2.662841498087614e-06,
        "structure": "star_in"
      }
    },
    {
      "mse": 0.025365428192401496,
      "n": 10000,
      "name": "diff(steps=16,mc=16)",
      "static_arbitrage": {
        "M": 39,
        "curve": {
          "app_err": [
            0.0,
            0.0,
            0.0,
            0.0,
            5.309760570526123e-06,
            8.65264485279719e-06,
            9.2538126877376e-06,
            8.953595533967018e-06,
            7.95875158574846e-06,
            7.1628764271736144e-06,
            6.511705842885104e-06,
            9.013774494330089e-06,
            8.320407225535467e-06,
            7.726092423711505e-06,
            7.386664549509684e-06,
            6.924998015165329e-06,
            6.517645190743839e-06,
            7.611778047349718e-06,
            7.211158150120786e-06,
            6.850600242614746e-06,
            6.524381183442615e-06,
            6.227818402377042e-06,
            7.576505127160446e-06,
            7.26081741352876e-06,
            6.97038471698761e-06,
            6.702292997103471e-06,
            6.454059923136676e-06,
            6.8058100129876815e-06,
            6.571126909091555e-06,
            6.767615675926208e-06,
            6.5493054928318145e-06,
            6.3446396961808206e-06,
            6.152377887205644e-06,
            5.971425596405478e-06,
            6.313524075916835e-06,
            6.138148407141368e-06,
            5.972252504245655e-06,
            5.815087964660243e-06,
            5.66598314505357e-06,
            5.5243335664272305e-06,
            5.4585370348721015e-06,
            5.3285718673751465e-06,
            5.204651591389678e-06,
            5.4326501082290305e-06,
            5.311924550268385e-06,
            6.464959486671116e-06,
            6.3274071571674756e-06,
            6.695585325360298e-06,
            6.994042469530689e-06,
            7.751944661140442e-06
          ],
          "t": [
            200,
            400,
            600,
            800,
            1000,
            1200,
            1400,
            1600,
            1800,
            2000,
            2200,
            2400,
            2600,
            2800,
            3000,
            3200,
            3400,
            3600,
            3800,
            4000,
            4200,
            4400,
            4600,
            4800,
            5000,
            5200,
            5400,
            5600,
            5800,
            6000,
            6200,
            6400,
            6600,
            6800,
            7000,
            7200,
            7400,
            7600,
            7800,
            8000,
            8200,
            8400,
            8600,
            8800,
            9000,
            9200,
            9400,
            9600,
            9800,
            10000
          ]
        },