{
  "llm_meta": {
    "K": 1,
    "L": 4,
    "aggregate": "mean",
    "max_new_tokens_used": 64,
    "n": 3072,
    "parse_failures": 3072
  },
  "models": [
    {
      "arb_profit": 0.39999999085557647,
      "brier": 0.25,
      "ece": 0.013671875,
      "gcal_S": 0.4000000059604645,
      "gcal_S_argmax_key": 1,
      "logloss": 0.6931471805599453,
      "n_eval": 1024,
      "name": "AR-intrinsic",
      "sce": 0.1599999926844615
    },
    {
      "arb_profit": 0.13463182726991363,
      "brier": 0.09703417141392734,
      "ece": 0.15553027391433716,
      "gcal_S": 0.13463184237480164,
      "gcal_S_argmax_key": 1,
      "logloss": 0.36092319097252434,
      "n_eval": 1024,
      "name": "Diffusion-intrinsic",
      "sce": 0.01812572891403608
    },
    {
      "arb_profit": 0.17323524317907868,
      "brier": 0.11612918408086362,
      "ece": 0.1896781234172522,
      "gcal_S": 0.4624999761581421,
      "gcal_S_argmax_key": 12,
      "logloss": 0.40345284847134116,
      "n_eval": 1024,
      "name": "AR+post",
      "sce": 0.03631970212345163
    },
    {
      "arb_profit": 0.07127737753035035,
      "brier": 0.08377335345540882,
      "ece": 0.08337243310234044,
      "gcal_S": 0.3270833492279053,
      "gcal_S_argmax_key": 37,
      "logloss": 0.3131224876167753,
      "n_eval": 1024,
      "name": "Diffusion+post",
      "sce": 0.008877803974810347
    }
  ]
}
