{
  "metrics": {
    "approachability": {
      "clip_eps": 1e-06,
      "curve": {
        "app_err": [
          0.11987821102142333,
          0.09989801049232483,
          0.09322532176971436,
          0.09958098830771632,
          0.10359778035338968,
          0.0996159393976753,
          0.09103329276067337,
          0.08960101686185226,
          0.08848298557413121,
          0.09558007388282568,
          0.09049285332968628,
          0.09624638839391991,
          0.09494796159247366,
          0.09957336929693286,
          0.09558203474991024,
          0.09458697301684879,
          0.09370898091042523,
          0.09291456879633997,
          0.08801325084837644,
          0.08560626482451335,
          0.08152176452933678,
          0.0778143209443343,
          0.07616469300291298,
          0.0729858911918321,
          0.07166481081470848,
          0.07217496468470647,
          0.07393875228034126,
          0.0798593920469284,
          0.08261577885726402,
          0.08385373663902283,
          0.0850092871727482,
          0.08235274694859981,
          0.08712238376790828,
          0.0857340290967156,
          0.08556201778139387,
          0.08762176944149865,
          0.08740915195361988,
          0.08615936022055777,
          0.08702284201597556,
          0.08684521138668061,
          0.08624152074149018
        ],
        "t": [
          25,
          50,
          75,
          100,
          125,
          150,
          175,
          200,
          225,
          250,
          275,
          300,
          325,
          350,
          375,
          400,
          425,
          450,
          475,
          500,
          525,
          550,
          575,
          600,
          625,
          650,
          675,
          700,
          725,
          750,
          775,
          800,
          825,
          850,
          875,
          900,
          925,
          950,
          975,
          1000,
          1007
        ]
      },
      "curve_every": 25,
      "curve_time_ts": [
        1755607189.2302961,
        1764489601.992749,
        1749230456.1648982,
        1757692801.088487,
        1758664802.233784,
        1766128211.475931,
        1732637173.121185,
        1724251359.9818292,
        1721059248.318618,
        1744013206.271193,
        1762876482.4426408,
        1746826759.137544,
        1732896480.239716,
        1733157619.963896,
        1744989926.194477,
        1750393469.3211122,
        1761753601.459714,
        1754501963.403122,
        1759961288.509166,
        1763269211.025377,
        1761248934.536551,
        1763226002.830776,
        1760377501.636529,
        1758837601.160341,
        1758816001.2131681,
        1762223105.6333618,
        1739387368.848027,
        1748032840.909587,
        1757716857.430743,
        1764781204.521163,
        1765645206.241966,
        1735924157.979765,
        1721339217.885109,
        1763571613.495424,
        1763830813.849674,
        1751846980.529997,
        1764091557.935233,
        1740286957.537361,
        1765457700.588395,
        1751156628.462006,
        1732575428.504298
      ],
      "eps": 0.0,
      "family": "group_bin_indicator",
      "final": {
        "app_err": 0.08624152074149018,
        "top_violations": [
          {
            "bin_hi": 1.0,
            "bin_idx": 19,
            "bin_lo": 0.9500000000000001,
            "coord": 19,
            "group": "crypto",
            "group_idx": 0,
            "mean_payoff": -0.08624152074149018,
            "violation": 0.08624152074149018
          },
          {
            "bin_hi": 0.05,
            "bin_idx": 0,
            "bin_lo": 0.0,
            "coord": 0,
            "group": "crypto",
            "group_idx": 0,
            "mean_payoff": 0.07214002919722304,
            "violation": 0.07214002919722304
          },
          {
            "bin_hi": 0.05,
            "bin_idx": 0,
            "bin_lo": 0.0,
            "coord": 20,
            "group": "politics",
            "group_idx": 1,
            "mean_payoff": 0.0573175265019077,
            "violation": 0.0573175265019077
          },
          {
            "bin_hi": 1.0,
            "bin_idx": 19,
            "bin_lo": 0.9500000000000001,
            "coord": 39,
            "group": "politics",
            "group_idx": 1,
            "mean_payoff": -0.040648826835408824,
            "violation": 0.040648826835408824
          },
          {
            "bin_hi": 1.0,
            "bin_idx": 19,
            "bin_lo": 0.9500000000000001,
            "coord": 59,
            "group": "sports",
            "group_idx": 2,
            "mean_payoff": -0.02478827052225304,
            "violation": 0.02478827052225304
          },
          {
            "bin_hi": 0.05,
            "bin_idx": 0,
            "bin_lo": 0.0,
            "coord": 40,
            "group": "sports",
            "group_idx": 2,
            "mean_payoff": 0.018724608331476638,
            "violation": 0.018724608331476638
          },
          {
            "bin_hi": 0.55,
            "bin_idx": 10,
            "bin_lo": 0.5,
            "coord": 30,
            "group": "politics",
            "group_idx": 1,
            "mean_payoff": -0.00099314200250726,
            "violation": 0.00099314200250726
          },
          {
            "bin_hi": 0.55,
            "bin_idx": 10,
            "bin_lo": 0.5,
            "coord": 50,
            "group": "sports",
            "group_idx": 2,
            "mean_payoff": 0.0004965047968890011,
            "violation": 0.0004965047968890011
          },
          {
            "bin_hi": 0.55,
            "bin_idx": 10,
            "bin_lo": 0.5,
            "coord": 10,
            "group": "crypto",
            "group_idx": 0,
            "mean_payoff": 0.0004964421143479712,
            "violation": 0.0004964421143479712
          },
          {
            "bin_hi": 0.5,
            "bin_idx": 9,
            "bin_lo": 0.45,
            "coord": 29,
            "group": "politics",
            "group_idx": 1,
            "mean_payoff": -0.0004964285597663887,
            "violation": 0.0004964285597663887
          }
        ]
      },
      "group_cols": [
        "topic"
      ],
      "n": 1007,
      "n_bins": 20,
      "n_groups": 3,
      "pred_col": "pred_prob",
      "time_col": "createdAt",
      "y_col": "y"
    },
    "brier": 0.30250665652440395,
    "ece": 0.30035740578079606,
    "groups": {
      "topic": {
        "avg_abs_bias": 0.034351335928031794,
        "n_groups": 3,
        "worst_abs_bias": 0.04549221133319883
      }
    },
    "logloss": 2.075324893609142,
    "n": 1007,
    "trading": {
      "B": 1.0,
      "mode": "sign",
      "pnl_per_event": 0.13193694188013533,
      "transaction_cost": 0.0
    }
  }
}
