{
  "llm_meta": {
    "K": 1,
    "L": 4,
    "aggregate": "mean",
    "max_new_tokens_used": 64,
    "n": 9216,
    "parse_failures": 9216
  },
  "models": [
    {
      "arb_profit": 0.3999999912921339,
      "brier": 0.25,
      "ece": 0.0048828125,
      "gcal_S": 0.4000000059604645,
      "gcal_S_argmax_key": 1,
      "logloss": 0.6931471805599453,
      "n_eval": 1024,
      "name": "AR-intrinsic",
      "sce": 0.15999999303370743
    },
    {
      "arb_profit": 0.13463182770647109,
      "brier": 0.10118054896995332,
      "ece": 0.14771777391433713,
      "gcal_S": 0.13463184237480164,
      "gcal_S_argmax_key": 1,
      "logloss": 0.37016021710958813,
      "n_eval": 1024,
      "name": "Diffusion-intrinsic",
      "sce": 0.018125729031585137
    },
    {
      "arb_profit": 0.055295838094025385,
      "brier": 0.08505899359746988,
      "ece": 0.06572134003363317,
      "gcal_S": 0.2318965196609497,
      "gcal_S_argmax_key": 111,
      "logloss": 0.31663366378610364,
      "n_eval": 1024,
      "name": "AR+post",
      "sce": 0.004713657614441031
    },
    {
      "arb_profit": 0.03420984530384885,
      "brier": 0.08155807016884578,
      "ece": 0.033325822798360605,
      "gcal_S": 0.1801723837852478,
      "gcal_S_argmax_key": 111,
      "logloss": 0.30339377182383565,
      "n_eval": 1024,
      "name": "Diffusion+post",
      "sce": 0.0020909415080689834
    }
  ]
}
