{
  "llm_meta": {
    "K": 1,
    "L": 4,
    "aggregate": "mean",
    "max_new_tokens_used": 64,
    "n": 1536,
    "parse_failures": 1536
  },
  "models": [
    {
      "arb_profit": 0.3999999916413799,
      "brier": 0.25,
      "ece": 0.013671875,
      "gcal_S": 0.4000000059604645,
      "gcal_S_argmax_key": 1,
      "logloss": 0.6931471805599453,
      "n_eval": 1024,
      "name": "AR-intrinsic",
      "sce": 0.15999999331310422
    },
    {
      "arb_profit": 0.13463182805571705,
      "brier": 0.10999160127650853,
      "ece": 0.13111621141433713,
      "gcal_S": 0.13463184237480164,
      "gcal_S_argmax_key": 1,
      "logloss": 0.38978889765084856,
      "n_eval": 1024,
      "name": "Diffusion-intrinsic",
      "sce": 0.018125729125624383
    },
    {
      "arb_profit": 0.30315210463595577,
      "brier": 0.18979854085444198,
      "ece": 0.16133716559852473,
      "gcal_S": 0.5607142448425293,
      "gcal_S_argmax_key": 114,
      "logloss": 0.5681063939116568,
      "n_eval": 1024,
      "name": "AR+post",
      "sce": 0.10004687104936866
    },
    {
      "arb_profit": 0.07960408818325959,
      "brier": 0.10437888775220694,
      "ece": 0.07649377532652579,
      "gcal_S": 0.3583332896232605,
      "gcal_S_argmax_key": 132,
      "logloss": 0.36810856464424113,
      "n_eval": 1024,
      "name": "Diffusion+post",
      "sce": 0.011280459672734215
    }
  ]
}
