{
  "metrics": {
    "approachability": {
      "clip_eps": 1e-06,
      "curve": {
        "app_err": [
          0.07991949796676635,
          0.07991873025894165,
          0.09295528349466622,
          0.09960132289561444,
          0.10361406378541142,
          0.09962916079210117,
          0.09103822741391403,
          0.08961056135885884,
          0.08849592785144018,
          0.09559564794041217,
          0.09050663716456091,
          0.09293274131564734,
          0.09189209996400258,
          0.09673565475336675,
          0.09293642877725264,
          0.09210660391952842,
          0.08902404993608155,
          0.08848967543647936,
          0.08382122591652565,
          0.08162382152141072,
          0.0777289919528578,
          0.07419395829339258,
          0.07270174389016693,
          0.06966717792325654,
          0.06847887399196624,
          0.06737862206601467,
          0.0648784525613128,
          0.06255683788381118,
          0.06334478789362415,
          0.06389308905601501,
          0.06569252898616175,
          0.06845732522226172,
          0.07000412607269192,
          0.07145980425494011,
          0.07054667957645974,
          0.06968315891210093,
          0.07211395858862513,
          0.07126230257600055,
          0.07147137066886688,
          0.06968045752914623,
          0.069196084934604
        ],
        "t": [
          25,
          50,
          75,
          100,
          125,
          150,
          175,
          200,
          225,
          250,
          275,
          300,
          325,
          350,
          375,
          400,
          425,
          450,
          475,
          500,
          525,
          550,
          575,
          600,
          625,
          650,
          675,
          700,
          725,
          750,
          775,
          800,
          825,
          850,
          875,
          900,
          925,
          950,
          975,
          1000,
          1007
        ]
      },
      "curve_every": 25,
      "curve_time_ts": [
        1755607189.2302961,
        1764489601.992749,
        1749230456.1648982,
        1757692801.088487,
        1758664802.233784,
        1766128211.475931,
        1732637173.121185,
        1724251359.9818292,
        1721059248.318618,
        1744013206.271193,
        1762876482.4426408,
        1746826759.137544,
        1732896480.239716,
        1733157619.963896,
        1744989926.194477,
        1750393469.3211122,
        1761753601.459714,
        1754501963.403122,
        1759961288.509166,
        1763269211.025377,
        1761248934.536551,
        1763226002.830776,
        1760377501.636529,
        1758837601.160341,
        1758816001.2131681,
        1762223105.6333618,
        1739387368.848027,
        1748032840.909587,
        1757716857.430743,
        1764781204.521163,
        1765645206.241966,
        1735924157.979765,
        1721339217.885109,
        1763571613.495424,
        1763830813.849674,
        1751846980.529997,
        1764091557.935233,
        1740286957.537361,
        1765457700.588395,
        1751156628.462006,
        1732575428.504298
      ],
      "eps": 0.0,
      "family": "group_bin_indicator",
      "final": {
        "app_err": 0.069196084934604,
        "top_violations": [
          {
            "bin_hi": 0.05,
            "bin_idx": 0,
            "bin_lo": 0.0,
            "coord": 0,
            "group": "crypto",
            "group_idx": 0,
            "mean_payoff": 0.069196084934604,
            "violation": 0.069196084934604
          },
          {
            "bin_hi": 1.0,
            "bin_idx": 19,
            "bin_lo": 0.9500000000000001,
            "coord": 19,
            "group": "crypto",
            "group_idx": 0,
            "mean_payoff": -0.06344404044193923,
            "violation": 0.06344404044193923
          },
          {
            "bin_hi": 0.05,
            "bin_idx": 0,
            "bin_lo": 0.0,
            "coord": 20,
            "group": "politics",
            "group_idx": 1,
            "mean_payoff": 0.05534211850827773,
            "violation": 0.05534211850827773
          },
          {
            "bin_hi": 1.0,
            "bin_idx": 19,
            "bin_lo": 0.9500000000000001,
            "coord": 39,
            "group": "politics",
            "group_idx": 1,
            "mean_payoff": -0.03767523687432752,
            "violation": 0.03767523687432752
          },
          {
            "bin_hi": 1.0,
            "bin_idx": 19,
            "bin_lo": 0.9500000000000001,
            "coord": 59,
            "group": "sports",
            "group_idx": 2,
            "mean_payoff": -0.022804324652966345,
            "violation": 0.022804324652966345
          },
          {
            "bin_hi": 0.05,
            "bin_idx": 0,
            "bin_lo": 0.0,
            "coord": 40,
            "group": "sports",
            "group_idx": 2,
            "mean_payoff": 0.0187305027693917,
            "violation": 0.0187305027693917
          },
          {
            "bin_hi": 0.55,
            "bin_idx": 10,
            "bin_lo": 0.5,
            "coord": 10,
            "group": "crypto",
            "group_idx": 0,
            "mean_payoff": -0.012910808387555574,
            "violation": 0.012910808387555574
          },
          {
            "bin_hi": 0.55,
            "bin_idx": 10,
            "bin_lo": 0.5,
            "coord": 30,
            "group": "politics",
            "group_idx": 1,
            "mean_payoff": -0.004469219480512632,
            "violation": 0.004469219480512632
          },
          {
            "bin_hi": 0.55,
            "bin_idx": 10,
            "bin_lo": 0.5,
            "coord": 50,
            "group": "sports",
            "group_idx": 2,
            "mean_payoff": -0.003475914704645757,
            "violation": 0.003475914704645757
          },
          {
            "bin_hi": 0.5,
            "bin_idx": 9,
            "bin_lo": 0.45,
            "coord": 9,
            "group": "crypto",
            "group_idx": 0,
            "mean_payoff": -0.002482357038168353,
            "violation": 0.002482357038168353
          }
        ]
      },
      "group_cols": [
        "topic"
      ],
      "n": 1007,
      "n_bins": 20,
      "n_groups": 3,
      "pred_col": "pred_prob",
      "time_col": "createdAt",
      "y_col": "y"
    },
    "brier": 0.29413612464329725,
    "ece": 0.29152363851710844,
    "groups": {
      "topic": {
        "avg_abs_bias": 0.029395488949997543,
        "n_groups": 3,
        "worst_abs_bias": 0.043443341396216834
      }
    },
    "logloss": 1.9184531422656996,
    "n": 1007,
    "trading": {
      "B": 1.0,
      "mode": "sign",
      "pnl_per_event": 0.10228252285456076,
      "transaction_cost": 0.0
    }
  }
}
