{
  "llm_meta": null,
  "models": [
    {
      "arb_profit": 0.39999999131560326,
      "brier": 0.25,
      "ece": 0.0038000000000000256,
      "gcal_S": 0.4000000059604645,
      "gcal_S_argmax_key": 4,
      "logloss": 0.6931471805599454,
      "n_eval": 5000,
      "name": "AR-intrinsic",
      "sce": 0.1599999930524829
    },
    {
      "arb_profit": 0.30849281004667284,
      "brier": 0.18546064209773036,
      "ece": 0.3068928187310696,
      "gcal_S": 0.30849283933639526,
      "gcal_S_argmax_key": 4,
      "logloss": 0.56269372281468,
      "n_eval": 5000,
      "name": "Diffusion-intrinsic",
      "sce": 0.09516781385049344
    },
    {
      "arb_profit": 0.33085035709142685,
      "brier": 0.2055896074600176,
      "ece": 0.1538912836253643,
      "gcal_S": 0.5607142448425293,
      "gcal_S_argmax_key": 9599,
      "logloss": 0.6020960840713254,
      "n_eval": 5000,
      "name": "AR+post",
      "sce": 0.11468249202151419
    },
    {
      "arb_profit": 0.1746986985310912,
      "brier": 0.13623220186053414,
      "ece": 0.17030833967179054,
      "gcal_S": 0.4892856776714325,
      "gcal_S_argmax_key": 9599,
      "logloss": 0.4459203674201139,
      "n_eval": 5000,
      "name": "Diffusion+post",
      "sce": 0.04570590704179189
    }
  ]
}
