{
  "bins": 20,
  "bw_group": "subcube_S",
  "curve_every": 1000,
  "eps": 0.0,
  "family": "group_bin_indicator",
  "rows": [
    {
      "curve": {
        "app_err": [
          0.001800000011920929,
          0.0009000000059604645,
          0.000600000003973643,
          0.00045000000298023226,
          0.0003600000023841858,
          0.0003000000019868215,
          0.0003714285578046526,
          0.0003374999910593033,
          0.00028888889153798423,
          0.0002600000023841858,
          0.000236363638531078,
          0.00022499999403953553,
          0.00020769230219034048,
          0.0001928571377481733,
          0.00022666665712992352,
          0.0002187499925494194,
          0.0002058823459288653,
          0.00019444443782170613,
          0.00018421052004161635,
          0.00017499999403953554,
          0.00016666666099003383,
          0.00015909090367230503,
          0.00015217390786046567,
          0.0001666666567325592,
          0.0001600000023841858,
          0.00015384615613864017,
          0.0001481481503557276,
          0.00015000000170298984,
          0.00014482758785116262,
          0.00014333333472410837,
          0.00013870967203570951,
          0.0001343750013038516,
          0.0001303030252456665,
          0.0001235294131671681,
          0.00012000000136239188,
          0.00011666666136847601,
          0.00011351350835851721,
          0.00011052631077013518,
          0.00011538461767710172,
          0.00011250000223517417,
          0.00010975609974163334,
          0.00010714285927159446,
          0.00011395348989686301,
          0.00010909091071649031,
          0.00010666666825612386,
          0.0001043478276418603,
          0.0001021276610962888,
          0.00011249999205271403,
          0.0001102040738475566,
          0.00010799999237060547
        ],
        "t": [
          1000,
          2000,
          3000,
          4000,
          5000,
          6000,
          7000,
          8000,
          9000,
          10000,
          11000,
          12000,
          13000,
          14000,
          15000,
          16000,
          17000,
          18000,
          19000,
          20000,
          21000,
          22000,
          23000,
          24000,
          25000,
          26000,
          27000,
          28000,
          29000,
          30000,
          31000,
          32000,
          33000,
          34000,
          35000,
          36000,
          37000,
          38000,
          39000,
          40000,
          41000,
          42000,
          43000,
          44000,
          45000,
          46000,
          47000,
          48000,
          49000,
          50000
        ]
      },
      "eps": 0.0,
      "final_app_err": 0.00010799999237060547,
      "group": "subcube_S",
      "n_bins": 20,
      "n_groups": 4096,
      "name": "oracle",
      "top_violations": [
        {
          "bin_hi": 0.9,
          "bin_idx": 17,
          "bin_lo": 0.8500000000000001,
          "coord": 54837,
          "group": "3465",
          "group_idx": 2741,
          "mean_payoff": -0.00010799999237060547,
          "violation": 0.00010799999237060547
        },
        {
          "bin_hi": 0.1,
          "bin_idx": 1,
          "bin_lo": 0.05,
          "coord": 301,
          "group": "1010",
          "group_idx": 15,
          "mean_payoff": 9.400000154972077e-05,
          "violation": 9.400000154972077e-05
        },
        {
          "bin_hi": 0.9,
          "bin_idx": 17,
          "bin_lo": 0.8500000000000001,
          "coord": 35517,
          "group": "2596",
          "group_idx": 1775,
          "mean_payoff": -9.399999380111694e-05,
          "violation": 9.399999380111694e-05
        },
        {
          "bin_hi": 0.9,
          "bin_idx": 17,
          "bin_lo": 0.8500000000000001,
          "coord": 22917,
          "group": "2028",
          "group_idx": 1145,
          "mean_payoff": -9.199999332427979e-05,
          "violation": 9.199999332427979e-05
        },
        {
          "bin_hi": 0.1,
          "bin_idx": 1,
          "bin_lo": 0.05,
          "coord": 30241,
          "group": "2359",
          "group_idx": 1512,
          "mean_payoff": 9.000000178813934e-05,
          "violation": 9.000000178813934e-05
        }
      ]
    },
    {
      "curve": {
        "app_err": [
          0.002,
          0.001,
          0.0008333333333333334,
          0.00075,
          0.0006,
          0.0005833333333333334,
          0.0005,
          0.0005,
          0.00044444444444444447,
          0.0004,
          0.0004090909090909091,
          0.000375,
          0.0003846153846153846,
          0.0003928571428571429,
          0.00036666666666666667,
          0.000375,
          0.00035294117647058826,
          0.0003333333333333333,
          0.00031578947368421053,
          0.0003,
          0.00028571428571428574,
          0.0003181818181818182,
          0.0003043478260869565,
          0.0003125,
          0.0003,
          0.0003076923076923077,
          0.0002962962962962963,
          0.00028571428571428574,
          0.0002931034482758621,
          0.00028333333333333335,
          0.00029032258064516127,
          0.00028125,
          0.00027272727272727274,
          0.00026470588235294115,
          0.00025714285714285715,
          0.00026388888888888886,
          0.0002567567567567568,
          0.00025,
          0.0002435897435897436,
          0.0002375,
          0.00024390243902439024,
          0.0002380952380952381,
          0.00023255813953488373,
          0.00023863636363636364,
          0.00024444444444444443,
          0.0002391304347826087,
          0.00023404255319148937,
          0.00023958333333333332,
          0.00023469387755102041,
          0.00024
        ],
        "t": [
          1000,
          2000,
          3000,
          4000,
          5000,
          6000,
          7000,
          8000,
          9000,
          10000,
          11000,
          12000,
          13000,
          14000,
          15000,
          16000,
          17000,
          18000,
          19000,
          20000,
          21000,
          22000,
          23000,
          24000,
          25000,
          26000,
          27000,
          28000,
          29000,
          30000,
          31000,
          32000,
          33000,
          34000,
          35000,
          36000,
          37000,
          38000,
          39000,
          40000,
          41000,
          42000,
          43000,
          44000,
          45000,
          46000,
          47000,
          48000,
          49000,
          50000
        ]
      },
      "eps": 0.0,
      "final_app_err": 0.00024,
      "group": "subcube_S",
      "n_bins": 20,
      "n_groups": 4096,
      "name": "const_0.5",
      "top_violations": [
        {
          "bin_hi": 0.5,
          "bin_idx": 9,
          "bin_lo": 0.45,
          "coord": 51109,
          "group": "3298",
          "group_idx": 2555,
          "mean_payoff": 0.00024,
          "violation": 0.00024
        },
        {
          "bin_hi": 0.5,
          "bin_idx": 9,
          "bin_lo": 0.45,
          "coord": 969,
          "group": "1040",
          "group_idx": 48,
          "mean_payoff": 0.00022,
          "violation": 0.00022
        },
        {
          "bin_hi": 0.5,
          "bin_idx": 9,
          "bin_lo": 0.45,
          "coord": 61169,
          "group": "3750",
          "group_idx": 3058,
          "mean_payoff": -0.00022,
          "violation": 0.00022
        },
        {
          "bin_hi": 0.5,
          "bin_idx": 9,
          "bin_lo": 0.45,
          "coord": 72029,
          "group": "553",
          "group_idx": 3601,
          "mean_payoff": 0.00022,
          "violation": 0.00022
        },
        {
          "bin_hi": 0.5,
          "bin_idx": 9,
          "bin_lo": 0.45,
          "coord": 23809,
          "group": "2069",