{
  "baselines": {
    "constant_0.5": {
      "bayes_brier": 0.24737882614135742,
      "brier": 0.25,
      "correlation_with_truth": NaN,
      "ece": 0.04499998688697815,
      "excess_brier": 0.002621173858642578,
      "mse_to_truth": 0.010264370912053749,
      "n": 1000
    },
    "oracle": {
      "bayes_brier": 0.24737882614135742,
      "brier": 0.24737882614135742,
      "correlation_with_truth": 0.9999999999999999,
      "ece": 0.029561555951833726,
      "excess_brier": 0.0,
      "mse_to_truth": 0.0,
      "n": 1000
    },
    "prior": {
      "base_rate": 0.4702500104904175,
      "bayes_brier": 0.24737882614135742,
      "brier": 0.24820756281995784,
      "correlation_with_truth": NaN,
      "ece": 0.01524999737739563,
      "excess_brier": 0.0008287366786004224,
      "mse_to_truth": 0.009166673935746161,
      "n": 1000
    }
  },
  "headlines_sample": [
    "Will Cardano be above $186000 on 2024-03?",
    "Will Cardano be above $61000 on 2025-12?",
    "Will BNB market cap exceed $1067B?",
    "Will H.R. 7672 pass the Senate?",
    "Will Celtics score more than 3 goals against MOUZ?"
  ],
  "n_test": 1000,
  "n_train": 4000,
  "spec": {
    "n_factors": 5,
    "n_samples": 5000,
    "noise": 0.2,
    "structure": "adversarial"
  }
}
