{
  "llm_meta": {
    "K": 1,
    "L": 4,
    "aggregate": "mean",
    "max_new_tokens_used": 64,
    "n": 3072,
    "parse_failures": 29
  },
  "models": [
    {
      "arb_profit": 0.43516601970623014,
      "brier": 0.44110673308669096,
      "ece": 0.43223632036097115,
      "gcal_S": 0.8899999856948853,
      "gcal_S_argmax_key": 55,
      "logloss": 1.729504588625586,
      "n_eval": 1024,
      "name": "AR-intrinsic",
      "sce": 0.34771806422815754
    },
    {
      "arb_profit": 0.105963245005114,
      "brier": 0.088938394073935,
      "ece": 0.12686169147491455,
      "gcal_S": 0.10596325993537903,
      "gcal_S_argmax_key": 1,
      "logloss": 0.33736771615076055,
      "n_eval": 1024,
      "name": "Diffusion-intrinsic",
      "sce": 0.01122820929201404
    },
    {
      "arb_profit": 0.1427084341285081,
      "brier": 0.11741039591035667,
      "ece": 0.12369686192141668,
      "gcal_S": 0.29029413181192737,
      "gcal_S_argmax_key": 61,
      "logloss": 0.40385238196846523,
      "n_eval": 1024,
      "name": "AR+post",
      "sce": 0.0362380948373283
    },
    {
      "arb_profit": 0.047588891531631816,
      "brier": 0.07864239042780677,
      "ece": 0.06016654163977361,
      "gcal_S": 0.14722222089767456,
      "gcal_S_argmax_key": 55,
      "logloss": 0.300283742642412,
      "n_eval": 1024,
      "name": "Diffusion+post",
      "sce": 0.0034634422770923245
    }
  ]
}
