{
  "llm_meta": null,
  "metrics": {
    "approachability": {
      "clip_eps": 1e-06,
      "curve": {
        "app_err": [
          0.09990020990371704,
          0.14984648823738098,
          0.09989850322405497,
          0.12487321645021439,
          0.1198776400089264,
          0.11625069993315265,
          0.09959876977206607,
          0.087122735552839,
          0.07739609394532938,
          0.0796145342674572,
          0.07231880670667372,
          0.06627480448708714,
          0.06883645388387287,
          0.06390438432988178,
          0.06628974610784401,
          0.062120296103239526,
          0.06430539464824558,
          0.0662826136925206,
          0.0680405855577096,
          0.06462800098408479,
          0.0662973478114942,
          0.06781012893082913,
          0.06918660335485702,
          0.06628185172739905,
          0.0636178944958374,
          0.061166941978109,
          0.06260137258752904,
          0.0603618352698894,
          0.06195275639665538,
          0.0665405019124349,
          0.07083894225858874,
          0.07486544642597437,
          0.07562094258539605,
          0.07339679721523734,
          0.07414822220802307,
          0.07763836367262734,
          0.07554002951931309,
          0.0761729486678776,
          0.07421720990767845,
          0.07235659793019295,
          0.07058934336755333,
          0.07366557107085274,
          0.07427564457405446,
          0.07258529053492979,
          0.07541003121270073,
          0.0824552463448566,
          0.08069654728503937,
          0.0810965875784556,
          0.08148030650858977,
          0.07984864509105682,
          0.0802417770320294,
          0.07992833259049803
        ],
        "t": [
          10,
          20,
          30,
          40,
          50,
          60,
          70,
          80,
          90,
          100,
          110,
          120,
          130,
          140,
          150,
          160,
          170,
          180,
          190,
          200,
          210,
          220,
          230,
          240,
          250,
          260,
          270,
          280,
          290,
          300,
          310,
          320,
          330,
          340,
          350,
          360,
          370,
          380,
          390,
          400,
          410,
          420,
          430,
          440,
          450,
          460,
          470,
          480,
          490,
          500,
          510,
          512
        ]
      },
      "curve_every": 10,
      "curve_time_ts": [
        1764454170.796427,
        1764975603.961904,
        1746039253.0143192,
        1764975612.153339,
        1764489601.992749,
        1716582294.7209432,
        1752605662.6692412,
        1759844335.3846478,
        1763787610.0185869,
        1757692801.088487,
        1759939208.795478,
        1758794401.875069,
        1731691630.1683772,
        1739819940.558997,
        1766128211.475931,
        1731360767.473193,
        1747826494.497078,
        1731345013.192617,
        1761752127.082299,
        1724251359.9818292,
        1762534807.499985,
        1753657955.134179,
        1758218401.015598,
        1762783201.985727,
        1744013206.271193,
        1738097857.646245,
        1764692785.823267,
        1765644312.955094,
        1741718796.5851278,
        1746826759.137544,
        1755052271.978944,
        1719329152.9853811,
        1746024239.769436,
        1739908022.8717282,
        1733157619.963896,
        1739554895.0982451,
        1757469602.148373,
        1758477606.872763,
        1706902277.555,
        1750393469.3211122,
        1761250571.603311,
        1749734045.005978,
        1746720660.0606349,
        1761973211.340328,
        1754501963.403122,
        1721337199.335254,
        1759156206.500031,
        1751041023.0296881,
        1745356531.062998,
        1763269211.025377,
        1727806734.245898,
        1760975111.136162
      ],
      "eps": 0.0,
      "family": "group_bin_indicator",
      "final": {
        "app_err": 0.07992833259049803,
        "top_violations": [
          {
            "bin_hi": 1.0,
            "bin_idx": 19,
            "bin_lo": 0.9500000000000001,
            "coord": 19,
            "group": "crypto",
            "group_idx": 0,
            "mean_payoff": -0.07992833259049803,
            "violation": 0.07992833259049803
          },
          {
            "bin_hi": 0.05,
            "bin_idx": 0,
            "bin_lo": 0.0,
            "coord": 0,
            "group": "crypto",
            "group_idx": 0,
            "mean_payoff": 0.05632281185307875,
            "violation": 0.05632281185307875
          },
          {
            "bin_hi": 0.05,
            "bin_idx": 0,
            "bin_lo": 0.0,
            "coord": 20,
            "group": "politics",
            "group_idx": 1,
            "mean_payoff": 0.04660830283683026,
            "violation": 0.04660830283683026
          },
          {
            "bin_hi": 1.0,
            "bin_idx": 19,
            "bin_lo": 0.9500000000000001,
            "coord": 39,
            "group": "politics",
            "group_idx": 1,
            "mean_payoff": -0.040948553243651986,
            "violation": 0.040948553243651986
          },
          {
            "bin_hi": 1.0,
            "bin_idx": 19,
            "bin_lo": 0.9500000000000001,
            "coord": 59,
            "group": "sports",
            "group_idx": 2,
            "mean_payoff": -0.031202769256196916,
            "violation": 0.031202769256196916
          },
          {
            "bin_hi": 0.05,
            "bin_idx": 0,
            "bin_lo": 0.0,
            "coord": 40,
            "group": "sports",
            "group_idx": 2,
            "mean_payoff": 0.017434019609254392,
            "violation": 0.017434019609254392
          },
          {
            "bin_hi": 0.5,
            "bin_idx": 9,
            "bin_lo": 0.45,
            "coord": 9,
            "group": "crypto",
            "group_idx": 0,
            "mean_payoff": -0.004882698645815253,
            "violation": 0.004882698645815253
          },
          {
            "bin_hi": 0.55,
            "bin_idx": 10,
            "bin_lo": 0.5,
            "coord": 10,
            "group": "crypto",
            "group_idx": 0,
            "mean_payoff": -0.002930103219114244,
            "violation": 0.002930103219114244
          },
          {
            "bin_hi": 0.55,
            "bin_idx": 10,
            "bin_lo": 0.5,
            "coord": 30,
            "group": "politics",
            "group_idx": 1,
            "mean_payoff": -0.0019531839061528444,
            "violation": 0.0019531839061528444
          },
          {
            "bin_hi": 0.5,
            "bin_idx": 9,
            "bin_lo": 0.45,
            "coord": 29,
            "group": "politics",
            "group_idx": 1,
            "mean_payoff": -0.0019531062571331859,
            "violation": 0.0019531062571331859
          }
        ]
      },
      "group_cols": [
        "topic"
      ],
      "n": 512,
      "n_bins": 20,
      "n_groups": 3,
      "pred_col": "pred_prob",
      "time_col": "createdAt",
      "y_col": "y"
    },
    "brier": 0.2841052825954038,
    "ece": 0.28514050422086257,
    "groups": {
      "topic": {
        "avg_abs_bias": 0.04791715448232026,
        "n_groups": 3,
        "worst_abs_bias": 0.0794697967835849
      }
    },
    "logloss": 1.9124520064917556,
    "n": 512,
    "trading": {
      "B": 1.0,
      "mode": "sign",
      "pnl_per_event": 0.15247070313944278,
      "transaction_cost": 0.0
    }
  }
}
