{
  "llm_meta": null,
  "metrics": {
    "approachability": {
      "clip_eps": 1e-06,
      "curve": {
        "app_err": [
          0.14420116543769837,
          0.08796129524707794,
          0.0778133471806844,
          0.07322045564651489,
          0.08184131383895873,
          0.06820109486579895,
          0.07476197736603873,
          0.07236981019377708,
          0.07097263005044725,
          0.06987197875976563,
          0.06530938690358942,
          0.05986693799495697,
          0.06407109407278208,
          0.05949458735329764,
          0.05552828152974447,
          0.052057763934135436,
          0.05232143437161165,
          0.05247719751463996,
          0.056701481342315674,
          0.06056013613939285,
          0.05921581898416792,
          0.05652419084852392,
          0.05702660938967829,
          0.05736163258552551,
          0.05506716728210449,
          0.05294919930971586,
          0.05098811785380045,
          0.054036178333418707,
          0.05217286183916289,
          0.05043376644452413,
          0.04880687075276529,
          0.04728165604174137,
          0.04584887858593103,
          0.046475973725318906,
          0.05247070380619594,
          0.05017196287711461,
          0.05243669683868821,
          0.050222481865631906,
          0.04984120405637301,
          0.05276040494441986,
          0.050635205245599516,
          0.05105329482328324,
          0.04986600889716038,
          0.05479470288211649,
          0.05429533971680535,
          0.052446352269338525,
          0.05133047243382068,
          0.048953095575173695,
          0.04795405280833342,
          0.04831455147266388,
          0.05003733810256509,
          0.04984187975060195
        ],
        "t": [
          10,
          20,
          30,
          40,
          50,
          60,
          70,
          80,
          90,
          100,
          110,
          120,
          130,
          140,
          150,
          160,
          170,
          180,
          190,
          200,
          210,
          220,
          230,
          240,
          250,
          260,
          270,
          280,
          290,
          300,
          310,
          320,
          330,
          340,
          350,
          360,
          370,
          380,
          390,
          400,
          410,
          420,
          430,
          440,
          450,
          460,
          470,
          480,
          490,
          500,
          510,
          512
        ]
      },
      "curve_every": 10,
      "curve_time_ts": [
        1757426774.911114,
        1758729603.394814,
        1760975103.994037,
        1758362402.7297568,
        1756952437.883234,
        1764775915.686799,
        1760365872.918287,
        1763798404.125634,
        1745356531.062998,
        1757779200.7458172,
        1763744403.865676,
        1761934835.827596,
        1759866899.368001,
        1751382102.169755,
        1761774040.149638,
        1755490343.065778,
        1744142979.180035,
        1765364403.287425,
        1752600857.837996,
        1758558129.332109,
        1759951499.644268,
        1760932810.173635,
        1752678506.553039,
        1737484103.462396,
        1749717290.593214,
        1764370803.136767,
        1755636827.494267,
        1742332615.2809432,
        1744666961.158993,
        1762754402.6877508,
        1761090446.071698,
        1758117601.331551,
        1765220886.248245,
        1733934360.004716,
        1757768721.089908,
        1750871019.126511,
        1753160985.5047512,
        1741876988.1479511,
        1749677739.0008361,
        1756548000.7921221,
        1761148801.028728,
        1757650637.488249,
        1753300508.086949,
        1743440533.150916,
        1761062406.6448488,
        1763475196.403001,
        1759318876.760926,
        1730405805.671387,
        1747577478.686143,
        1721326323.846897,
        1760975103.346632,
        1762880403.0341172
      ],
      "eps": 0.0,
      "family": "group_bin_indicator",
      "final": {
        "app_err": 0.04984187975060195,
        "top_violations": [
          {
            "bin_hi": 0.7000000000000001,
            "bin_idx": 13,
            "bin_lo": 0.65,
            "coord": 13,
            "group": "crypto",
            "group_idx": 0,
            "mean_payoff": -0.04984187975060195,
            "violation": 0.04984187975060195
          },
          {
            "bin_hi": 0.7000000000000001,
            "bin_idx": 13,
            "bin_lo": 0.65,
            "coord": 33,
            "group": "politics",
            "group_idx": 1,
            "mean_payoff": -0.03616962907835841,
            "violation": 0.03616962907835841
          },
          {
            "bin_hi": 0.65,
            "bin_idx": 12,
            "bin_lo": 0.6000000000000001,
            "coord": 32,
            "group": "politics",
            "group_idx": 1,
            "mean_payoff": -0.035200015059672296,
            "violation": 0.035200015059672296
          },
          {
            "bin_hi": 0.65,
            "bin_idx": 12,
            "bin_lo": 0.6000000000000001,
            "coord": 12,
            "group": "crypto",
            "group_idx": 0,
            "mean_payoff": -0.030719678499735892,
            "violation": 0.030719678499735892
          },
          {
            "bin_hi": 0.6000000000000001,
            "bin_idx": 11,
            "bin_lo": 0.55,
            "coord": 11,
            "group": "crypto",
            "group_idx": 0,
            "mean_payoff": -0.02814929687883705,
            "violation": 0.02814929687883705
          },
          {
            "bin_hi": 0.65,
            "bin_idx": 12,
            "bin_lo": 0.6000000000000001,
            "coord": 52,
            "group": "sports",
            "group_idx": 2,
            "mean_payoff": -0.024158521788194776,
            "violation": 0.024158521788194776
          },
          {
            "bin_hi": 0.75,
            "bin_idx": 14,
            "bin_lo": 0.7000000000000001,
            "coord": 14,
            "group": "crypto",
            "group_idx": 0,
            "mean_payoff": -0.0211218356853351,
            "violation": 0.0211218356853351
          },
          {
            "bin_hi": 0.6000000000000001,
            "bin_idx": 11,
            "bin_lo": 0.55,
            "coord": 51,
            "group": "sports",
            "group_idx": 2,
            "mean_payoff": -0.020494897034950554,
            "violation": 0.020494897034950554
          },
          {
            "bin_hi": 0.75,
            "bin_idx": 14,
            "bin_lo": 0.7000000000000001,
            "coord": 34,
            "group": "politics",
            "group_idx": 1,
            "mean_payoff": -0.019932759809307754,
            "violation": 0.019932759809307754
          },
          {
            "bin_hi": 0.6000000000000001,
            "bin_idx": 11,
            "bin_lo": 0.55,
            "coord": 31,
            "group": "politics",
            "group_idx": 1,
            "mean_payoff": -0.01929881621617824,
            "violation": 0.01929881621617824
          }
        ]
      },
      "group_cols": [
        "topic"
      ],
      "n": 512,
      "n_bins": 20,
      "n_groups": 3,
      "pred_col": "pred_prob",
      "time_col": "createdAt",
      "y_col": "y"
    },
    "brier": 0.3276614439078305,
    "ece": 0.3734908202313818,
    "groups": {
      "topic": {
        "avg_abs_bias": 0.3710234005120583,
        "n_groups": 3,
        "worst_abs_bias": 0.4339543581008911
      }
    },
    "logloss": 0.856591369612953,
    "n": 512,
    "trading": {
      "B": 1.0,
      "kelly": {
        "final_bankroll": 1.7858768917596452e-29,
        "n": 512,
        "roi": -1.0
      },
      "mode": "sign",
      "pnl_per_event": -0.15597753976226159,
      "transaction_cost": 0.0
    }
  }
}
