{
  "impact_model": {
    "name": "adversarial_liquidity",
    "regime": "adversarial",
    "base_fill_prob": 0.5,
    "fill_size_decay": 0.3,
    "fill_spread_sensitivity": 2.0,
    "permanent_impact": 0.004,
    "temporary_impact": 0.02,
    "impact_power": 0.5,
    "adverse_selection": 0.1,
    "adverse_selection_decay": 0.5,
    "mev_extraction_rate": 0.0,
    "reorder_probability": 0.0,
    "block_delay_cost": 0.0,
    "base_liquidity": 1000.0,
    "liquidity_price_factor": 0.5,
    "exit_spread": 0.05,
    "exit_impact_mult": 3.0,
    "stress_multiplier": 2.5
  },
  "best_params": {
    "spread_threshold": 0.13816354016849353,
    "n_bins": 23,
    "kelly_fraction": 0.3552980120478324,
    "max_position_pct": 0.2240182230066407,
    "fee": 0.027517926196287616
  },
  "optimization_sharpe": 3873613255661.7056,
  "final_evaluation": {
    "mean_sharpe": 5.438740302296475,
    "std_sharpe": 2.003405624391513,
    "min_sharpe": 1.2870554595852004,
    "p5_sharpe": 2.2812655825128525,
    "p25_sharpe": 4.159846211095232,
    "median_sharpe": 5.165971807023709,
    "mean_return": 105.8687528983831,
    "mean_fill_rate": 0.004929217915989789,
    "mean_drawdown": 0.012755333873661573,
    "mean_impact_cost": 0.9967822891910448,
    "mean_mev_cost": 0.0,
    "mean_as_cost": 1.2472266508721395,
    "n_simulations": 50,
    "impact_model": "adversarial_liquidity",
    "regime": "adversarial"
  },
  "all_trials": [
    {
      "number": 0,
      "value": 9089662115.024918,
      "params": {
        "spread_threshold": 0.062435616638630745,
        "n_bins": 24,
        "kelly_fraction": 0.3793972738151323,
        "max_position_pct": 0.15769145136531842,
        "fee": 0.008900466011060912
      }
    },
    {
      "number": 1,
      "value": 713945751914.4122,
      "params": {
        "spread_threshold": 0.03183923284706837,
        "n_bins": 6,
        "kelly_fraction": 0.4397792655987208,
        "max_position_pct": 0.15825645270093802,
        "fee": 0.022701814444901137
      }
    },
    {
      "number": 2,
      "value": 17608919067.364113,
      "params": {
        "spread_threshold": 0.012881829201412343,
        "n_bins": 25,
        "kelly_fraction": 0.4245991883601898,
        "max_position_pct": 0.06883799545600351,
        "fee": 0.009545624180177514
      }
    },
    {
      "number": 3,
      "value": 1417025377533.1887,
      "params": {
        "spread_threshold": 0.03567663137948073,
        "n_bins": 11,
        "kelly_fraction": 0.28614039423450705,
        "max_position_pct": 0.11934735428768663,
        "fee": 0.012280728504951047
      }
    },
    {
      "number": 4,
      "value": 543526212035.24664,
      "params": {
        "spread_threshold": 0.09565940526113312,
        "n_bins": 7,
        "kelly_fraction": 0.1814650918408482,
        "max_position_pct": 0.1042632239575491,
        "fee": 0.016401749605425897
      }
    },
    {
      "number": 5,
      "value": 12.789793995229822,
      "params": {
        "spread_threshold": 0.11992463459502188,
        "n_bins": 9,
        "kelly_fraction": 0.28140549728612524,
        "max_position_pct": 0.15625535083826977,
        "fee": 0.006161260317999943
      }
    },
    {
      "number": 6,
      "value": 42890888074.542465,
      "params": {
        "spread_threshold": 0.09505627926620136,
        "n_bins": 8,
        "kelly_fraction": 0.0792732168433758,
        "max_position_pct": 0.23824367356826665,
        "fee": 0.02914080082686398
      }
    },
    {
      "number": 7,
      "value": 38.706161631677624,
      "params": {
        "spread_threshold": 0.12317562873630454,
        "n_bins": 11,
        "kelly_fraction": 0.09395245130287275,
        "max_position_pct": 0.17737359609779607,
        "fee": 0.01600381234349003
      }
    },
    {
      "number": 8,
      "value": 9.555667652746457,
      "params": {
        "spread_threshold": 0.027085352878269034,
        "n_bins": 15,
        "kelly_fraction": 0.06547483450184828,
        "max_position_pct": 0.2291436924781199,
        "fee": 0.011469499540000422
      }
    },
    {
      "number": 9,
      "value": 1383083158196.1377,
      "params": {
        "spread_threshold": 0.10275311980955747,
        "n_bins": 11,
        "kelly_fraction": 0.28403060953001485,
        "max_position_pct": 0.14574336424895432,
        "fee": 0.009621361388138176
      }
    },
    {
      "number": 10,
      "value": 32.45731823222122,
      "params": {
        "spread_threshold": 0.061069251278459566,
        "n_bins": 17,
        "kelly_fraction": 0.1967385186931856,
        "max_position_pct": 0.02413123139140852,
        "fee": 0.021428091726816024
      }
    },
    {
      "number": 11,
      "value": 15790826806.847624,
      "params": {
        "spread_threshold": 0.06490258062260942,
        "n_bins": 13,
        "kelly_fraction": 0.296906532147106,
        "max_position_pct": 0.10089470909712195,
        "fee": 0.01278926525488654
      }
    },
    {
      "number": 12,
      "value": 50312747015.78054,
      "params": {
        "spread_threshold": 0.14759374336888562,
        "n_bins": 19,
        "kelly_fraction": 0.337550665222313,
        "max_position_pct": 0.11293944049506502,
        "fee": 0.005785815144768867
      }
    },
    {
      "number": 13,
      "value": 20.428967578444333,
      "params": {
        "spread_threshold": 0.043609321639411495,
        "n_bins": 12,
        "kelly_fraction": 0.19677594266808887,
        "max_position_pct": 0.20916673163822155,
        "fee": 0.013674124420176965
      }
    },
    {
      "number": 14,
      "value": 82641856434.47182,
      "params": {
        "spread_threshold": 0.08750975463534172,
        "n_bins": 10,
        "kelly_fraction": 0.2415012834828416,
        "max_position_pct": 0.05004978370783604,
        "fee": 0.020691073631398747
      }
    },
    {
      "number": 15,
      "value": 1503335321029.454,
      "params": {
        "spread_threshold": 0.1154514151637061,
        "n_bins": 5,
        "kelly_fraction": 0.4982074392863459,
        "max_position_pct": 0.12911010396918543,
        "fee": 0.008894594829829638
      }
    },
    {
      "number": 16,
      "value": 826864262605.46,
      "params": {
        "spread_threshold": 0.14991074140981717,
        "n_bins": 5,
        "kelly_fraction": 0.4644049037591228,
        "max_position_pct": 0.07727678604557311,
        "fee": 0.0191003537523561
      }
    },
    {
      "number": 17,
      "value": 1868632137816.3035,
      "params": {
        "spread_threshold": 0.11862662997261549,
        "n_bins": 21,
        "kelly_fraction": 0.48440207572945493,
        "max_position_pct": 0.12628639443225945,
        "fee": 0.014543583122419317
      }
    },
    {
      "number": 18,
      "value": 2132808032037.2148,
      "params": {
        "spread_threshold": 0.1207349301720243,
        "n_bins": 21,
        "kelly_fraction": 0.48543007836177354,
        "max_position_pct": 0.18546749031080206,
        "fee": 0.02551180632966729
      }
    },
    {
      "number": 19,
      "value": 1581365157094.421,
      "params": {
        "spread_threshold": 0.132323006072302,
        "n_bins": 21,
        "kelly_fraction": 0.3853856910770336,
        "max_position_pct": 0.19862505764166685,
        "fee": 0.02559511605880738
      }
    },
    {
      "number": 20,
      "value": 2234122263889.265,
      "params": {
        "spread_threshold": 0.1340229704960691,
        "n_bins": 22,
        "kelly_fraction": 0.49941432182883805,
        "max_position_pct": 0.19335762786572586,
        "fee": 0.025477921916941187
      }
    },
    {
      "number": 21,
      "value": 1439067505570.5708,
      "params": {
        "spread_threshold": 0.1316682285915848,
        "n_bins": 22,
        "kelly_fraction": 0.4978674557034235,
        "max_position_pct": 0.18693856635954434,
        "fee": 0.025188370683167614
      }
    },
    {
      "number": 22,
      "value": 339097048557.5604,