{
  "impact_model": {
    "name": "random_average_2002",
    "regime": "average",
    "base_fill_prob": 0.9311094719860655,
    "fill_size_decay": 0.06040600246070246,
    "fill_spread_sensitivity": 2.7702276860749278,
    "permanent_impact": 0.000737622993911003,
    "temporary_impact": 0.010010154100313577,
    "impact_power": 0.45138739122783667,
    "adverse_selection": 0.08794213081670597,
    "adverse_selection_decay": 0.681961695003294,
    "mev_extraction_rate": 0.028247530573622094,
    "reorder_probability": 0.08586457710507746,
    "block_delay_cost": 0.001397955458943682,
    "base_liquidity": 16587.160180705134,
    "liquidity_price_factor": 2.0,
    "exit_spread": 0.024764596467262874,
    "exit_impact_mult": 1.8993901622839184,
    "stress_multiplier": 1.0
  },
  "best_params": {
    "spread_threshold": 0.01563142695729152,
    "n_bins": 7,
    "kelly_fraction": 0.3611840139775474,
    "max_position_pct": 0.2141304661123554,
    "fee": 0.027037811112369834
  },
  "optimization_sharpe": 13.086475346772867,
  "final_evaluation": {
    "mean_sharpe": 7.971222643216179,
    "std_sharpe": 1.4682821307205893,
    "min_sharpe": 5.393888856176757,
    "p5_sharpe": 5.709644198316859,
    "p25_sharpe": 7.098712230909432,
    "median_sharpe": 7.810990346648771,
    "mean_return": 9460.798567279908,
    "mean_fill_rate": 0.0030555121188428464,
    "mean_drawdown": 0.0111960984195874,
    "mean_impact_cost": 0.37490068105227214,
    "mean_mev_cost": 1.5747288120772505,
    "mean_as_cost": 0.39216247801395615,
    "n_simulations": 50,
    "impact_model": "random_average_2002",
    "regime": "average"
  },
  "all_trials": [
    {
      "number": 0,
      "value": 9.10481167526631,
      "params": {
        "spread_threshold": 0.062435616638630745,
        "n_bins": 24,
        "kelly_fraction": 0.3793972738151323,
        "max_position_pct": 0.15769145136531842,
        "fee": 0.008900466011060912
      }
    },
    {
      "number": 1,
      "value": 11.703323926107103,
      "params": {
        "spread_threshold": 0.03183923284706837,
        "n_bins": 6,
        "kelly_fraction": 0.4397792655987208,
        "max_position_pct": 0.15825645270093802,
        "fee": 0.022701814444901137
      }
    },
    {
      "number": 2,
      "value": 10.530662186851991,
      "params": {
        "spread_threshold": 0.012881829201412343,
        "n_bins": 25,
        "kelly_fraction": 0.4245991883601898,
        "max_position_pct": 0.06883799545600351,
        "fee": 0.009545624180177514
      }
    },
    {
      "number": 3,
      "value": 11.844444518468885,
      "params": {
        "spread_threshold": 0.03567663137948073,
        "n_bins": 11,
        "kelly_fraction": 0.28614039423450705,
        "max_position_pct": 0.11934735428768663,
        "fee": 0.012280728504951047
      }
    },
    {
      "number": 4,
      "value": 11.38929356230359,
      "params": {
        "spread_threshold": 0.09565940526113312,
        "n_bins": 7,
        "kelly_fraction": 0.1814650918408482,
        "max_position_pct": 0.1042632239575491,
        "fee": 0.016401749605425897
      }
    },
    {
      "number": 5,
      "value": 7.634174516609096,
      "params": {
        "spread_threshold": 0.11992463459502188,
        "n_bins": 9,
        "kelly_fraction": 0.28140549728612524,
        "max_position_pct": 0.15625535083826977,
        "fee": 0.006161260317999943
      }
    },
    {
      "number": 6,
      "value": 8.457219504070721,
      "params": {
        "spread_threshold": 0.09505627926620136,
        "n_bins": 8,
        "kelly_fraction": 0.0792732168433758,
        "max_position_pct": 0.23824367356826665,
        "fee": 0.02914080082686398
      }
    },
    {
      "number": 7,
      "value": 10.00526064225967,
      "params": {
        "spread_threshold": 0.12317562873630454,
        "n_bins": 11,
        "kelly_fraction": 0.09395245130287275,
        "max_position_pct": 0.17737359609779607,
        "fee": 0.01600381234349003
      }
    },
    {
      "number": 8,
      "value": 6.998204898647149,
      "params": {
        "spread_threshold": 0.027085352878269034,
        "n_bins": 15,
        "kelly_fraction": 0.06547483450184828,
        "max_position_pct": 0.2291436924781199,
        "fee": 0.011469499540000422
      }
    },
    {
      "number": 9,
      "value": 11.539555201220798,
      "params": {
        "spread_threshold": 0.10275311980955747,
        "n_bins": 11,
        "kelly_fraction": 0.28403060953001485,
        "max_position_pct": 0.14574336424895432,
        "fee": 0.009621361388138176
      }
    },
    {
      "number": 10,
      "value": 9.604917189184158,
      "params": {
        "spread_threshold": 0.061069251278459566,
        "n_bins": 17,
        "kelly_fraction": 0.1967385186931856,
        "max_position_pct": 0.02413123139140852,
        "fee": 0.021428091726816024
      }
    },
    {
      "number": 11,
      "value": 12.310528011670348,
      "params": {
        "spread_threshold": 0.04116857548185525,
        "n_bins": 5,
        "kelly_fraction": 0.4896888337514918,
        "max_position_pct": 0.09700289053134434,
        "fee": 0.02291295044878686
      }
    },
    {
      "number": 12,
      "value": 11.709174314441292,
      "params": {
        "spread_threshold": 0.04930653359355858,
        "n_bins": 5,
        "kelly_fraction": 0.4796106728475769,
        "max_position_pct": 0.10303400928473228,
        "fee": 0.025112840837002562
      }
    },
    {
      "number": 13,
      "value": 8.934507619900907,
      "params": {
        "spread_threshold": 0.043609321639411495,
        "n_bins": 15,
        "kelly_fraction": 0.3486659052005361,
        "max_position_pct": 0.09958319072829402,
        "fee": 0.01880065600188798
      }
    },
    {
      "number": 14,
      "value": 9.883887440509938,
      "params": {
        "spread_threshold": 0.0720661714910352,
        "n_bins": 19,
        "kelly_fraction": 0.4977229907541023,
        "max_position_pct": 0.05004978370783604,
        "fee": 0.013690835762414571
      }
    },
    {
      "number": 15,
      "value": 11.137302350231485,
      "params": {
        "spread_threshold": 0.14519724056187633,
        "n_bins": 11,
        "kelly_fraction": 0.20425967971984232,
        "max_position_pct": 0.12049038771121157,
        "fee": 0.027262066504996383
      }
    },
    {
      "number": 16,
      "value": 8.945503802770851,
      "params": {
        "spread_threshold": 0.010604547459531332,
        "n_bins": 13,
        "kelly_fraction": 0.3365131675581005,
        "max_position_pct": 0.07256377960290825,
        "fee": 0.02054637520829033
      }
    },
    {
      "number": 17,
      "value": 9.538413505075077,
      "params": {
        "spread_threshold": 0.03233432576295856,
        "n_bins": 21,
        "kelly_fraction": 0.1461369585060129,
        "max_position_pct": 0.2058551879228478,
        "fee": 0.014018550530269795
      }
    },
    {
      "number": 18,
      "value": 7.381888458601426,
      "params": {
        "spread_threshold": 0.04717877806443183,
        "n_bins": 9,
        "kelly_fraction": 0.23684297736348503,
        "max_position_pct": 0.12473404197869732,
        "fee": 0.023528829779498696
      }
    },
    {
      "number": 19,
      "value": 11.76709515486914,
      "params": {
        "spread_threshold": 0.07873214449878241,
        "n_bins": 5,
        "kelly_fraction": 0.39659895200400125,
        "max_position_pct": 0.0841591888277953,
        "fee": 0.019052969541120228
      }
    },
    {
      "number": 20,
      "value": 10.113028312907023,
      "params": {
        "spread_threshold": 0.021074480467966297,
        "n_bins": 12,
        "kelly_fraction": 0.3241669802947307,
        "max_position_pct": 0.18780396935320443,
        "fee": 0.005118502991327234
      }
    },
    {
      "number": 21,
      "value": 11.752634536187237,
      "params": {
        "spread_threshold": 0.07320205326355048,
        "n_bins": 5,