{
  "metrics": {
    "approachability": {
      "clip_eps": 1e-06,
      "curve": {
        "app_err": [
          0.30593672275543216,
          0.30736376404762267,
          0.22853604952494302,
          0.22950983703136443,
          0.2299551167488098,
          0.20398577213287353,
          0.2131233559335981,
          0.21528415650129318,
          0.22146029472351075,
          0.22235646224021913,
          0.21972224950790406,
          0.22063142875830333,
          0.23340426995204044,
          0.22489890950066702,
          0.22532716162999472,
          0.2233118249475956,
          0.21689942275776583,
          0.21785718162854512,
          0.214552903175354,
          0.2055906707048416,
          0.19580063876651582,
          0.18866951942443846,
          0.18046649684076724,
          0.17451346735159556,
          0.17507083072662352,
          0.17856185069450967,
          0.1818506420100177,
          0.18919478697436196,
          0.19341696920066045,
          0.19986475364367168,
          0.2032769275480701,
          0.2017075016349554,
          0.21088671214652785,
          0.2104058350535,
          0.21633700111934118,
          0.21773209287060633,
          0.2179640527029295,
          0.21320428396526137,
          0.21566123192126935,
          0.2159753283262253,
          0.21447401025444418
        ],
        "t": [
          25,
          50,
          75,
          100,
          125,
          150,
          175,
          200,
          225,
          250,
          275,
          300,
          325,
          350,
          375,
          400,
          425,
          450,
          475,
          500,
          525,
          550,
          575,
          600,
          625,
          650,
          675,
          700,
          725,
          750,
          775,
          800,
          825,
          850,
          875,
          900,
          925,
          950,
          975,
          1000,
          1007
        ]
      },
      "curve_every": 25,
      "curve_time_ts": [
        1755607189.2302961,
        1764489601.992749,
        1749230456.1648982,
        1757692801.088487,
        1758664802.233784,
        1766128211.475931,
        1732637173.121185,
        1724251359.9818292,
        1721059248.318618,
        1744013206.271193,
        1762876482.4426408,
        1746826759.137544,
        1732896480.239716,
        1733157619.963896,
        1744989926.194477,
        1750393469.3211122,
        1761753601.459714,
        1754501963.403122,
        1759961288.509166,
        1763269211.025377,
        1761248934.536551,
        1763226002.830776,
        1760377501.636529,
        1758837601.160341,
        1758816001.2131681,
        1762223105.6333618,
        1739387368.848027,
        1748032840.909587,
        1757716857.430743,
        1764781204.521163,
        1765645206.241966,
        1735924157.979765,
        1721339217.885109,
        1763571613.495424,
        1763830813.849674,
        1751846980.529997,
        1764091557.935233,
        1740286957.537361,
        1765457700.588395,
        1751156628.462006,
        1732575428.504298
      ],
      "eps": 0.0,
      "family": "group_bin_indicator",
      "final": {
        "app_err": 0.21447401025444418,
        "top_violations": [
          {
            "bin_hi": 1.0,
            "bin_idx": 19,
            "bin_lo": 0.9500000000000001,
            "coord": 19,
            "group": "crypto",
            "group_idx": 0,
            "mean_payoff": -0.21447401025444418,
            "violation": 0.21447401025444418
          },
          {
            "bin_hi": 1.0,
            "bin_idx": 19,
            "bin_lo": 0.9500000000000001,
            "coord": 39,
            "group": "politics",
            "group_idx": 1,
            "mean_payoff": -0.1490192454763297,
            "violation": 0.1490192454763297
          },
          {
            "bin_hi": 1.0,
            "bin_idx": 19,
            "bin_lo": 0.9500000000000001,
            "coord": 59,
            "group": "sports",
            "group_idx": 2,
            "mean_payoff": -0.0649801450074015,
            "violation": 0.0649801450074015
          },
          {
            "bin_hi": 0.9500000000000001,
            "bin_idx": 18,
            "bin_lo": 0.9,
            "coord": 18,
            "group": "crypto",
            "group_idx": 0,
            "mean_payoff": -0.06257596674126452,
            "violation": 0.06257596674126452
          },
          {
            "bin_hi": 0.9500000000000001,
            "bin_idx": 18,
            "bin_lo": 0.9,
            "coord": 38,
            "group": "politics",
            "group_idx": 1,
            "mean_payoff": -0.05266651289228649,
            "violation": 0.05266651289228649
          },
          {
            "bin_hi": 0.9500000000000001,
            "bin_idx": 18,
            "bin_lo": 0.9,
            "coord": 58,
            "group": "sports",
            "group_idx": 2,
            "mean_payoff": -0.029933767735425387,
            "violation": 0.029933767735425387
          },
          {
            "bin_hi": 0.9,
            "bin_idx": 17,
            "bin_lo": 0.8500000000000001,
            "coord": 17,
            "group": "crypto",
            "group_idx": 0,
            "mean_payoff": -0.023537104984499374,
            "violation": 0.023537104984499374
          },
          {
            "bin_hi": 0.9,
            "bin_idx": 17,
            "bin_lo": 0.8500000000000001,
            "coord": 57,
            "group": "sports",
            "group_idx": 2,
            "mean_payoff": -0.015416100280879152,
            "violation": 0.015416100280879152
          },
          {
            "bin_hi": 0.9,
            "bin_idx": 17,
            "bin_lo": 0.8500000000000001,
            "coord": 37,
            "group": "politics",
            "group_idx": 1,
            "mean_payoff": -0.012855162923598834,
            "violation": 0.012855162923598834
          },
          {
            "bin_hi": 0.8500000000000001,
            "bin_idx": 16,
            "bin_lo": 0.8,
            "coord": 16,
            "group": "crypto",
            "group_idx": 0,
            "mean_payoff": -0.009163495563821499,
            "violation": 0.009163495563821499
          }
        ]
      },
      "group_cols": [
        "topic"
      ],
      "n": 1007,
      "n_bins": 20,
      "n_groups": 3,
      "pred_col": "pred_prob",
      "time_col": "createdAt",
      "y_col": "y"
    },
    "brier": 0.648070073922687,
    "ece": 0.673116853170267,
    "groups": {
      "topic": {
        "avg_abs_bias": 0.6729053395477521,
        "n_groups": 3,
        "worst_abs_bias": 0.7219011462586267
      }
    },
    "logloss": 2.289987786380756,
    "n": 1007,
    "trading": {
      "B": 1.0,
      "mode": "sign",
      "pnl_per_event": -0.15791410152234372,
      "transaction_cost": 0.0
    }
  }
}
