{
  "metrics": {
    "brier": 0.366750830293749,
    "ece": 0.4106167626753449,
    "groups": {
      "ttc_q5": {
        "avg_abs_bias": 0.4106167626753449,
        "n_groups": 5,
        "worst_abs_bias": 0.4870073127284068
      },
      "volume_q5": {
        "avg_abs_bias": 0.4106167626753449,
        "n_groups": 5,
        "worst_abs_bias": 0.431414878275728
      }
    },
    "logloss": 0.949462626242002,
    "n": 4000,
    "trading": {
      "B": 1.0,
      "kelly": {
        "final_bankroll": 3.75578177839276e-238,
        "n": 4000,
        "roi": -1.0
      },
      "mode": "sign",
      "pnl_per_event": -0.15501750033414283,
      "transaction_cost": 0.0
    }
  },
  "train_meta": {
    "final_loss": 0.03691799575928598,
    "steps": 6000
  }
}
