{
  "metrics": {
    "brier": 0.8567701361274721,
    "ece_top": 0.22328402621150015,
    "logloss": 1.6298552685040517,
    "n_eval": 20000,
    "sce": 0.22351546074217263
  },
  "train_meta": {
    "final_loss": 0.2418933753669262,
    "steps": 5000
  }
}
