{
  "llm_meta": {
    "K": 5,
    "L": 4,
    "aggregate": "median",
    "max_new_tokens_used": 128,
    "n": 512,
    "parse_failures": 14
  },
  "metrics": {
    "approachability": {
      "clip_eps": 1e-06,
      "curve": {
        "app_err": [
          0.06000000238418579,
          0.034999999403953555,
          0.023333332935969033,
          0.017499999701976778,
          0.019200000017881393,
          0.02666666656732559,
          0.022857142771993365,
          0.019999999925494193,
          0.017777777711550393,
          0.015999999940395356,
          0.014545454491268504,
          0.013333333283662796,
          0.012307692261842581,
          0.011428571385996683,
          0.010666666626930237,
          0.009999999962747096,
          0.009411764670820798,
          0.008888888855775197,
          0.008421052600208081,
          0.00925000011920929,
          0.008809523923056466,
          0.00840909101746299,
          0.009130434627118317,
          0.008749999850988389,
          0.008399999856948852,
          0.008076922939373897,
          0.007777777645323012,
          0.007499999872275761,
          0.007241379187024873,
          0.00699999988079071,
          0.006774193433023268,
          0.006562499888241291,
          0.006363636255264283,
          0.006176470483050627,
          0.005999999897820609,
          0.005833333233992258,
          0.005675675579019495,
          0.005526315695361087,
          0.005384615292915931,
          0.005249999910593033,
          0.005121951132285886,
          0.005952380952380952,
          0.005813953488372093,
          0.005681818181818182,
          0.005555555555555556,
          0.0045652173135591586,
          0.004468085030291943,
          0.004374999925494194,
          0.004285714212729007,
          0.004199999928474426,
          0.0041176469887004175,
          0.004101562430150807
        ],
        "t": [
          10,
          20,
          30,
          40,
          50,
          60,
          70,
          80,
          90,
          100,
          110,
          120,
          130,
          140,
          150,
          160,
          170,
          180,
          190,
          200,
          210,
          220,
          230,
          240,
          250,
          260,
          270,
          280,
          290,
          300,
          310,
          320,
          330,
          340,
          350,
          360,
          370,
          380,
          390,
          400,
          410,
          420,
          430,
          440,
          450,
          460,
          470,
          480,
          490,
          500,
          510,
          512
        ]
      },
      "curve_every": 10,
      "curve_time_ts": [
        1761494402.1636631,
        1755786667.721317,
        1765818520.389775,
        1765786214.032286,
        1744297137.744982,
        1743785725.848381,
        1746452030.655029,
        1762794001.270776,
        1705518718.9550002,
        1737407801.1653152,
        1754908235.620882,
        1764257590.394356,
        1755425181.302361,
        1730222513.407464,
        1715277908.478744,
        1741787261.491043,
        1751407713.820672,
        1757354407.969131,
        1749734045.005978,
        1761572794.019048,
        1721241003.453942,
        1744142979.180035,
        1763744401.618592,
        1763740964.805242,
        1733775829.381151,
        1750369127.810498,
        1737410160.603235,
        1758693603.5605881,
        1719090696.494977,
        1732693988.891347,
        1744066566.3936791,
        1753807738.266647,
        1756128808.9727721,
        1761248929.707416,
        1761579904.8051589,
        1758038403.760753,
        1753102433.035558,
        1746661452.218008,
        1727720147.5087008,
        1759766353.561051,
        1763787610.455581,
        1760932812.160964,
        1730930874.109406,
        1740775355.674517,
        1753813464.605763,
        1761222200.198248,
        1757692802.633375,
        1763933884.2021928,
        1764871690.7842371,
        1710945913.197921,
        1726518909.100841,
        1754868138.073339
      ],
      "eps": 0.0,
      "family": "group_bin_indicator",
      "final": {
        "app_err": 0.004101562430150807,
        "top_violations": [
          {
            "bin_hi": 0.7000000000000001,
            "bin_idx": 13,
            "bin_lo": 0.65,
            "coord": 273,
            "group": "(25468.52, 80556.181]|(163838.173, 583443.869]",
            "group_idx": 13,
            "mean_payoff": -0.004101562430150807,
            "violation": 0.004101562430150807
          },
          {
            "bin_hi": 0.65,
            "bin_idx": 12,
            "bin_lo": 0.6000000000000001,
            "coord": 452,
            "group": "(80556.181, 17217303.425]|(856093.761, 2315698.079]",
            "group_idx": 22,
            "mean_payoff": -0.003906250232830644,
            "violation": 0.003906250232830644
          },
          {
            "bin_hi": 0.5,
            "bin_idx": 9,
            "bin_lo": 0.45,
            "coord": 309,
            "group": "(25468.52, 80556.181]|(583443.869, 856093.761]",
            "group_idx": 15,
            "mean_payoff": -0.00390625,
            "violation": 0.00390625
          },
          {
            "bin_hi": 0.5,
            "bin_idx": 9,
            "bin_lo": 0.45,
            "coord": 129,
            "group": "(2337.455, 8885.694]|(13625.198, 163838.173]",
            "group_idx": 6,
            "mean_payoff": -0.00390625,
            "violation": 0.00390625
          },
          {
            "bin_hi": 0.65,
            "bin_idx": 12,
            "bin_lo": 0.6000000000000001,
            "coord": 252,
            "group": "(25468.52, 80556.181]|(13625.198, 163838.173]",
            "group_idx": 12,
            "mean_payoff": -0.0036132812965661287,
            "violation": 0.0036132812965661287
          },
          {
            "bin_hi": 0.65,
            "bin_idx": 12,
            "bin_lo": 0.6000000000000001,
            "coord": 552,
            "group": "(8885.694, 25468.52]|(583443.869, 856093.761]",
            "group_idx": 27,
            "mean_payoff": -0.0036132812965661287,
            "violation": 0.0036132812965661287
          },
          {
            "bin_hi": 0.25,
            "bin_idx": 4,
            "bin_lo": 0.2,
            "coord": 484,
            "group": "(8885.694, 25468.52]|(13625.198, 163838.173]",
            "group_idx": 24,
            "mean_payoff": 0.003124999988358468,
            "violation": 0.003124999988358468
          },
          {
            "bin_hi": 0.15000000000000002,
            "bin_idx": 2,
            "bin_lo": 0.1,
            "coord": 442,
            "group": "(80556.181, 17217303.425]|(856093.761, 2315698.079]",
            "group_idx": 22,
            "mean_payoff": 0.003124999988358468,
            "violation": 0.003124999988358468
          },
          {
            "bin_hi": 0.15000000000000002,
            "bin_idx": 2,
            "bin_lo": 0.1,
            "coord": 482,
            "group": "(8885.694, 25468.52]|(13625.198, 163838.173]",
            "group_idx": 24,
            "mean_payoff": 0.003124999988358468,
            "violation": 0.003124999988358468
          },
          {
            "bin_hi": 0.65,
            "bin_idx": 12,
            "bin_lo": 0.6000000000000001,
            "coord": 132,
            "group": "(2337.455, 8885.694]|(13625.198, 163838.173]",
            "group_idx": 6,
            "mean_payoff": -0.002734375186264515,
            "violation": 0.002734375186264515
          }
        ]
      },
      "group_cols": [
        "volume_q5",
        "ttc_q5"
      ],
      "n": 512,
      "n_bins": 20,
      "n_groups": 30,
      "pred_col": "pred_prob",
      "time_col": "createdAt",
      "y_col": "y"
    },
    "brier": 0.18853990046041424,
    "ece": 0.06985742051983834,