{
  "llm_meta": null,
  "models": [
    {
      "arb_profit": 0.0,
      "brier": 0.09001599996846946,
      "ece": 0.0010459851172566195,
      "logloss": 0.32512691770782526,
      "n_eval": 200000,
      "name": "oracle",
      "sce": 0.0
    },
    {
      "arb_profit": 0.3999999910899997,
      "brier": 0.25,
      "ece": 0.0018699999999999828,
      "logloss": 0.6931471805599453,
      "n_eval": 200000,
      "name": "const_0.5",
      "sce": 0.15999999287200004
    },
    {
      "arb_profit": 0.18385596576422453,
      "brier": 0.12381166518442224,
      "ece": 0.18383597467422486,
      "logloss": 0.4264339199791775,
      "n_eval": 200000,
      "name": "diff_analytic_rho=0.95",
      "sce": 0.033803016147095924
    },
    {
      "arb_profit": 0.3999999910899997,
      "brier": 0.25,
      "ece": 0.0018699999999999828,
      "logloss": 0.6931471805599453,
      "n_eval": 200000,
      "name": "L_query_oracle(L=4)",
      "sce": 0.15999999287200004
    }
  ]
}
