{
  "llm_meta": {
    "K": 1,
    "L": 4,
    "aggregate": "mean",
    "max_new_tokens_used": 64,
    "n": 5120,
    "parse_failures": 0
  },
  "models": [
    {
      "arb_profit": 0.40053710024949396,
      "brier": 0.25797119074122754,
      "ece": 0.07309570152574449,
      "gcal_S": 0.699999988079071,
      "gcal_S_argmax_key": 18,
      "logloss": 0.711628904525524,
      "n_eval": 1024,
      "name": "AR-intrinsic",
      "sce": 0.17040282312198582
    },
    {
      "arb_profit": 0.1605052049853839,
      "brier": 0.12212350361712973,
      "ece": 0.14722396412980743,
      "gcal_S": 0.1605052351951599,
      "gcal_S_argmax_key": 1,
      "logloss": 0.4199793993615504,
      "n_eval": 1024,
      "name": "Diffusion-intrinsic",
      "sce": 0.025761920827400992
    },
    {
      "arb_profit": 0.2738771557342261,
      "brier": 0.18111176209748514,
      "ece": 0.15770832405542023,
      "gcal_S": 0.6291666030883789,
      "gcal_S_argmax_key": 136,
      "logloss": 0.5488661575641258,
      "n_eval": 1024,
      "name": "AR+post",
      "sce": 0.0862419801298906
    },
    {
      "arb_profit": 0.09575954020692734,
      "brier": 0.11219021057974063,
      "ece": 0.08556014640635112,
      "gcal_S": 0.3821428418159485,
      "gcal_S_argmax_key": 945,
      "logloss": 0.38884260550834193,
      "n_eval": 1024,
      "name": "Diffusion+post",
      "sce": 0.013272278643365148
    }
  ]
}
