{
  "llm_meta": null,
  "models": [
    {
      "arb_profit": 0.0,
      "brier": 0.09113600000083477,
      "ece": 0.0014199909490346762,
      "logloss": 0.3282030322959033,
      "n_eval": 50000,
      "name": "oracle",
      "sce": 0.0
    },
    {
      "arb_profit": 0.3999999909490347,
      "brier": 0.25,
      "ece": 0.0038399999999999546,
      "logloss": 0.6931471805599453,
      "n_eval": 50000,
      "name": "const_0.5",
      "sce": 0.15999999275922808
    },
    {
      "arb_profit": 0.13463182736337184,
      "brier": 0.10887937696088013,
      "ece": 0.1332118364143372,
      "logloss": 0.38731115775984254,
      "n_eval": 50000,
      "name": "diff_analytic_rho=0.95",
      "sce": 0.01812572893920098
    },
    {
      "arb_profit": 0.3999999909490347,
      "brier": 0.25,
      "ece": 0.0038399999999999546,
      "logloss": 0.6931471805599453,
      "n_eval": 50000,
      "name": "L_query_oracle(L=2)",
      "sce": 0.15999999275922808
    }
  ]
}
