{
  "metrics": {
    "brier": 0.3795452725154582,
    "ece": 0.4299942091628909,
    "groups": {
      "ttc_q5": {
        "avg_abs_bias": 0.4299942091628909,
        "n_groups": 5,
        "worst_abs_bias": 0.5036796312009886
      },
      "volume_q5": {
        "avg_abs_bias": 0.42999420916289094,
        "n_groups": 5,
        "worst_abs_bias": 0.45174063213285387
      }
    },
    "logloss": 0.9752719499325185,
    "n": 4000,
    "trading": {
      "B": 1.0,
      "kelly": {
        "final_bankroll": 2.934106803132128e-251,
        "n": 4000,
        "roi": -1.0
      },
      "mode": "sign",
      "pnl_per_event": -0.16065000022268214,
      "transaction_cost": 0.0
    }
  },
  "train_meta": {
    "final_loss": 0.06970957024022936,
    "steps": 6000
  }
}
