{
  "llm_meta": null,
  "metrics": {
    "brier": 0.08199397467510292,
    "ece": 0.08094405481539718,
    "groups": {
      "category": {
        "avg_abs_bias": 0.04267832167832168,
        "n_groups": 3,
        "worst_abs_bias": 0.04658203125
      },
      "ttc_q5": {
        "avg_abs_bias": 0.04085314685314686,
        "n_groups": 1,
        "worst_abs_bias": 0.04085314685314686
      },
      "volume_q5": {
        "avg_abs_bias": 0.04085314685314686,
        "n_groups": 5,
        "worst_abs_bias": 0.10508620689655174
      }
    },
    "logloss": 0.2590287078099697,
    "n": 143,
    "trading": {
      "B": 1.0,
      "mode": "sign",
      "pnl_per_event": 0.0,
      "transaction_cost": 0.0
    }
  }
}
