{
  "metrics": {
    "brier": 0.22072944970669545,
    "ece": 0.15835232218354942,
    "groups": {
      "ttc_q5": {
        "avg_abs_bias": 0.15766038162261248,
        "n_groups": 5,
        "worst_abs_bias": 0.23521857400038962
      },
      "volume_q5": {
        "avg_abs_bias": 0.15766038162261248,
        "n_groups": 5,
        "worst_abs_bias": 0.1786315555949718
      }
    },
    "logloss": 0.633376681319163,
    "n": 4000,
    "trading": {
      "B": 1.0,
      "kelly": {
        "final_bankroll": 2.2261303156945986e-26,
        "n": 4000,
        "roi": -1.0
      },
      "mode": "sign",
      "pnl_per_event": 0.09984850024366461,
      "transaction_cost": 0.0
    }
  },
  "train_meta": {
    "final_loss": 0.02066570575116202,
    "steps": 12000
  }
}
