{
  "llm_meta": null,
  "models": [
    {
      "arb_profit": 0.3999999912142754,
      "brier": 0.25,
      "ece": 0.0024000000000000132,
      "gcal_S": 0.4000000059604645,
      "gcal_S_argmax_key": 41,
      "logloss": 0.6931471805599454,
      "n_eval": 5000,
      "name": "AR-intrinsic",
      "sce": 0.1599999929714206
    },
    {
      "arb_profit": 0.22394932821989058,
      "brier": 0.14071666766683666,
      "ece": 0.2223493370056152,
      "gcal_S": 0.2239493429660797,
      "gcal_S_argmax_key": 41,
      "logloss": 0.4662324381203327,
      "n_eval": 5000,
      "name": "Diffusion-intrinsic",
      "sce": 0.05015330161014051
    },
    {
      "arb_profit": 0.3800195119321346,
      "brier": 0.23631487398094123,
      "ece": 0.06774042581915855,
      "gcal_S": 0.5249999761581421,
      "gcal_S_argmax_key": 26552,
      "logloss": 0.6654252207213266,
      "n_eval": 5000,
      "name": "AR+post",
      "sce": 0.14636548030813393
    },
    {
      "arb_profit": 0.05081583776921034,
      "brier": 0.10165004553813928,
      "ece": 0.05364719164818525,
      "gcal_S": 0.4178571403026581,
      "gcal_S_argmax_key": 26552,
      "logloss": 0.35869852639216754,
      "n_eval": 5000,
      "name": "Diffusion+post",
      "sce": 0.010090535930654327
    }
  ]
}
