{
  "bins": 20,
  "bw_group": "subcube_S",
  "curve_every": 1000,
  "eps": 0.0,
  "family": "group_bin_indicator",
  "rows": [
    {
      "curve": {
        "app_err": [
          0.0017000000178813935,
          0.0009000000059604645,
          0.0008000000119209289,
          0.000775000013411045,
          0.0005800000131130218,
          0.00048333334426085156,
          0.0004428571505205972,
          0.0004124999791383743,
          0.0003777777618832058,
          0.0003999999761581421,
          0.00035454543070359665,
          0.0003916666731238365,
          0.00033846154579749474,
          0.00032857140472957065,
          0.0002933333396911621,
          0.00026874997466802596,
          0.00030588232769685635,
          0.0002777777512868245,
          0.0002631578696401496,
          0.0002250000074505806,
          0.00025714286452247983,
          0.00027727273512970316,
          0.00026521739881971607,
          0.0002458333025376002,
          0.00023200000762939454,
          0.00022307693041287937,
          0.00021111111839612325,
          0.00020357140047209604,
          0.0002034482585972753,
          0.0002099999705950419,
          0.00020322577799520184,
          0.00020937498286366463,
          0.00019999998266046696,
          0.00019411763022927678,
          0.00020857143487249102,
          0.00019722222867939206,
          0.00020270270834097992,
          0.000194736847752019,
          0.00018974359524555695,
          0.00018250000551342963,
          0.00017804878586676062,
          0.00017142857682137262,
          0.00016744186573250348,
          0.00018181818723678588,
          0.00017555556098620097,
          0.0001717391357473705,
          0.00016595745213488316,
          0.0001750000057121118,
          0.00018775510787963866,
          0.0001820000058412552
        ],
        "t": [
          1000,
          2000,
          3000,
          4000,
          5000,
          6000,
          7000,
          8000,
          9000,
          10000,
          11000,
          12000,
          13000,
          14000,
          15000,
          16000,
          17000,
          18000,
          19000,
          20000,
          21000,
          22000,
          23000,
          24000,
          25000,
          26000,
          27000,
          28000,
          29000,
          30000,
          31000,
          32000,
          33000,
          34000,
          35000,
          36000,
          37000,
          38000,
          39000,
          40000,
          41000,
          42000,
          43000,
          44000,
          45000,
          46000,
          47000,
          48000,
          49000,
          50000
        ]
      },
      "eps": 0.0,
      "final_app_err": 0.0001820000058412552,
      "group": "subcube_S",
      "n_bins": 20,
      "n_groups": 1024,
      "name": "oracle",
      "top_violations": [
        {
          "bin_hi": 0.1,
          "bin_idx": 1,
          "bin_lo": 0.05,
          "coord": 2341,
          "group": "182",
          "group_idx": 117,
          "mean_payoff": 0.0001820000058412552,
          "violation": 0.0001820000058412552
        },
        {
          "bin_hi": 0.1,
          "bin_idx": 1,
          "bin_lo": 0.05,
          "coord": 14381,
          "group": "724",
          "group_idx": 719,
          "mean_payoff": 0.00015200000524520874,
          "violation": 0.00015200000524520874
        },
        {
          "bin_hi": 0.9,
          "bin_idx": 17,
          "bin_lo": 0.8500000000000001,
          "coord": 11757,
          "group": "605",
          "group_idx": 587,
          "mean_payoff": -0.00013599998474121095,
          "violation": 0.00013599998474121095
        },
        {
          "bin_hi": 0.9,
          "bin_idx": 17,
          "bin_lo": 0.8500000000000001,
          "coord": 1877,
          "group": "160",
          "group_idx": 93,
          "mean_payoff": -0.0001339999747276306,
          "violation": 0.0001339999747276306
        },
        {
          "bin_hi": 0.9,
          "bin_idx": 17,
          "bin_lo": 0.8500000000000001,
          "coord": 8237,
          "group": "447",
          "group_idx": 411,
          "mean_payoff": -0.00013199997425079345,
          "violation": 0.00013199997425079345
        }
      ]
    },
    {
      "curve": {
        "app_err": [
          0.0025,
          0.0015,
          0.0013333333333333333,
          0.001375,
          0.0012,
          0.00125,
          0.0010714285714285715,
          0.0010625,
          0.001,
          0.00095,
          0.0009090909090909091,
          0.000875,
          0.0008461538461538462,
          0.0008928571428571428,
          0.0009333333333333333,
          0.00090625,
          0.0008823529411764706,
          0.0008611111111111111,
          0.0007894736842105263,
          0.000825,
          0.0008333333333333334,
          0.0008181818181818182,
          0.0008043478260869565,
          0.0007708333333333333,
          0.00076,
          0.0007692307692307692,
          0.0007407407407407407,
          0.00075,
          0.0007586206896551724,
          0.0007333333333333333,
          0.0007258064516129033,
          0.000703125,
          0.0006818181818181819,
          0.0006764705882352941,
          0.0006714285714285714,
          0.0006527777777777777,
          0.0006486486486486486,
          0.0006578947368421052,
          0.0006794871794871795,
          0.0006875,
          0.0006951219512195122,
          0.0006904761904761905,
          0.000686046511627907,
          0.0006818181818181819,
          0.0006666666666666666,
          0.0006630434782608696,
          0.0006595744680851064,
          0.0006666666666666666,
          0.000673469387755102,
          0.00067
        ],
        "t": [
          1000,
          2000,
          3000,
          4000,
          5000,
          6000,
          7000,
          8000,
          9000,
          10000,
          11000,
          12000,
          13000,
          14000,
          15000,
          16000,
          17000,
          18000,
          19000,
          20000,
          21000,
          22000,
          23000,
          24000,
          25000,
          26000,
          27000,
          28000,
          29000,
          30000,
          31000,
          32000,
          33000,
          34000,
          35000,
          36000,
          37000,
          38000,
          39000,
          40000,
          41000,
          42000,
          43000,
          44000,
          45000,
          46000,
          47000,
          48000,
          49000,
          50000
        ]
      },
      "eps": 0.0,
      "final_app_err": 0.00067,
      "group": "subcube_S",
      "n_bins": 20,
      "n_groups": 1024,
      "name": "const_0.5",
      "top_violations": [
        {
          "bin_hi": 0.5,
          "bin_idx": 9,
          "bin_lo": 0.45,
          "coord": 7269,
          "group": "403",
          "group_idx": 363,
          "mean_payoff": -0.00067,
          "violation": 0.00067
        },
        {
          "bin_hi": 0.5,
          "bin_idx": 9,
          "bin_lo": 0.45,
          "coord": 15889,
          "group": "792",
          "group_idx": 794,
          "mean_payoff": 0.00063,
          "violation": 0.00063
        },
        {
          "bin_hi": 0.5,
          "bin_idx": 9,
          "bin_lo": 0.45,
          "coord": 6849,
          "group": "385",
          "group_idx": 342,
          "mean_payoff": -0.00062,
          "violation": 0.00062
        },
        {
          "bin_hi": 0.5,
          "bin_idx": 9,
          "bin_lo": 0.45,
          "coord": 18789,
          "group": "922",
          "group_idx": 939,
          "mean_payoff": 0.00062,
          "violation": 0.00062
        },
        {
          "bin_hi": 0.5,
          "bin_idx": 9,
          "bin_lo": 0.45,
          "coord": 18629,
          "group": "915",
          "group_idx": 931,