{
  "llm_meta": null,
  "models": [
    {
      "arb_profit": 0.3999999912142754,
      "brier": 0.25,
      "ece": 0.0024000000000000132,
      "gcal_S": 0.4000000059604645,
      "gcal_S_argmax_key": 41,
      "logloss": 0.6931471805599454,
      "n_eval": 5000,
      "name": "AR-intrinsic",
      "sce": 0.1599999929714206
    },
    {
      "arb_profit": 0.1542985439300537,
      "brier": 0.11459428805344973,
      "ece": 0.15269855271577834,
      "gcal_S": 0.1542985439300537,
      "gcal_S_argmax_key": 9,
      "logloss": 0.40273290328856437,
      "n_eval": 5000,
      "name": "Diffusion-intrinsic",
      "sce": 0.023808040658934715
    },
    {
      "arb_profit": 0.3800195119321346,
      "brier": 0.23631487398094123,
      "ece": 0.06774042581915855,
      "gcal_S": 0.5249999761581421,
      "gcal_S_argmax_key": 26552,
      "logloss": 0.6654252207213266,
      "n_eval": 5000,
      "name": "AR+post",
      "sce": 0.14636548030813393
    },
    {
      "arb_profit": 0.03960660640597343,
      "brier": 0.09789512460336727,
      "ece": 0.042637144607305534,
      "gcal_S": 0.3821428716182709,
      "gcal_S_argmax_key": 26552,
      "logloss": 0.34908257800693926,
      "n_eval": 5000,
      "name": "Diffusion+post",
      "sce": 0.006406544686522051
    }
  ]
}
