{
  "models": [
    {
      "arb_profit": 0.39883507844731214,
      "brier": 0.39031595226861193,
      "ece": 0.37187828683182594,
      "logloss": 1.1182848555363654,
      "n_eval": 20000,
      "name": "learned_logit_diff(T=64,sample_steps=32)",
      "sce": 0.29946161567001817
    }
  ],
  "train_meta": {
    "final_loss": 0.17990816339850427,
    "steps": 5000
  }
}
