{
  "llm_meta": {
    "K": 5,
    "L": 4,
    "aggregate": "median",
    "max_new_tokens_used": 128,
    "n": 512,
    "parse_failures": 31
  },
  "metrics": {
    "approachability": {
      "clip_eps": 1e-06,
      "curve": {
        "app_err": [
          0.05,
          0.04000000059604645,
          0.05,
          0.0375,
          0.03,
          0.025,
          0.03571428571428571,
          0.0375,
          0.027777777777777776,
          0.025,
          0.022727272727272728,
          0.020833333333333332,
          0.023076923076923078,
          0.02142857142857143,
          0.02,
          0.021875,
          0.023529411764705882,
          0.025,
          0.02368421052631579,
          0.0225,
          0.02142857142857143,
          0.025,
          0.02608695652173913,
          0.027083333333333334,
          0.024,
          0.025,
          0.02962962962962963,
          0.033928571428571426,
          0.032758620689655175,
          0.02666666666666667,
          0.027419354838709678,
          0.0234375,
          0.024242424242424242,
          0.026470588235294117,
          0.03142857142857143,
          0.03611111111111111,
          0.03648648648648649,
          0.038157894736842106,
          0.03974358974358974,
          0.03875,
          0.03780487804878049,
          0.039285714285714285,
          0.04302325581395349,
          0.04431818181818182,
          0.043333333333333335,
          0.042391304347826085,
          0.04148936170212766,
          0.040625,
          0.04183673469387755,
          0.041,
          0.04019607843137255,
          0.0400390625
        ],
        "t": [
          10,
          20,
          30,
          40,
          50,
          60,
          70,
          80,
          90,
          100,
          110,
          120,
          130,
          140,
          150,
          160,
          170,
          180,
          190,
          200,
          210,
          220,
          230,
          240,
          250,
          260,
          270,
          280,
          290,
          300,
          310,
          320,
          330,
          340,
          350,
          360,
          370,
          380,
          390,
          400,
          410,
          420,
          430,
          440,
          450,
          460,
          470,
          480,
          490,
          500,
          510,
          512
        ]
      },
      "curve_every": 10,
      "curve_time_ts": [
        1761494402.1636631,
        1755786667.721317,
        1765818520.389775,
        1765786214.032286,
        1744297137.744982,
        1743785725.848381,
        1746452030.655029,
        1762794001.270776,
        1705518718.9550002,
        1737407801.1653152,
        1754908235.620882,
        1764257590.394356,
        1755425181.302361,
        1730222513.407464,
        1715277908.478744,
        1741787261.491043,
        1751407713.820672,
        1757354407.969131,
        1749734045.005978,
        1761572794.019048,
        1721241003.453942,
        1744142979.180035,
        1763744401.618592,
        1763740964.805242,
        1733775829.381151,
        1750369127.810498,
        1737410160.603235,
        1758693603.5605881,
        1719090696.494977,
        1732693988.891347,
        1744066566.3936791,
        1753807738.266647,
        1756128808.9727721,
        1761248929.707416,
        1761579904.8051589,
        1758038403.760753,
        1753102433.035558,
        1746661452.218008,
        1727720147.5087008,
        1759766353.561051,
        1763787610.455581,
        1760932812.160964,
        1730930874.109406,
        1740775355.674517,
        1753813464.605763,
        1761222200.198248,
        1757692802.633375,
        1763933884.2021928,
        1764871690.7842371,
        1710945913.197921,
        1726518909.100841,
        1754868138.073339
      ],
      "eps": 0.0,
      "family": "group_bin_indicator",
      "final": {
        "app_err": 0.0400390625,
        "top_violations": [
          {
            "bin_hi": 0.5,
            "bin_idx": 9,
            "bin_lo": 0.45,
            "coord": 9,
            "group": "crypto",
            "group_idx": 0,
            "mean_payoff": -0.0400390625,
            "violation": 0.0400390625
          },
          {
            "bin_hi": 0.45,
            "bin_idx": 8,
            "bin_lo": 0.4,
            "coord": 8,
            "group": "crypto",
            "group_idx": 0,
            "mean_payoff": -0.011269531270954758,
            "violation": 0.011269531270954758
          },
          {
            "bin_hi": 0.25,
            "bin_idx": 4,
            "bin_lo": 0.2,
            "coord": 4,
            "group": "crypto",
            "group_idx": 0,
            "mean_payoff": -0.007812500058207661,
            "violation": 0.007812500058207661
          },
          {
            "bin_hi": 0.5,
            "bin_idx": 9,
            "bin_lo": 0.45,
            "coord": 29,
            "group": "politics",
            "group_idx": 1,
            "mean_payoff": -0.0078125,
            "violation": 0.0078125
          },
          {
            "bin_hi": 0.75,
            "bin_idx": 14,
            "bin_lo": 0.7000000000000001,
            "coord": 14,
            "group": "crypto",
            "group_idx": 0,
            "mean_payoff": -0.0068359375,
            "violation": 0.0068359375
          },
          {
            "bin_hi": 0.1,
            "bin_idx": 1,
            "bin_lo": 0.05,
            "coord": 21,
            "group": "politics",
            "group_idx": 1,
            "mean_payoff": 0.006640624982537702,
            "violation": 0.006640624982537702
          },
          {
            "bin_hi": 0.05,
            "bin_idx": 0,
            "bin_lo": 0.0,
            "coord": 20,
            "group": "politics",
            "group_idx": 1,
            "mean_payoff": 0.005777128907815628,
            "violation": 0.005777128907815628
          },
          {
            "bin_hi": 0.65,
            "bin_idx": 12,
            "bin_lo": 0.6000000000000001,
            "coord": 12,
            "group": "crypto",
            "group_idx": 0,
            "mean_payoff": -0.004296875325962901,
            "violation": 0.004296875325962901
          },
          {
            "bin_hi": 0.35000000000000003,
            "bin_idx": 6,
            "bin_lo": 0.30000000000000004,
            "coord": 26,
            "group": "politics",
            "group_idx": 1,
            "mean_payoff": -0.004199219110887498,
            "violation": 0.004199219110887498
          },
          {
            "bin_hi": 0.15000000000000002,
            "bin_idx": 2,
            "bin_lo": 0.1,
            "coord": 42,
            "group": "sports",
            "group_idx": 2,
            "mean_payoff": -0.0033203125494765118,
            "violation": 0.0033203125494765118
          }
        ]
      },
      "group_cols": [
        "topic"
      ],
      "n": 512,
      "n_bins": 20,
      "n_groups": 3,
      "pred_col": "pred_prob",
      "time_col": "createdAt",
      "y_col": "y"
    },
    "brier": 0.20096797518270398,
    "ece": 0.11120488449195419,
    "groups": {
      "topic": {
        "avg_abs_bias": 0.08406035236465925,
        "n_groups": 3,
        "worst_abs_bias": 0.14700819857296396
      }
    },
    "logloss": 0.6372446601074678,
    "n": 512,
    "trading": {
      "B": 1.0,
      "mode": "sign",
      "pnl_per_event": 0.09297363278710691,
      "transaction_cost": 0.0
    }
  }
}
