{
  "models": [
    {
      "arb_profit": 0.40230012115202846,
      "brier": 0.38686550406106895,
      "ece": 0.36612131102420387,
      "logloss": 1.0981839532409394,
      "n_eval": 20000,
      "name": "learned_logit_diff(T=64,sample_steps=32)",
      "sce": 0.29735430273523794
    }
  ],
  "train_meta": {
    "final_loss": 0.05970553820021451,
    "steps": 5000
  }
}
