{
  "metrics": {
    "brier": 0.24042045136892157,
    "ece": 0.3297410643980151,
    "logloss": 0.6737585855913897,
    "n": 122,
    "trading": {
      "B": 1.0,
      "kelly": {
        "final_bankroll": 4.367451224665803e-09,
        "n": 122,
        "roi": -0.9999999956325488
      },
      "mode": "sign",
      "pnl_per_event": -0.036122949675611055,
      "transaction_cost": 0.0
    }
  },
  "train_meta": {
    "final_loss": 0.3308084223559126,
    "steps": 2000
  }
}
