{
  "impact_model": {
    "name": "low_liquidity_average",
    "regime": "average",
    "base_fill_prob": 0.65,
    "fill_size_decay": 0.15,
    "fill_spread_sensitivity": 2.0,
    "permanent_impact": 0.002,
    "temporary_impact": 0.012,
    "impact_power": 0.55,
    "adverse_selection": 0.1,
    "adverse_selection_decay": 0.5,
    "mev_extraction_rate": 0.0,
    "reorder_probability": 0.0,
    "block_delay_cost": 0.0,
    "base_liquidity": 3000.0,
    "liquidity_price_factor": 2.0,
    "exit_spread": 0.02,
    "exit_impact_mult": 1.5,
    "stress_multiplier": 1.0
  },
  "best_params": {
    "spread_threshold": 0.13554287453673347,
    "n_bins": 22,
    "kelly_fraction": 0.409567409755979,
    "max_position_pct": 0.20724825314855852,
    "fee": 0.025141865076241235
  },
  "optimization_sharpe": 1348457212417.0325,
  "final_evaluation": {
    "mean_sharpe": 8.853974660106555,
    "std_sharpe": 2.4193975883147782,
    "min_sharpe": 4.7392728018549874,
    "p5_sharpe": 5.4763215383964985,
    "p25_sharpe": 7.270322938417781,
    "median_sharpe": 8.683985181655487,
    "mean_return": 898.1350887336099,
    "mean_fill_rate": 0.006103723404255319,
    "mean_drawdown": 0.01332093889591541,
    "mean_impact_cost": 0.40735888801160797,
    "mean_mev_cost": 0.0,
    "mean_as_cost": 0.475061837617757,
    "n_simulations": 50,
    "impact_model": "low_liquidity_average",
    "regime": "average"
  },
  "all_trials": [
    {
      "number": 0,
      "value": 9.964811254020228,
      "params": {
        "spread_threshold": 0.062435616638630745,
        "n_bins": 24,
        "kelly_fraction": 0.3793972738151323,
        "max_position_pct": 0.15769145136531842,
        "fee": 0.008900466011060912
      }
    },
    {
      "number": 1,
      "value": 978462061333.0631,
      "params": {
        "spread_threshold": 0.03183923284706837,
        "n_bins": 6,
        "kelly_fraction": 0.4397792655987208,
        "max_position_pct": 0.15825645270093802,
        "fee": 0.022701814444901137
      }
    },
    {
      "number": 2,
      "value": 11.803943841297647,
      "params": {
        "spread_threshold": 0.012881829201412343,
        "n_bins": 25,
        "kelly_fraction": 0.4245991883601898,
        "max_position_pct": 0.06883799545600351,
        "fee": 0.009545624180177514
      }
    },
    {
      "number": 3,
      "value": 254.73232643851807,
      "params": {
        "spread_threshold": 0.03567663137948073,
        "n_bins": 11,
        "kelly_fraction": 0.28614039423450705,
        "max_position_pct": 0.11934735428768663,
        "fee": 0.012280728504951047
      }
    },
    {
      "number": 4,
      "value": 287494005501.99316,
      "params": {
        "spread_threshold": 0.09565940526113312,
        "n_bins": 7,
        "kelly_fraction": 0.1814650918408482,
        "max_position_pct": 0.1042632239575491,
        "fee": 0.016401749605425897
      }
    },
    {
      "number": 5,
      "value": 10.224867814891812,
      "params": {
        "spread_threshold": 0.11992463459502188,
        "n_bins": 9,
        "kelly_fraction": 0.28140549728612524,
        "max_position_pct": 0.15625535083826977,
        "fee": 0.006161260317999943
      }
    },
    {
      "number": 6,
      "value": 10.30492662552133,
      "params": {
        "spread_threshold": 0.09505627926620136,
        "n_bins": 8,
        "kelly_fraction": 0.0792732168433758,
        "max_position_pct": 0.23824367356826665,
        "fee": 0.02914080082686398
      }
    },
    {
      "number": 7,
      "value": 19.471082195220134,
      "params": {
        "spread_threshold": 0.12317562873630454,
        "n_bins": 11,
        "kelly_fraction": 0.09395245130287275,
        "max_position_pct": 0.17737359609779607,
        "fee": 0.01600381234349003
      }
    },
    {
      "number": 8,
      "value": 8.098137440573165,
      "params": {
        "spread_threshold": 0.027085352878269034,
        "n_bins": 15,
        "kelly_fraction": 0.06547483450184828,
        "max_position_pct": 0.2291436924781199,
        "fee": 0.011469499540000422
      }
    },
    {
      "number": 9,
      "value": 190675584408.87622,
      "params": {
        "spread_threshold": 0.10275311980955747,
        "n_bins": 11,
        "kelly_fraction": 0.28403060953001485,
        "max_position_pct": 0.14574336424895432,
        "fee": 0.009621361388138176
      }
    },
    {
      "number": 10,
      "value": 24.06488140830858,
      "params": {
        "spread_threshold": 0.060014184851109945,
        "n_bins": 17,
        "kelly_fraction": 0.4862916998545396,
        "max_position_pct": 0.02413123139140852,
        "fee": 0.02584079164149875
      }
    },
    {
      "number": 11,
      "value": 16.15978152975984,
      "params": {
        "spread_threshold": 0.07133132984465616,
        "n_bins": 5,
        "kelly_fraction": 0.17007152075188547,
        "max_position_pct": 0.09700289053134434,
        "fee": 0.021327271030623558
      }
    },
    {
      "number": 12,
      "value": 17.147040472533984,
      "params": {
        "spread_threshold": 0.1467641709232364,
        "n_bins": 5,
        "kelly_fraction": 0.1905551927665381,
        "max_position_pct": 0.18945326785661504,
        "fee": 0.020217184567544705
      }
    },
    {
      "number": 13,
      "value": 10.118299786406258,
      "params": {
        "spread_threshold": 0.043609321639411495,
        "n_bins": 15,
        "kelly_fraction": 0.19885098728735684,
        "max_position_pct": 0.08140794677743496,
        "fee": 0.016170600407416587
      }
    },
    {
      "number": 14,
      "value": 11.777895047871498,
      "params": {
        "spread_threshold": 0.08793736264450167,
        "n_bins": 19,
        "kelly_fraction": 0.369038436267091,
        "max_position_pct": 0.11274460476197082,
        "fee": 0.023429971639325725
      }
    },
    {
      "number": 15,
      "value": 937173682524.1959,
      "params": {
        "spread_threshold": 0.1154514151637061,
        "n_bins": 7,
        "kelly_fraction": 0.4982074392863459,
        "max_position_pct": 0.05424702827492541,
        "fee": 0.018674863187246836
      }
    },
    {
      "number": 16,
      "value": 1157004455676.2239,
      "params": {
        "spread_threshold": 0.14991074140981717,
        "n_bins": 21,
        "kelly_fraction": 0.48033509091742776,
        "max_position_pct": 0.19114413003193123,
        "fee": 0.019315493531988904
      }
    },
    {
      "number": 17,
      "value": 1286332686189.7278,
      "params": {
        "spread_threshold": 0.14972341178358256,
        "n_bins": 22,
        "kelly_fraction": 0.4397057724835545,
        "max_position_pct": 0.2058551879228478,
        "fee": 0.025435948644698895
      }
    },
    {
      "number": 18,
      "value": 872410819885.9332,
      "params": {
        "spread_threshold": 0.1498616478083251,
        "n_bins": 22,
        "kelly_fraction": 0.35428826723502044,
        "max_position_pct": 0.20169210836220658,
        "fee": 0.027487383647096277
      }
    },
    {
      "number": 19,
      "value": 1106072986905.8022,
      "params": {
        "spread_threshold": 0.13210234674717988,
        "n_bins": 21,
        "kelly_fraction": 0.41107465909234175,
        "max_position_pct": 0.21123348952901827,
        "fee": 0.025076484579577757
      }
    },
    {
      "number": 20,
      "value": 11.561427136648996,
      "params": {
        "spread_threshold": 0.13598425063647232,
        "n_bins": 19,
        "kelly_fraction": 0.4576641561176396,
        "max_position_pct": 0.21823397483484877,
        "fee": 0.018967707827631124
      }
    },
    {
      "number": 21,
      "value": 1348457212417.0325,
      "params": {
        "spread_threshold": 0.13554287453673347,
        "n_bins": 22,
        "kelly_fraction": 0.409567409755979,
        "max_position_pct": 0.20724825314855852,
        "fee": 0.025141865076241235
      }
    },
    {
      "number": 22,
      "value": 898453966678.9415,