{
  "llm_meta": null,
  "models": [
    {
      "arb_profit": 0.0,
      "brier": 0.09113599996578724,
      "ece": 0.0014199910169840082,
      "logloss": 0.32820303210119484,
      "n_eval": 50000,
      "name": "oracle",
      "sce": 0.0
    },
    {
      "arb_profit": 0.39999999101698397,
      "brier": 0.25,
      "ece": 0.0008399999999999519,
      "logloss": 0.6931471805599453,
      "n_eval": 50000,
      "name": "const_0.5",
      "sce": 0.1599999928135875
    },
    {
      "arb_profit": 0.10596324499189853,
      "brier": 0.10206327555166349,
      "ece": 0.10454325397491453,
      "logloss": 0.367484929137497,
      "n_eval": 50000,
      "name": "diff_analytic_rho=0.95",
      "sce": 0.011228209289213335
    },
    {
      "arb_profit": 0.39999999101698397,
      "brier": 0.25,
      "ece": 0.0008399999999999519,
      "logloss": 0.6931471805599453,
      "n_eval": 50000,
      "name": "L_query_oracle(L=2)",
      "sce": 0.1599999928135875
    }
  ]
}
