{
  "llm_meta": null,
  "models": [
    {
      "arb_profit": 0.3999999911785126,
      "brier": 0.25,
      "ece": 0.00039999999999995595,
      "gcal_S": 0.4000000059604645,
      "gcal_S_argmax_key": 372,
      "logloss": 0.6931471805599454,
      "n_eval": 5000,
      "name": "AR-intrinsic",
      "sce": 0.15999999294281037
    },
    {
      "arb_profit": 0.35136933636665346,
      "brier": 0.21361603483334082,
      "ece": 0.34976934518814085,
      "gcal_S": 0.35136935114860535,
      "gcal_S_argmax_key": 372,
      "logloss": 0.6201559973533809,
      "n_eval": 5000,
      "name": "Diffusion-intrinsic",
      "sce": 0.12346041053874267
    },
    {
      "arb_profit": 0.3987774362921715,
      "brier": 0.24927760354706346,
      "ece": 0.004575190150737797,
      "gcal_S": 0.4625000059604645,
      "gcal_S_argmax_key": 25122,
      "logloss": 0.691688174304651,
      "n_eval": 5000,
      "name": "AR+post",
      "sce": 0.15913723126759033
    },
    {
      "arb_profit": 0.005185875090956688,
      "brier": 0.09209104000566412,
      "ece": 0.0072258898228407045,
      "gcal_S": 0.4625000059604645,
      "gcal_S_argmax_key": 25122,
      "logloss": 0.33035543739300244,
      "n_eval": 5000,
      "name": "Diffusion+post",
      "sce": 0.0014587979597490116
    }
  ]
}
