{
  "metrics": {
    "brier": 0.2595455315581628,
    "ece": 0.24925550925359133,
    "groups": {
      "ttc_q5": {
        "avg_abs_bias": 0.24925550925359133,
        "n_groups": 5,
        "worst_abs_bias": 0.328797773477879
      },
      "volume_q5": {
        "avg_abs_bias": 0.2492555092535913,
        "n_groups": 5,
        "worst_abs_bias": 0.27189941560068437
      }
    },
    "logloss": 0.7130868182596987,
    "n": 4000,
    "trading": {
      "B": 1.0,
      "kelly": {
        "final_bankroll": 8.685319266598114e-108,
        "n": 4000,
        "roi": -1.0
      },
      "mode": "sign",
      "pnl_per_event": -0.01397750004446425,
      "transaction_cost": 0.0
    }
  },
  "train_meta": {
    "final_loss": 0.04078970515169203,
    "steps": 6000
  }
}
