{
  "metrics": {
    "brier": 0.2271706043451456,
    "ece": 0.15285501708090307,
    "logloss": 0.6467505951027865,
    "n": 1000,
    "trading": {
      "B": 1.0,
      "kelly": {
        "final_bankroll": 2.1240336478038762e-08,
        "n": 1000,
        "roi": -0.9999999787596635
      },
      "mode": "sign",
      "pnl_per_event": 0.08992450021510012,
      "transaction_cost": 0.0
    }
  },
  "train_meta": {
    "final_loss": 0.08318832748569548,
    "steps": 10000
  }
}
