{
  "llm_meta": null,
  "models": [
    {
      "arb_profit": 0.0,
      "brier": 0.09113599998116524,
      "ece": 0.0014199910295009666,
      "logloss": 0.3282030321866281,
      "n_eval": 50000,
      "name": "oracle",
      "sce": 0.0
    },
    {
      "arb_profit": 0.39999999102950096,
      "brier": 0.25,
      "ece": 0.0010200000000000209,
      "logloss": 0.6931471805599453,
      "n_eval": 50000,
      "name": "const_0.5",
      "sce": 0.15999999282360108
    },
    {
      "arb_profit": 0.023465394973754883,
      "brier": 0.0916199834417067,
      "ece": 0.022045403944253916,
      "logloss": 0.33056384505621333,
      "n_eval": 50000,
      "name": "diff_analytic_rho=0.985",
      "sce": 0.0005506247612743209
    },
    {
      "arb_profit": 0.39999999102950096,
      "brier": 0.25,
      "ece": 0.0010200000000000209,
      "logloss": 0.6931471805599453,
      "n_eval": 50000,
      "name": "L_query_oracle(L=2)",
      "sce": 0.15999999282360108
    }
  ]
}
