{
  "impact_model": {
    "name": "adversarial_mev",
    "regime": "adversarial",
    "base_fill_prob": 0.6,
    "fill_size_decay": 0.1,
    "fill_spread_sensitivity": 2.0,
    "permanent_impact": 0.002,
    "temporary_impact": 0.01,
    "impact_power": 0.5,
    "adverse_selection": 0.2,
    "adverse_selection_decay": 0.5,
    "mev_extraction_rate": 0.15,
    "reorder_probability": 0.3,
    "block_delay_cost": 0.005,
    "base_liquidity": 10000.0,
    "liquidity_price_factor": 2.0,
    "exit_spread": 0.02,
    "exit_impact_mult": 1.5,
    "stress_multiplier": 1.8
  },
  "best_params": {
    "spread_threshold": 0.06861445857701534,
    "n_bins": 6,
    "kelly_fraction": 0.46623024427281295,
    "max_position_pct": 0.1631537247575261,
    "fee": 0.01752952817444253
  },
  "optimization_sharpe": 774295302502.5568,
  "final_evaluation": {
    "mean_sharpe": 6.4831319707955855,
    "std_sharpe": 1.1594625300335148,
    "min_sharpe": 4.5225438979999275,
    "p5_sharpe": 4.841268730731781,
    "p25_sharpe": 5.74459678664634,
    "median_sharpe": 6.3804177975443155,
    "mean_return": 2721.65642753873,
    "mean_fill_rate": 0.00473807662236122,
    "mean_drawdown": 0.03630093034795933,
    "mean_impact_cost": 0.8402287622275295,
    "mean_mev_cost": 8.641383003754088,
    "mean_as_cost": 2.8551835561880883,
    "n_simulations": 50,
    "impact_model": "adversarial_mev",
    "regime": "adversarial"
  },
  "all_trials": [
    {
      "number": 0,
      "value": 9.045796757651507,
      "params": {
        "spread_threshold": 0.062435616638630745,
        "n_bins": 24,
        "kelly_fraction": 0.3793972738151323,
        "max_position_pct": 0.15769145136531842,
        "fee": 0.008900466011060912
      }
    },
    {
      "number": 1,
      "value": 21.135499220022172,
      "params": {
        "spread_threshold": 0.03183923284706837,
        "n_bins": 6,
        "kelly_fraction": 0.4397792655987208,
        "max_position_pct": 0.15825645270093802,
        "fee": 0.022701814444901137
      }
    },
    {
      "number": 2,
      "value": 10.69043652241609,
      "params": {
        "spread_threshold": 0.012881829201412343,
        "n_bins": 25,
        "kelly_fraction": 0.4245991883601898,
        "max_position_pct": 0.06883799545600351,
        "fee": 0.009545624180177514
      }
    },
    {
      "number": 3,
      "value": 18.35807339850047,
      "params": {
        "spread_threshold": 0.03567663137948073,
        "n_bins": 11,
        "kelly_fraction": 0.28614039423450705,
        "max_position_pct": 0.11934735428768663,
        "fee": 0.012280728504951047
      }
    },
    {
      "number": 4,
      "value": 16.403621281379362,
      "params": {
        "spread_threshold": 0.09565940526113312,
        "n_bins": 7,
        "kelly_fraction": 0.1814650918408482,
        "max_position_pct": 0.1042632239575491,
        "fee": 0.016401749605425897
      }
    },
    {
      "number": 5,
      "value": 8.265938591724893,
      "params": {
        "spread_threshold": 0.11992463459502188,
        "n_bins": 9,
        "kelly_fraction": 0.28140549728612524,
        "max_position_pct": 0.15625535083826977,
        "fee": 0.006161260317999943
      }
    },
    {
      "number": 6,
      "value": 12.37113961990765,
      "params": {
        "spread_threshold": 0.09505627926620136,
        "n_bins": 8,
        "kelly_fraction": 0.0792732168433758,
        "max_position_pct": 0.23824367356826665,
        "fee": 0.02914080082686398
      }
    },
    {
      "number": 7,
      "value": 13.871935049316638,
      "params": {
        "spread_threshold": 0.12317562873630454,
        "n_bins": 11,
        "kelly_fraction": 0.09395245130287275,
        "max_position_pct": 0.17737359609779607,
        "fee": 0.01600381234349003
      }
    },
    {
      "number": 8,
      "value": 8.978278933687324,
      "params": {
        "spread_threshold": 0.027085352878269034,
        "n_bins": 15,
        "kelly_fraction": 0.06547483450184828,
        "max_position_pct": 0.2291436924781199,
        "fee": 0.011469499540000422
      }
    },
    {
      "number": 9,
      "value": 20.581662962513892,
      "params": {
        "spread_threshold": 0.10275311980955747,
        "n_bins": 11,
        "kelly_fraction": 0.28403060953001485,
        "max_position_pct": 0.14574336424895432,
        "fee": 0.009621361388138176
      }
    },
    {
      "number": 10,
      "value": 15.667007995249408,
      "params": {
        "spread_threshold": 0.060014184851109945,
        "n_bins": 17,
        "kelly_fraction": 0.4862916998545396,
        "max_position_pct": 0.02413123139140852,
        "fee": 0.02584079164149875
      }
    },
    {
      "number": 11,
      "value": 16.920521900647614,
      "params": {
        "spread_threshold": 0.13707307133955246,
        "n_bins": 5,
        "kelly_fraction": 0.3479411238469569,
        "max_position_pct": 0.19199790880709705,
        "fee": 0.02291295044878686
      }
    },
    {
      "number": 12,
      "value": 10.659112779767112,
      "params": {
        "spread_threshold": 0.06502360387268755,
        "n_bins": 13,
        "kelly_fraction": 0.19610200978268771,
        "max_position_pct": 0.09293578973386565,
        "fee": 0.020514442387985034
      }
    },
    {
      "number": 13,
      "value": 11.01817576256915,
      "params": {
        "spread_threshold": 0.0858542982964324,
        "n_bins": 19,
        "kelly_fraction": 0.4973169398846621,
        "max_position_pct": 0.20144795216086162,
        "fee": 0.01993796014642945
      }
    },
    {
      "number": 14,
      "value": 18.293595225823,
      "params": {
        "spread_threshold": 0.0469260084035196,
        "n_bins": 5,
        "kelly_fraction": 0.41022516273875287,
        "max_position_pct": 0.14160033428311497,
        "fee": 0.025222783723257453
      }
    },
    {
      "number": 15,
      "value": 16.879898327295987,
      "params": {
        "spread_threshold": 0.11120246945571574,
        "n_bins": 11,
        "kelly_fraction": 0.20425967971984232,
        "max_position_pct": 0.06313250522967448,
        "fee": 0.014608134117922628
      }
    },
    {
      "number": 16,
      "value": 11.573720560777788,
      "params": {
        "spread_threshold": 0.14991074140981717,
        "n_bins": 20,
        "kelly_fraction": 0.3286255448318417,
        "max_position_pct": 0.13743469659817295,
        "fee": 0.02005250676665155
      }
    },
    {
      "number": 17,
      "value": 9.80992013209397,
      "params": {
        "spread_threshold": 0.07459667752816428,
        "n_bins": 13,
        "kelly_fraction": 0.4418419976701321,
        "max_position_pct": 0.21191117027873885,
        "fee": 0.005087594027702015
      }
    },
    {
      "number": 18,
      "value": 24.668658039890953,
      "params": {
        "spread_threshold": 0.10603887871698768,
        "n_bins": 7,
        "kelly_fraction": 0.23684297736348503,
        "max_position_pct": 0.17850583928651834,
        "fee": 0.013565153808796585
      }
    },
    {
      "number": 19,
      "value": 14.103393054830567,
      "params": {
        "spread_threshold": 0.04498236640435896,
        "n_bins": 6,
        "kelly_fraction": 0.15486359157657487,
        "max_position_pct": 0.17237893265122797,
        "fee": 0.013788041453330298
      }
    },
    {
      "number": 20,
      "value": 8.373792482766747,
      "params": {
        "spread_threshold": 0.0785440575891895,
        "n_bins": 9,
        "kelly_fraction": 0.13511585258143355,
        "max_position_pct": 0.2155375124330379,
        "fee": 0.02914712038994112
      }
    },
    {
      "number": 21,
      "value": 16.149145436875788,
      "params": {
        "spread_threshold": 0.10222512242063825,
        "n_bins": 8,
        "kelly_fraction": 0.23891860724290034,
        "max_position_pct": 0.17568480115317378,
        "fee": 0.009219710268249083
      }
    },
    {
      "number": 22,
      "value": 13.83258289048699,