{
  "llm_meta": null,
  "models": [
    {
      "arb_profit": 0.3999999910473824,
      "brier": 0.25,
      "ece": 0.0043999999999999595,
      "gcal_S": 0.4000000059604645,
      "gcal_S_argmax_key": 127,
      "logloss": 0.6931471805599454,
      "n_eval": 5000,
      "name": "AR-intrinsic",
      "sce": 0.1599999928379062
    },
    {
      "arb_profit": 0.03451003133058548,
      "brier": 0.09236051075144205,
      "ece": 0.03291004028320313,
      "gcal_S": 0.0345100462436676,
      "gcal_S_argmax_key": 127,
      "logloss": 0.3336038489564298,
      "n_eval": 5000,
      "name": "Diffusion-intrinsic",
      "sce": 0.0011909422624382135
    },
    {
      "arb_profit": 0.3947517231762409,
      "brier": 0.24665197081368911,
      "ece": 0.017614732509851443,
      "gcal_S": 0.5041666030883789,
      "gcal_S_argmax_key": 22410,
      "logloss": 0.6863762088763669,
      "n_eval": 5000,
      "name": "AR+post",
      "sce": 0.15637288002079622
    },
    {
      "arb_profit": 0.0018261552169919013,
      "brier": 0.09156510188590439,
      "ece": 0.008363381670415402,
      "gcal_S": 0.17083334922790527,
      "gcal_S_argmax_key": 8376,
      "logloss": 0.32947261092463564,
      "n_eval": 5000,
      "name": "Diffusion+post",
      "sce": 0.00016742287817025705
    }
  ]
}
