{
  "metrics": {
    "brier": 0.4266562125226071,
    "ece": 0.4799389233738183,
    "groups": {
      "ttc_q5": {
        "avg_abs_bias": 0.47956459511816507,
        "n_groups": 5,
        "worst_abs_bias": 0.5543533694908228
      },
      "volume_q5": {
        "avg_abs_bias": 0.479564595118165,
        "n_groups": 5,
        "worst_abs_bias": 0.5001274749559442
      }
    },
    "logloss": 1.0999352772241424,
    "n": 4000,
    "trading": {
      "B": 1.0,
      "kelly": {
        "final_bankroll": 3.3994590128626037e-256,
        "n": 4000,
        "roi": -1.0
      },
      "mode": "sign",
      "pnl_per_event": -0.16339500028705514,
      "transaction_cost": 0.0
    }
  },
  "train_meta": {
    "final_loss": 0.010726633889134973,
    "steps": 30000
  }
}
