{
  "metrics": {
    "approachability": {
      "clip_eps": 1e-06,
      "curve": {
        "app_err": [
          0.017921824157238007,
          0.008463176265358925,
          0.006891021430492401,
          0.007414364069700241,
          0.004800872951745987,
          0.0055512038618326185,
          0.00511946371623448,
          0.006362287141382694,
          0.006673020190662808,
          0.006319933846592903,
          0.007683601758696816,
          0.00782318826764822,
          0.007733457065545596,
          0.009643731617501804,
          0.009875357687473297,
          0.009556677294895052,
          0.010166686343796113,
          0.010036908553706276,
          0.009851806328484886,
          0.009182788766920566,
          0.008895939517588842,
          0.008561669012362307,
          0.008189422533563945,
          0.008046535063361159
        ],
        "t": [
          200,
          400,
          600,
          800,
          1000,
          1200,
          1400,
          1600,
          1800,
          2000,
          2200,
          2400,
          2600,
          2800,
          3000,
          3200,
          3400,
          3600,
          3800,
          4000,
          4200,
          4400,
          4600,
          4758
        ]
      },
      "curve_every": 200,
      "curve_time_ts": [
        1683057889.0,
        1691592550.0,
        1698732373.0,
        1704007464.0,
        1706684625.0,
        1708906653.0,
        1709794107.0,
        1711345805.0,
        1713161062.0,
        1714511346.0,
        1716063605.0,
        1717349232.0,
        1718430753.0,
        1719274523.0,
        1719749355.0,
        1720467741.0,
        1721288416.0,
        1722376838.0,
        1722839452.0,
        1723315813.0,
        1730475012.0,
        1730849711.0,
        1732174541.0,
        1739085597.0
      ],
      "eps": 0.0,
      "family": "group_bin_indicator",
      "final": {
        "app_err": 0.008046535063361159,
        "top_violations": [
          {
            "bin_hi": 0.35000000000000003,
            "bin_idx": 6,
            "bin_lo": 0.30000000000000004,
            "coord": 66,
            "group": "(5409.256, 15629.304]|nan",
            "group_idx": 3,
            "mean_payoff": -0.008046535063361159,
            "violation": 0.008046535063361159
          },
          {
            "bin_hi": 0.35000000000000003,
            "bin_idx": 6,
            "bin_lo": 0.30000000000000004,
            "coord": 86,
            "group": "(999.999, 5409.256]|nan",
            "group_idx": 4,
            "mean_payoff": -0.006389287401017345,
            "violation": 0.006389287401017345
          },
          {
            "bin_hi": 0.4,
            "bin_idx": 7,
            "bin_lo": 0.35000000000000003,
            "coord": 87,
            "group": "(999.999, 5409.256]|nan",
            "group_idx": 4,
            "mean_payoff": -0.005884093577343659,
            "violation": 0.005884093577343659
          },
          {
            "bin_hi": 0.4,
            "bin_idx": 7,
            "bin_lo": 0.35000000000000003,
            "coord": 67,
            "group": "(5409.256, 15629.304]|nan",
            "group_idx": 3,
            "mean_payoff": -0.0058396791662674785,
            "violation": 0.0058396791662674785
          },
          {
            "bin_hi": 0.4,
            "bin_idx": 7,
            "bin_lo": 0.35000000000000003,
            "coord": 7,
            "group": "(139356.56, 1531479284.504]|nan",
            "group_idx": 0,
            "mean_payoff": -0.0055580108468399276,
            "violation": 0.0055580108468399276
          },
          {
            "bin_hi": 0.4,
            "bin_idx": 7,
            "bin_lo": 0.35000000000000003,
            "coord": 27,
            "group": "(15629.304, 38940.746]|nan",
            "group_idx": 1,
            "mean_payoff": -0.005544863368794416,
            "violation": 0.005544863368794416
          },
          {
            "bin_hi": 0.35000000000000003,
            "bin_idx": 6,
            "bin_lo": 0.30000000000000004,
            "coord": 6,
            "group": "(139356.56, 1531479284.504]|nan",
            "group_idx": 0,
            "mean_payoff": -0.005269919719802276,
            "violation": 0.005269919719802276
          },
          {
            "bin_hi": 0.35000000000000003,
            "bin_idx": 6,
            "bin_lo": 0.30000000000000004,
            "coord": 46,
            "group": "(38940.746, 139356.56]|nan",
            "group_idx": 2,
            "mean_payoff": -0.004090477390267259,
            "violation": 0.004090477390267259
          },
          {
            "bin_hi": 0.4,
            "bin_idx": 7,
            "bin_lo": 0.35000000000000003,
            "coord": 47,
            "group": "(38940.746, 139356.56]|nan",
            "group_idx": 2,
            "mean_payoff": -0.002890596367472007,
            "violation": 0.002890596367472007
          },
          {
            "bin_hi": 0.45,
            "bin_idx": 8,
            "bin_lo": 0.4,
            "coord": 28,
            "group": "(15629.304, 38940.746]|nan",
            "group_idx": 1,
            "mean_payoff": -0.0027401181655854123,
            "violation": 0.0027401181655854123
          }
        ]
      },
      "group_cols": [
        "volume_q5",
        "ttc_q5"
      ],
      "n": 4758,
      "n_bins": 20,
      "n_groups": 5,
      "pred_col": "pred_prob",
      "time_col": "market_prob_target_ts",
      "y_col": "y"
    },
    "brier": 0.19269735687680076,
    "ece": 0.07702257292217546,
    "groups": {
      "ttc_q5": {
        "avg_abs_bias": 0.07213038833089214,
        "n_groups": 1,
        "worst_abs_bias": 0.07213038833089214
      },
      "volume_q5": {
        "avg_abs_bias": 0.07213038833089214,
        "n_groups": 5,
        "worst_abs_bias": 0.08942666815909175
      }
    },
    "logloss": 0.5743257322462026,
    "n": 4758,
    "trading": {
      "B": 1.0,
      "mode": "sign",
      "pnl_per_event": -0.0019864438403037247,
      "transaction_cost": 0.0
    }
  }
}
