{
  "metrics": {
    "brier": 0.24793799926747698,
    "ece": 0.22664496431872247,
    "groups": {
      "ttc_q5": {
        "avg_abs_bias": 0.22655357105657456,
        "n_groups": 5,
        "worst_abs_bias": 0.30404517550641513
      },
      "volume_q5": {
        "avg_abs_bias": 0.22655357105657456,
        "n_groups": 5,
        "worst_abs_bias": 0.24945275941273928
      }
    },
    "logloss": 0.6891231242424056,
    "n": 4000,
    "trading": {
      "B": 1.0,
      "kelly": {
        "final_bankroll": 1.3469951512848258e-84,
        "n": 4000,
        "roi": -1.0
      },
      "mode": "sign",
      "pnl_per_event": 0.011968500099421362,
      "transaction_cost": 0.0
    }
  },
  "train_meta": {
    "final_loss": 0.02235817355103791,
    "steps": 8000
  }
}
