{
  "llm_meta": {
    "K": 1,
    "L": 4,
    "aggregate": "mean",
    "max_new_tokens_used": 64,
    "n": 9216,
    "parse_failures": 92
  },
  "models": [
    {
      "arb_profit": 0.46294922192282684,
      "brier": 0.4671775325312821,
      "ece": 0.46224608571901626,
      "gcal_S": 0.8999999761581421,
      "gcal_S_argmax_key": 820,
      "logloss": 1.8313813215742731,
      "n_eval": 1024,
      "name": "AR-intrinsic",
      "sce": 0.37106816040984014
    },
    {
      "arb_profit": 0.1605052057420835,
      "brier": 0.10949389641293134,
      "ece": 0.17359115200815722,
      "gcal_S": 0.1605052351951599,
      "gcal_S_argmax_key": 1,
      "logloss": 0.39246934481477186,
      "n_eval": 1024,
      "name": "Diffusion-intrinsic",
      "sce": 0.02576192107030944
    },
    {
      "arb_profit": 0.2595340444431713,
      "brier": 0.20040203349842045,
      "ece": 0.18745345516526868,
      "gcal_S": 0.8791666626930237,
      "gcal_S_argmax_key": 596,
      "logloss": 0.5999242352570011,
      "n_eval": 1024,
      "name": "AR+post",
      "sce": 0.11110264229114665
    },
    {
      "arb_profit": 0.07370103320135968,
      "brier": 0.09103911862273126,
      "ece": 0.08904787699430017,
      "gcal_S": 0.3375000059604645,
      "gcal_S_argmax_key": 644,
      "logloss": 0.33477282301441513,
      "n_eval": 1024,
      "name": "Diffusion+post",
      "sce": 0.009179870160129935
    }
  ]
}
