{
  "llm_meta": null,
  "models": [
    {
      "arb_profit": 0.0,
      "brier": 0.0911359999960664,
      "ece": 0.0014199910265207268,
      "logloss": 0.3282030322694124,
      "n_eval": 50000,
      "name": "oracle",
      "sce": 0.0
    },
    {
      "arb_profit": 0.39999999102652073,
      "brier": 0.25,
      "ece": 0.0016000000000000458,
      "logloss": 0.6931471805599453,
      "n_eval": 50000,
      "name": "const_0.5",
      "sce": 0.15999999282121688
    },
    {
      "arb_profit": 0.038247138196229935,
      "brier": 0.09249022234710887,
      "ece": 0.03682714716970921,
      "logloss": 0.3343778083188516,
      "n_eval": 50000,
      "name": "diff_analytic_rho=0.99",
      "sce": 0.0014628435802023988
    },
    {
      "arb_profit": 0.39999999102652073,
      "brier": 0.25,
      "ece": 0.0016000000000000458,
      "logloss": 0.6931471805599453,
      "n_eval": 50000,
      "name": "L_query_oracle(L=2)",
      "sce": 0.15999999282121688
    }
  ]
}
