{
  "llm_meta": {
    "K": 1,
    "L": 4,
    "aggregate": "mean",
    "max_new_tokens_used": 64,
    "n": 9216,
    "parse_failures": 9216
  },
  "models": [
    {
      "arb_profit": 0.3999999909719918,
      "brier": 0.25,
      "ece": 0.017578125,
      "gcal_S": 0.4000000059604645,
      "gcal_S_argmax_key": 1,
      "logloss": 0.6931471805599453,
      "n_eval": 1024,
      "name": "AR-intrinsic",
      "sce": 0.15999999277759375
    },
    {
      "arb_profit": 0.10596324494690634,
      "brier": 0.09353271823057696,
      "ece": 0.11904919147491454,
      "gcal_S": 0.10596325993537903,
      "gcal_S_argmax_key": 1,
      "logloss": 0.34791015338270737,
      "n_eval": 1024,
      "name": "Diffusion-intrinsic",
      "sce": 0.011228209279678294
    },
    {
      "arb_profit": 0.02385995118675055,
      "brier": 0.08098411836566938,
      "ece": 0.033208786197064875,
      "gcal_S": 0.09412872791290283,
      "gcal_S_argmax_key": 20,
      "logloss": 0.3029027644565444,
      "n_eval": 1024,
      "name": "AR+post",
      "sce": 0.0009460106383296569
    },
    {
      "arb_profit": 0.021752938540885225,
      "brier": 0.08049983844686573,
      "ece": 0.03423120893421585,
      "gcal_S": 0.08276510238647461,
      "gcal_S_argmax_key": 20,
      "logloss": 0.3010306194466932,
      "n_eval": 1024,
      "name": "Diffusion+post",
      "sce": 0.0007732516388417323
    }
  ]
}
