{
  "metrics": {
    "approachability": {
      "clip_eps": 1e-06,
      "curve": {
        "app_err": [
          0.0688478136062622,
          0.10443409204483033,
          0.07798247337341309,
          0.07685958445072175,
          0.06637762022018433,
          0.058319532076517744,
          0.051246265002659386,
          0.05416955202817917,
          0.051969441837734644,
          0.05418682050704956,
          0.0492607459154996,
          0.043961365222930905,
          0.04513325782922598,
          0.04340236272130694,
          0.04212696981430054,
          0.039706809371709825,
          0.040086107394274546,
          0.03914623909526401,
          0.039500674323031774,
          0.037846616744995114,
          0.03604439689999535,
          0.035484059615568685,
          0.03394127441489178,
          0.0334700545668602,
          0.034623483085632324,
          0.0336585703262916,
          0.03351660613660459,
          0.03404553311211722,
          0.03549504526730241,
          0.03680113037427266,
          0.03622073765723936,
          0.03775049299001694,
          0.04221227096788811,
          0.0412500945259543,
          0.040618412290300644,
          0.042204859455426534,
          0.04083100892402031,
          0.04040967263673481,
          0.040257450678409676,
          0.04049546927213669,
          0.04021397147183385
        ],
        "t": [
          25,
          50,
          75,
          100,
          125,
          150,
          175,
          200,
          225,
          250,
          275,
          300,
          325,
          350,
          375,
          400,
          425,
          450,
          475,
          500,
          525,
          550,
          575,
          600,
          625,
          650,
          675,
          700,
          725,
          750,
          775,
          800,
          825,
          850,
          875,
          900,
          925,
          950,
          975,
          1000,
          1007
        ]
      },
      "curve_every": 25,
      "curve_time_ts": [
        1755607189.2302961,
        1764489601.992749,
        1749230456.1648982,
        1757692801.088487,
        1758664802.233784,
        1766128211.475931,
        1732637173.121185,
        1724251359.9818292,
        1721059248.318618,
        1744013206.271193,
        1762876482.4426408,
        1746826759.137544,
        1732896480.239716,
        1733157619.963896,
        1744989926.194477,
        1750393469.3211122,
        1761753601.459714,
        1754501963.403122,
        1759961288.509166,
        1763269211.025377,
        1761248934.536551,
        1763226002.830776,
        1760377501.636529,
        1758837601.160341,
        1758816001.2131681,
        1762223105.6333618,
        1739387368.848027,
        1748032840.909587,
        1757716857.430743,
        1764781204.521163,
        1765645206.241966,
        1735924157.979765,
        1721339217.885109,
        1763571613.495424,
        1763830813.849674,
        1751846980.529997,
        1764091557.935233,
        1740286957.537361,
        1765457700.588395,
        1751156628.462006,
        1732575428.504298
      ],
      "eps": 0.0,
      "family": "group_bin_indicator",
      "final": {
        "app_err": 0.04021397147183385,
        "top_violations": [
          {
            "bin_hi": 0.65,
            "bin_idx": 12,
            "bin_lo": 0.6000000000000001,
            "coord": 12,
            "group": "crypto",
            "group_idx": 0,
            "mean_payoff": -0.04021397147183385,
            "violation": 0.04021397147183385
          },
          {
            "bin_hi": 0.6000000000000001,
            "bin_idx": 11,
            "bin_lo": 0.55,
            "coord": 11,
            "group": "crypto",
            "group_idx": 0,
            "mean_payoff": -0.032070771407228714,
            "violation": 0.032070771407228714
          },
          {
            "bin_hi": 0.65,
            "bin_idx": 12,
            "bin_lo": 0.6000000000000001,
            "coord": 32,
            "group": "politics",
            "group_idx": 1,
            "mean_payoff": -0.025628078658625764,
            "violation": 0.025628078658625764
          },
          {
            "bin_hi": 0.6000000000000001,
            "bin_idx": 11,
            "bin_lo": 0.55,
            "coord": 31,
            "group": "politics",
            "group_idx": 1,
            "mean_payoff": -0.02532774109352665,
            "violation": 0.02532774109352665
          },
          {
            "bin_hi": 0.7000000000000001,
            "bin_idx": 13,
            "bin_lo": 0.65,
            "coord": 13,
            "group": "crypto",
            "group_idx": 0,
            "mean_payoff": -0.02480585016347209,
            "violation": 0.02480585016347209
          },
          {
            "bin_hi": 0.55,
            "bin_idx": 10,
            "bin_lo": 0.5,
            "coord": 10,
            "group": "crypto",
            "group_idx": 0,
            "mean_payoff": -0.018794428923397576,
            "violation": 0.018794428923397576
          },
          {
            "bin_hi": 0.55,
            "bin_idx": 10,
            "bin_lo": 0.5,
            "coord": 30,
            "group": "politics",
            "group_idx": 1,
            "mean_payoff": -0.01747726731172503,
            "violation": 0.01747726731172503
          },
          {
            "bin_hi": 0.7000000000000001,
            "bin_idx": 13,
            "bin_lo": 0.65,
            "coord": 33,
            "group": "politics",
            "group_idx": 1,
            "mean_payoff": -0.016137194550617448,
            "violation": 0.016137194550617448
          },
          {
            "bin_hi": 0.5,
            "bin_idx": 9,
            "bin_lo": 0.45,
            "coord": 49,
            "group": "sports",
            "group_idx": 2,
            "mean_payoff": -0.013531156453972659,
            "violation": 0.013531156453972659
          },
          {
            "bin_hi": 0.5,
            "bin_idx": 9,
            "bin_lo": 0.45,
            "coord": 9,
            "group": "crypto",
            "group_idx": 0,
            "mean_payoff": -0.013370656002360991,
            "violation": 0.013370656002360991
          }
        ]
      },
      "group_cols": [
        "topic"
      ],
      "n": 1007,
      "n_bins": 20,
      "n_groups": 3,
      "pred_col": "pred_prob",
      "time_col": "createdAt",
      "y_col": "y"
    },
    "brier": 0.2897168487614926,
    "ece": 0.3107227823644314,
    "groups": {
      "topic": {
        "avg_abs_bias": 0.3107227823644314,
        "n_groups": 3,
        "worst_abs_bias": 0.3647343076978411
      }
    },
    "logloss": 0.7757177735661289,
    "n": 1007,
    "trading": {
      "B": 1.0,
      "mode": "sign",
      "pnl_per_event": -0.08424081452086368,
      "transaction_cost": 0.0
    }
  }
}
