{
  "metrics": {
    "approachability": {
      "clip_eps": 1e-06,
      "curve": {
        "app_err": [
          0.08678823471069336,
          0.0814728057384491,
          0.054371411800384524,
          0.06112072885036469,
          0.05428534460067749,
          0.04998087763786316,
          0.04665900332587106,
          0.04758111029863357,
          0.04480629841486613,
          0.04639515209197998,
          0.04750433900139549,
          0.046478523810704546,
          0.04764980958058284,
          0.04659366028649466,
          0.04700825595855713,
          0.04645055294036865,
          0.04516093422384823,
          0.04675555043750339,
          0.045888614529057556,
          0.044227282643318176,
          0.04212122156506493,
          0.041401419097726995,
          0.039601357397825825,
          0.03795130083958308,
          0.036433248805999754,
          0.03609955934377817,
          0.03666767862108019,
          0.03772561592715127,
          0.0378555494341357,
          0.03956653618812561,
          0.03910563676587997,
          0.04113778181374073,
          0.045631299885836515,
          0.04549217651872074,
          0.04574457447869437,
          0.04782061854998271,
          0.047592198204349824,
          0.04706013597940144,
          0.046924623709458574,
          0.04677487552165985,
          0.04644972742965228
        ],
        "t": [
          25,
          50,
          75,
          100,
          125,
          150,
          175,
          200,
          225,
          250,
          275,
          300,
          325,
          350,
          375,
          400,
          425,
          450,
          475,
          500,
          525,
          550,
          575,
          600,
          625,
          650,
          675,
          700,
          725,
          750,
          775,
          800,
          825,
          850,
          875,
          900,
          925,
          950,
          975,
          1000,
          1007
        ]
      },
      "curve_every": 25,
      "curve_time_ts": [
        1755607189.2302961,
        1764489601.992749,
        1749230456.1648982,
        1757692801.088487,
        1758664802.233784,
        1766128211.475931,
        1732637173.121185,
        1724251359.9818292,
        1721059248.318618,
        1744013206.271193,
        1762876482.4426408,
        1746826759.137544,
        1732896480.239716,
        1733157619.963896,
        1744989926.194477,
        1750393469.3211122,
        1761753601.459714,
        1754501963.403122,
        1759961288.509166,
        1763269211.025377,
        1761248934.536551,
        1763226002.830776,
        1760377501.636529,
        1758837601.160341,
        1758816001.2131681,
        1762223105.6333618,
        1739387368.848027,
        1748032840.909587,
        1757716857.430743,
        1764781204.521163,
        1765645206.241966,
        1735924157.979765,
        1721339217.885109,
        1763571613.495424,
        1763830813.849674,
        1751846980.529997,
        1764091557.935233,
        1740286957.537361,
        1765457700.588395,
        1751156628.462006,
        1732575428.504298
      ],
      "eps": 0.0,
      "family": "group_bin_indicator",
      "final": {
        "app_err": 0.04644972742965228,
        "top_violations": [
          {
            "bin_hi": 0.7000000000000001,
            "bin_idx": 13,
            "bin_lo": 0.65,
            "coord": 13,
            "group": "crypto",
            "group_idx": 0,
            "mean_payoff": -0.04644972742965228,
            "violation": 0.04644972742965228
          },
          {
            "bin_hi": 0.65,
            "bin_idx": 12,
            "bin_lo": 0.6000000000000001,
            "coord": 12,
            "group": "crypto",
            "group_idx": 0,
            "mean_payoff": -0.038748922686591046,
            "violation": 0.038748922686591046
          },
          {
            "bin_hi": 0.75,
            "bin_idx": 14,
            "bin_lo": 0.7000000000000001,
            "coord": 14,
            "group": "crypto",
            "group_idx": 0,
            "mean_payoff": -0.03480679157829095,
            "violation": 0.03480679157829095
          },
          {
            "bin_hi": 0.7000000000000001,
            "bin_idx": 13,
            "bin_lo": 0.65,
            "coord": 33,
            "group": "politics",
            "group_idx": 1,
            "mean_payoff": -0.031517599935919904,
            "violation": 0.031517599935919904
          },
          {
            "bin_hi": 0.65,
            "bin_idx": 12,
            "bin_lo": 0.6000000000000001,
            "coord": 32,
            "group": "politics",
            "group_idx": 1,
            "mean_payoff": -0.031039304210034004,
            "violation": 0.031039304210034004
          },
          {
            "bin_hi": 0.75,
            "bin_idx": 14,
            "bin_lo": 0.7000000000000001,
            "coord": 34,
            "group": "politics",
            "group_idx": 1,
            "mean_payoff": -0.021411381506517366,
            "violation": 0.021411381506517366
          },
          {
            "bin_hi": 0.6000000000000001,
            "bin_idx": 11,
            "bin_lo": 0.55,
            "coord": 31,
            "group": "politics",
            "group_idx": 1,
            "mean_payoff": -0.020319792104454004,
            "violation": 0.020319792104454004
          },
          {
            "bin_hi": 0.6000000000000001,
            "bin_idx": 11,
            "bin_lo": 0.55,
            "coord": 11,
            "group": "crypto",
            "group_idx": 0,
            "mean_payoff": -0.019390222154994235,
            "violation": 0.019390222154994235
          },
          {
            "bin_hi": 0.65,
            "bin_idx": 12,
            "bin_lo": 0.6000000000000001,
            "coord": 52,
            "group": "sports",
            "group_idx": 2,
            "mean_payoff": -0.015960472224367174,
            "violation": 0.015960472224367174
          },
          {
            "bin_hi": 0.55,
            "bin_idx": 10,
            "bin_lo": 0.5,
            "coord": 10,
            "group": "crypto",
            "group_idx": 0,
            "mean_payoff": -0.014988116024740877,
            "violation": 0.014988116024740877
          }
        ]
      },
      "group_cols": [
        "topic"
      ],
      "n": 1007,
      "n_bins": 20,
      "n_groups": 3,
      "pred_col": "pred_prob",
      "time_col": "createdAt",
      "y_col": "y"
    },
    "brier": 0.3308943049437382,
    "ece": 0.3709051268103107,
    "groups": {
      "topic": {
        "avg_abs_bias": 0.3709051268103106,
        "n_groups": 3,
        "worst_abs_bias": 0.42422740868159703
      }
    },
    "logloss": 0.8654896879374144,
    "n": 1007,
    "trading": {
      "B": 1.0,
      "mode": "sign",
      "pnl_per_event": -0.13266186749811407,
      "transaction_cost": 0.0
    }
  }
}
