{
  "metrics": {
    "approachability": {
      "clip_eps": 1e-06,
      "curve": {
        "app_err": [
          0.014057334512472153,
          0.011098655387759209,
          0.009536766956249873,
          0.00986924272030592,
          0.008714948743581773,
          0.007322092105944951,
          0.007138543214116778,
          0.007654479332268238,
          0.006802997175190184,
          0.008186647787690163,
          0.008544669625434008,
          0.009596916288137436,
          0.008938929060330758,
          0.009784859386937959,
          0.008784511814514796,
          0.009309496348723769,
          0.009979662553352468,
          0.00948217080699073,
          0.009672446117589347,
          0.009988115683197974,
          0.010053070535262425,
          0.009596112783659589,
          0.009178890488717867,
          0.00887408496177011
        ],
        "t": [
          200,
          400,
          600,
          800,
          1000,
          1200,
          1400,
          1600,
          1800,
          2000,
          2200,
          2400,
          2600,
          2800,
          3000,
          3200,
          3400,
          3600,
          3800,
          4000,
          4200,
          4400,
          4600,
          4758
        ]
      },
      "curve_every": 200,
      "curve_time_ts": [
        1683057889.0,
        1691592550.0,
        1698732373.0,
        1704007464.0,
        1706684625.0,
        1708906653.0,
        1709794107.0,
        1711345805.0,
        1713161062.0,
        1714511346.0,
        1716063605.0,
        1717349232.0,
        1718430753.0,
        1719274523.0,
        1719749355.0,
        1720467741.0,
        1721288416.0,
        1722376838.0,
        1722839452.0,
        1723315813.0,
        1730475012.0,
        1730849711.0,
        1732174541.0,
        1739085597.0
      ],
      "eps": 0.0,
      "family": "group_bin_indicator",
      "final": {
        "app_err": 0.00887408496177011,
        "top_violations": [
          {
            "bin_hi": 0.35000000000000003,
            "bin_idx": 6,
            "bin_lo": 0.30000000000000004,
            "coord": 86,
            "group": "(999.999, 5409.256]|nan",
            "group_idx": 4,
            "mean_payoff": -0.00887408496177011,
            "violation": 0.00887408496177011
          },
          {
            "bin_hi": 0.35000000000000003,
            "bin_idx": 6,
            "bin_lo": 0.30000000000000004,
            "coord": 6,
            "group": "(139356.56, 1531479284.504]|nan",
            "group_idx": 0,
            "mean_payoff": -0.00796910049961414,
            "violation": 0.00796910049961414
          },
          {
            "bin_hi": 0.35000000000000003,
            "bin_idx": 6,
            "bin_lo": 0.30000000000000004,
            "coord": 66,
            "group": "(5409.256, 15629.304]|nan",
            "group_idx": 3,
            "mean_payoff": -0.0079009455322167,
            "violation": 0.0079009455322167
          },
          {
            "bin_hi": 0.35000000000000003,
            "bin_idx": 6,
            "bin_lo": 0.30000000000000004,
            "coord": 26,
            "group": "(15629.304, 38940.746]|nan",
            "group_idx": 1,
            "mean_payoff": -0.0067689800560599665,
            "violation": 0.0067689800560599665
          },
          {
            "bin_hi": 0.4,
            "bin_idx": 7,
            "bin_lo": 0.35000000000000003,
            "coord": 7,
            "group": "(139356.56, 1531479284.504]|nan",
            "group_idx": 0,
            "mean_payoff": -0.006344236148511126,
            "violation": 0.006344236148511126
          },
          {
            "bin_hi": 0.4,
            "bin_idx": 7,
            "bin_lo": 0.35000000000000003,
            "coord": 67,
            "group": "(5409.256, 15629.304]|nan",
            "group_idx": 3,
            "mean_payoff": -0.005622637471064343,
            "violation": 0.005622637471064343
          },
          {
            "bin_hi": 0.4,
            "bin_idx": 7,
            "bin_lo": 0.35000000000000003,
            "coord": 47,
            "group": "(38940.746, 139356.56]|nan",
            "group_idx": 2,
            "mean_payoff": -0.0046841849257035035,
            "violation": 0.0046841849257035035
          },
          {
            "bin_hi": 0.4,
            "bin_idx": 7,
            "bin_lo": 0.35000000000000003,
            "coord": 87,
            "group": "(999.999, 5409.256]|nan",
            "group_idx": 4,
            "mean_payoff": -0.0046479841799934455,
            "violation": 0.0046479841799934455
          },
          {
            "bin_hi": 0.30000000000000004,
            "bin_idx": 5,
            "bin_lo": 0.25,
            "coord": 85,
            "group": "(999.999, 5409.256]|nan",
            "group_idx": 4,
            "mean_payoff": -0.004369830636729609,
            "violation": 0.004369830636729609
          },
          {
            "bin_hi": 0.35000000000000003,
            "bin_idx": 6,
            "bin_lo": 0.30000000000000004,
            "coord": 46,
            "group": "(38940.746, 139356.56]|nan",
            "group_idx": 2,
            "mean_payoff": -0.004033900412154227,
            "violation": 0.004033900412154227
          }
        ]
      },
      "group_cols": [
        "volume_q5",
        "ttc_q5"
      ],
      "n": 4758,
      "n_bins": 20,
      "n_groups": 5,
      "pred_col": "pred_prob",
      "time_col": "market_prob_target_ts",
      "y_col": "y"
    },
    "brier": 0.1903447236316805,
    "ece": 0.07663123669457464,
    "groups": {
      "ttc_q5": {
        "avg_abs_bias": 0.07590446826000082,
        "n_groups": 1,
        "worst_abs_bias": 0.07590446826000082
      },
      "volume_q5": {
        "avg_abs_bias": 0.0759044682600008,
        "n_groups": 5,
        "worst_abs_bias": 0.09366291277736676
      }
    },
    "logloss": 0.5694874182832385,
    "n": 4758,
    "trading": {
      "B": 1.0,
      "mode": "sign",
      "pnl_per_event": -0.00449064727284906,
      "transaction_cost": 0.0
    }
  }
}
