{
  "llm_meta": null,
  "models": [
    {
      "arb_profit": 0.0,
      "brier": 0.09113599998593361,
      "ece": 0.0014199911785125845,
      "logloss": 0.3282030322131191,
      "n_eval": 50000,
      "name": "oracle",
      "sce": 0.0
    },
    {
      "arb_profit": 0.3999999911785126,
      "brier": 0.25,
      "ece": 0.002819999999999989,
      "logloss": 0.6931471805599453,
      "n_eval": 50000,
      "name": "const_0.5",
      "sce": 0.15999999294281037
    },
    {
      "arb_profit": 0.18385596585273742,
      "brier": 0.12441686845533441,
      "ece": 0.18243597467422484,
      "logloss": 0.4277295000290311,
      "n_eval": 50000,
      "name": "diff_analytic_rho=0.95",
      "sce": 0.03380301617964317
    },
    {
      "arb_profit": 0.3999999911785126,
      "brier": 0.25,
      "ece": 0.002819999999999989,
      "logloss": 0.6931471805599453,
      "n_eval": 50000,
      "name": "L_query_oracle(L=6)",
      "sce": 0.15999999294281037
    }
  ]
}
