{
  "impact_model": {
    "name": "random_average_3002",
    "regime": "average",
    "base_fill_prob": 0.7212675293925133,
    "fill_size_decay": 0.032284097738098386,
    "fill_spread_sensitivity": 1.496463272745325,
    "permanent_impact": 0.0023129583021271717,
    "temporary_impact": 0.011205186063886641,
    "impact_power": 0.6215741159372148,
    "adverse_selection": 0.03638342442706145,
    "adverse_selection_decay": 0.37185933072776706,
    "mev_extraction_rate": 0.015857658556498937,
    "reorder_probability": 0.1335029185676543,
    "block_delay_cost": 0.0017814916440853429,
    "base_liquidity": 14782.622257804926,
    "liquidity_price_factor": 2.0,
    "exit_spread": 0.015188318093262342,
    "exit_impact_mult": 1.760939052373065,
    "stress_multiplier": 1.0
  },
  "best_params": {
    "spread_threshold": 0.03183923284706837,
    "n_bins": 6,
    "kelly_fraction": 0.4397792655987208,
    "max_position_pct": 0.15825645270093802,
    "fee": 0.022701814444901137
  },
  "optimization_sharpe": 11.559889142084677,
  "final_evaluation": {
    "mean_sharpe": 5.970603883880406,
    "std_sharpe": 0.965119403744849,
    "min_sharpe": 3.4862626317910728,
    "p5_sharpe": 4.5302630739555765,
    "p25_sharpe": 5.303728775154779,
    "median_sharpe": 5.878734764255107,
    "mean_return": 24225.972655874648,
    "mean_fill_rate": 0.0073135261923377645,
    "mean_drawdown": 0.007779153790015474,
    "mean_impact_cost": 1.7267491179445276,
    "mean_mev_cost": 3.8676368970945925,
    "mean_as_cost": 0.5474775593906251,
    "n_simulations": 50,
    "impact_model": "random_average_3002",
    "regime": "average"
  },
  "all_trials": [
    {
      "number": 0,
      "value": 8.177563964209945,
      "params": {
        "spread_threshold": 0.062435616638630745,
        "n_bins": 24,
        "kelly_fraction": 0.3793972738151323,
        "max_position_pct": 0.15769145136531842,
        "fee": 0.008900466011060912
      }
    },
    {
      "number": 1,
      "value": 11.559889142084677,
      "params": {
        "spread_threshold": 0.03183923284706837,
        "n_bins": 6,
        "kelly_fraction": 0.4397792655987208,
        "max_position_pct": 0.15825645270093802,
        "fee": 0.022701814444901137
      }
    },
    {
      "number": 2,
      "value": 9.486939662220378,
      "params": {
        "spread_threshold": 0.012881829201412343,
        "n_bins": 25,
        "kelly_fraction": 0.4245991883601898,
        "max_position_pct": 0.06883799545600351,
        "fee": 0.009545624180177514
      }
    },
    {
      "number": 3,
      "value": 11.215472391889868,
      "params": {
        "spread_threshold": 0.03567663137948073,
        "n_bins": 11,
        "kelly_fraction": 0.28614039423450705,
        "max_position_pct": 0.11934735428768663,
        "fee": 0.012280728504951047
      }
    },
    {
      "number": 4,
      "value": 11.103667591600766,
      "params": {
        "spread_threshold": 0.09565940526113312,
        "n_bins": 7,
        "kelly_fraction": 0.1814650918408482,
        "max_position_pct": 0.1042632239575491,
        "fee": 0.016401749605425897
      }
    },
    {
      "number": 5,
      "value": 7.632777659514111,
      "params": {
        "spread_threshold": 0.11992463459502188,
        "n_bins": 9,
        "kelly_fraction": 0.28140549728612524,
        "max_position_pct": 0.15625535083826977,
        "fee": 0.006161260317999943
      }
    },
    {
      "number": 6,
      "value": 8.036448398493926,
      "params": {
        "spread_threshold": 0.09505627926620136,
        "n_bins": 8,
        "kelly_fraction": 0.0792732168433758,
        "max_position_pct": 0.23824367356826665,
        "fee": 0.02914080082686398
      }
    },
    {
      "number": 7,
      "value": 9.523522493691289,
      "params": {
        "spread_threshold": 0.12317562873630454,
        "n_bins": 11,
        "kelly_fraction": 0.09395245130287275,
        "max_position_pct": 0.17737359609779607,
        "fee": 0.01600381234349003
      }
    },
    {
      "number": 8,
      "value": 7.08447231347007,
      "params": {
        "spread_threshold": 0.027085352878269034,
        "n_bins": 15,
        "kelly_fraction": 0.06547483450184828,
        "max_position_pct": 0.2291436924781199,
        "fee": 0.011469499540000422
      }
    },
    {
      "number": 9,
      "value": 10.762848900162593,
      "params": {
        "spread_threshold": 0.10275311980955747,
        "n_bins": 11,
        "kelly_fraction": 0.28403060953001485,
        "max_position_pct": 0.14574336424895432,
        "fee": 0.009621361388138176
      }
    },
    {
      "number": 10,
      "value": 9.446321109727288,
      "params": {
        "spread_threshold": 0.060014184851109945,
        "n_bins": 17,
        "kelly_fraction": 0.4862916998545396,
        "max_position_pct": 0.02413123139140852,
        "fee": 0.02584079164149875
      }
    },
    {
      "number": 11,
      "value": 10.523046167159976,
      "params": {
        "spread_threshold": 0.04116857548185525,
        "n_bins": 5,
        "kelly_fraction": 0.3488719586306379,
        "max_position_pct": 0.09700289053134434,
        "fee": 0.021327271030623558
      }
    },
    {
      "number": 12,
      "value": 8.624326564206966,
      "params": {
        "spread_threshold": 0.0487252927194374,
        "n_bins": 13,
        "kelly_fraction": 0.1989225236380335,
        "max_position_pct": 0.18945326785661504,
        "fee": 0.021793414539246474
      }
    },
    {
      "number": 13,
      "value": 9.052142602087619,
      "params": {
        "spread_threshold": 0.013084901851542322,
        "n_bins": 19,
        "kelly_fraction": 0.49731816813354657,
        "max_position_pct": 0.11226468929679848,
        "fee": 0.020615294491309
      }
    },
    {
      "number": 14,
      "value": 9.65057690800331,
      "params": {
        "spread_threshold": 0.07360071215557229,
        "n_bins": 5,
        "kelly_fraction": 0.3752462886261123,
        "max_position_pct": 0.2015797252534769,
        "fee": 0.013690835762414571
      }
    },
    {
      "number": 15,
      "value": 10.369176417995998,
      "params": {
        "spread_threshold": 0.14519724056187633,
        "n_bins": 11,
        "kelly_fraction": 0.20425967971984232,
        "max_position_pct": 0.06353909978145973,
        "fee": 0.0246073154910421
      }
    },
    {
      "number": 16,
      "value": 8.913428839183776,
      "params": {
        "spread_threshold": 0.036842813999071806,
        "n_bins": 20,
        "kelly_fraction": 0.4329410544645901,
        "max_position_pct": 0.12605475787433273,
        "fee": 0.0188580947538946
      }
    },
    {
      "number": 17,
      "value": 8.754801579638604,
      "params": {
        "spread_threshold": 0.026707398030204166,
        "n_bins": 13,
        "kelly_fraction": 0.3271734218442931,
        "max_position_pct": 0.07054268589397658,
        "fee": 0.013983396269028905
      }
    },
    {
      "number": 18,
      "value": 10.827849260722497,
      "params": {
        "spread_threshold": 0.056807052205778016,
        "n_bins": 7,
        "kelly_fraction": 0.23684297736348503,
        "max_position_pct": 0.12889095933519448,
        "fee": 0.024687458434540382
      }
    },
    {
      "number": 19,
      "value": 7.958773685571219,
      "params": {
        "spread_threshold": 0.07585927010179974,
        "n_bins": 9,
        "kelly_fraction": 0.40759041385044004,
        "max_position_pct": 0.17237893265122797,
        "fee": 0.005648532327144384
      }
    },
    {
      "number": 20,
      "value": 7.2959051496598795,
      "params": {
        "spread_threshold": 0.026742348233402335,
        "n_bins": 14,
        "kelly_fraction": 0.148068482614176,
        "max_position_pct": 0.2155375124330379,
        "fee": 0.02914712038994112
      }
    },
    {
      "number": 21,
      "value": 11.03080338959726,
      "params": {
        "spread_threshold": 0.08881749959772166,
        "n_bins": 7,