{
  "metrics": {
    "approachability": {
      "clip_eps": 1e-06,
      "curve": {
        "app_err": [
          0.22455052137374878,
          0.18669178128242492,
          0.12446118752161661,
          0.10182097733020783,
          0.10684758567810058,
          0.1018775749206543,
          0.10910265036991665,
          0.11973719388246536,
          0.1237719202041626,
          0.12285388398170471,
          0.11854854475368153,
          0.11828298012415568,
          0.11513549236150888,
          0.11220627750669207,
          0.11509319829940796,
          0.11521590366959572,
          0.11073457170935239,
          0.11099733975198534,
          0.10719643341867548,
          0.10176541900634765,
          0.09691944667271206,
          0.09251401727849787,
          0.09014719735021176,
          0.08630873064200083,
          0.08282823696136475,
          0.08585018075429476,
          0.08704151330170808,
          0.09219841514314923,
          0.0956528926717824,
          0.09743170070648194,
          0.09676482492877592,
          0.0960919699817896,
          0.10136756311763416,
          0.10408647025332732,
          0.1054926723071507,
          0.10679287360774146,
          0.10806332665520746,
          0.10517859258149799,
          0.10744964061639248,
          0.10763562875986099,
          0.10688741684196722
        ],
        "t": [
          25,
          50,
          75,
          100,
          125,
          150,
          175,
          200,
          225,
          250,
          275,
          300,
          325,
          350,
          375,
          400,
          425,
          450,
          475,
          500,
          525,
          550,
          575,
          600,
          625,
          650,
          675,
          700,
          725,
          750,
          775,
          800,
          825,
          850,
          875,
          900,
          925,
          950,
          975,
          1000,
          1007
        ]
      },
      "curve_every": 25,
      "curve_time_ts": [
        1755607189.2302961,
        1764489601.992749,
        1749230456.1648982,
        1757692801.088487,
        1758664802.233784,
        1766128211.475931,
        1732637173.121185,
        1724251359.9818292,
        1721059248.318618,
        1744013206.271193,
        1762876482.4426408,
        1746826759.137544,
        1732896480.239716,
        1733157619.963896,
        1744989926.194477,
        1750393469.3211122,
        1761753601.459714,
        1754501963.403122,
        1759961288.509166,
        1763269211.025377,
        1761248934.536551,
        1763226002.830776,
        1760377501.636529,
        1758837601.160341,
        1758816001.2131681,
        1762223105.6333618,
        1739387368.848027,
        1748032840.909587,
        1757716857.430743,
        1764781204.521163,
        1765645206.241966,
        1735924157.979765,
        1721339217.885109,
        1763571613.495424,
        1763830813.849674,
        1751846980.529997,
        1764091557.935233,
        1740286957.537361,
        1765457700.588395,
        1751156628.462006,
        1732575428.504298
      ],
      "eps": 0.0,
      "family": "group_bin_indicator",
      "final": {
        "app_err": 0.10688741684196722,
        "top_violations": [
          {
            "bin_hi": 1.0,
            "bin_idx": 19,
            "bin_lo": 0.9500000000000001,
            "coord": 19,
            "group": "crypto",
            "group_idx": 0,
            "mean_payoff": -0.10688741684196722,
            "violation": 0.10688741684196722
          },
          {
            "bin_hi": 1.0,
            "bin_idx": 19,
            "bin_lo": 0.9500000000000001,
            "coord": 39,
            "group": "politics",
            "group_idx": 1,
            "mean_payoff": -0.08014875194640476,
            "violation": 0.08014875194640476
          },
          {
            "bin_hi": 0.9500000000000001,
            "bin_idx": 18,
            "bin_lo": 0.9,
            "coord": 18,
            "group": "crypto",
            "group_idx": 0,
            "mean_payoff": -0.0722481189323395,
            "violation": 0.0722481189323395
          },
          {
            "bin_hi": 0.9500000000000001,
            "bin_idx": 18,
            "bin_lo": 0.9,
            "coord": 38,
            "group": "politics",
            "group_idx": 1,
            "mean_payoff": -0.06329801752645423,
            "violation": 0.06329801752645423
          },
          {
            "bin_hi": 1.0,
            "bin_idx": 19,
            "bin_lo": 0.9500000000000001,
            "coord": 59,
            "group": "sports",
            "group_idx": 2,
            "mean_payoff": -0.04010707210997247,
            "violation": 0.04010707210997247
          },
          {
            "bin_hi": 0.9,
            "bin_idx": 17,
            "bin_lo": 0.8500000000000001,
            "coord": 17,
            "group": "crypto",
            "group_idx": 0,
            "mean_payoff": -0.029673792873143912,
            "violation": 0.029673792873143912
          },
          {
            "bin_hi": 0.9500000000000001,
            "bin_idx": 18,
            "bin_lo": 0.9,
            "coord": 58,
            "group": "sports",
            "group_idx": 2,
            "mean_payoff": -0.0281710567280221,
            "violation": 0.0281710567280221
          },
          {
            "bin_hi": 0.9,
            "bin_idx": 17,
            "bin_lo": 0.8500000000000001,
            "coord": 37,
            "group": "politics",
            "group_idx": 1,
            "mean_payoff": -0.020714453871934393,
            "violation": 0.020714453871934393
          },
          {
            "bin_hi": 0.05,
            "bin_idx": 0,
            "bin_lo": 0.0,
            "coord": 0,
            "group": "crypto",
            "group_idx": 0,
            "mean_payoff": 0.01826865735830038,
            "violation": 0.01826865735830038
          },
          {
            "bin_hi": 0.9,
            "bin_idx": 17,
            "bin_lo": 0.8500000000000001,
            "coord": 57,
            "group": "sports",
            "group_idx": 2,
            "mean_payoff": -0.013918453378023906,
            "violation": 0.013918453378023906
          }
        ]
      },
      "group_cols": [
        "topic"
      ],
      "n": 1007,
      "n_bins": 20,
      "n_groups": 3,
      "pred_col": "pred_prob",
      "time_col": "createdAt",
      "y_col": "y"
    },
    "brier": 0.5520774610345588,
    "ece": 0.5740932874913793,
    "groups": {
      "topic": {
        "avg_abs_bias": 0.508218282464912,
        "n_groups": 3,
        "worst_abs_bias": 0.5597255901739533
      }
    },
    "logloss": 1.8846204516112348,
    "n": 1007,
    "trading": {
      "B": 1.0,
      "mode": "sign",
      "pnl_per_event": -0.11437984145673726,
      "transaction_cost": 0.0
    }
  }
}
