{
  "llm_meta": {
    "K": 1,
    "L": 4,
    "aggregate": "mean",
    "max_new_tokens_used": 64,
    "n": 13312,
    "parse_failures": 129
  },
  "models": [
    {
      "arb_profit": 0.4420605512386828,
      "brier": 0.4475678670463388,
      "ece": 0.43405272728341515,
      "gcal_S": 0.8899999856948853,
      "gcal_S_argmax_key": 19,
      "logloss": 1.7634177643923863,
      "n_eval": 1024,
      "name": "AR-intrinsic",
      "sce": 0.3535581038200475
    },
    {
      "arb_profit": 0.13463182770647109,
      "brier": 0.1074001153039923,
      "ece": 0.13599902391433716,
      "gcal_S": 0.13463184237480164,
      "gcal_S_argmax_key": 1,
      "logloss": 0.3840157563151837,
      "n_eval": 1024,
      "name": "Diffusion-intrinsic",
      "sce": 0.018125729031585137
    },
    {
      "arb_profit": 0.09312054216115939,
      "brier": 0.10853073771664871,
      "ece": 0.0813235799823815,
      "gcal_S": 0.4359622970223427,
      "gcal_S_argmax_key": 134,
      "logloss": 0.387761196791233,
      "n_eval": 1024,
      "name": "AR+post",
      "sce": 0.01770671411070661
    },
    {
      "arb_profit": 0.030464198945992393,
      "brier": 0.09097365241657837,
      "ece": 0.033979824493144385,
      "gcal_S": 0.125,
      "gcal_S_argmax_key": 198,
      "logloss": 0.3326026325676402,
      "n_eval": 1024,
      "name": "Diffusion+post",
      "sce": 0.0014584625303428478
    }
  ]
}
