{
  "impact_model": {
    "name": "random_adversarial_3102",
    "regime": "adversarial",
    "base_fill_prob": 0.2049879511764853,
    "fill_size_decay": 0.3490071390775946,
    "fill_spread_sensitivity": 5.601150335229969,
    "permanent_impact": 0.005263691442884522,
    "temporary_impact": 0.013762878523575833,
    "impact_power": 0.8668969265026192,
    "adverse_selection": 0.3903874073852581,
    "adverse_selection_decay": 0.15353252854654928,
    "mev_extraction_rate": 0.1290014480081113,
    "reorder_probability": 0.30477447946276615,
    "block_delay_cost": 0.003194993250945206,
    "base_liquidity": 1397.9389680477066,
    "liquidity_price_factor": 2.0,
    "exit_spread": 0.09012880023903996,
    "exit_impact_mult": 4.737748232425794,
    "stress_multiplier": 2.0303685188082534
  },
  "best_params": {
    "spread_threshold": 0.0672601499498453,
    "n_bins": 23,
    "kelly_fraction": 0.3652139668508005,
    "max_position_pct": 0.08788841057114417,
    "fee": 0.007827805833531142
  },
  "optimization_sharpe": 1449522923717.8835,
  "final_evaluation": {
    "mean_sharpe": 3.869456854773552,
    "std_sharpe": 3.1343553835355764,
    "min_sharpe": -3.2270653115681855,
    "p5_sharpe": -1.1836470764419822,
    "p25_sharpe": 1.588084016886521,
    "median_sharpe": 3.99735758598286,
    "mean_return": 33.641056362287266,
    "mean_fill_rate": 0.0019438987978313825,
    "mean_drawdown": 0.03985551352353307,
    "mean_impact_cost": 0.19933998556521335,
    "mean_mev_cost": 3.052740090959321,
    "mean_as_cost": 4.7102583748566005,
    "n_simulations": 50,
    "impact_model": "random_adversarial_3102",
    "regime": "adversarial"
  },
  "all_trials": [
    {
      "number": 0,
      "value": 22810067641.131336,
      "params": {
        "spread_threshold": 0.062435616638630745,
        "n_bins": 24,
        "kelly_fraction": 0.3793972738151323,
        "max_position_pct": 0.15769145136531842,
        "fee": 0.008900466011060912
      }
    },
    {
      "number": 1,
      "value": 647048773720.7885,
      "params": {
        "spread_threshold": 0.03183923284706837,
        "n_bins": 6,
        "kelly_fraction": 0.4397792655987208,
        "max_position_pct": 0.15825645270093802,
        "fee": 0.022701814444901137
      }
    },
    {
      "number": 2,
      "value": 108636064012.67352,
      "params": {
        "spread_threshold": 0.012881829201412343,
        "n_bins": 25,
        "kelly_fraction": 0.4245991883601898,
        "max_position_pct": 0.06883799545600351,
        "fee": 0.009545624180177514
      }
    },
    {
      "number": 3,
      "value": 1158025221738.32,
      "params": {
        "spread_threshold": 0.03567663137948073,
        "n_bins": 11,
        "kelly_fraction": 0.28614039423450705,
        "max_position_pct": 0.11934735428768663,
        "fee": 0.012280728504951047
      }
    },
    {
      "number": 4,
      "value": 906453281932.5835,
      "params": {
        "spread_threshold": 0.09565940526113312,
        "n_bins": 7,
        "kelly_fraction": 0.1814650918408482,
        "max_position_pct": 0.1042632239575491,
        "fee": 0.016401749605425897
      }
    },
    {
      "number": 5,
      "value": 327830125144.387,
      "params": {
        "spread_threshold": 0.11992463459502188,
        "n_bins": 9,
        "kelly_fraction": 0.28140549728612524,
        "max_position_pct": 0.15625535083826977,
        "fee": 0.006161260317999943
      }
    },
    {
      "number": 6,
      "value": 236310557765.387,
      "params": {
        "spread_threshold": 0.09505627926620136,
        "n_bins": 8,
        "kelly_fraction": 0.0792732168433758,
        "max_position_pct": 0.23824367356826665,
        "fee": 0.02914080082686398
      }
    },
    {
      "number": 7,
      "value": 405058553362.6834,
      "params": {
        "spread_threshold": 0.12317562873630454,
        "n_bins": 11,
        "kelly_fraction": 0.09395245130287275,
        "max_position_pct": 0.17737359609779607,
        "fee": 0.01600381234349003
      }
    },
    {
      "number": 8,
      "value": 12251279754.808205,
      "params": {
        "spread_threshold": 0.027085352878269034,
        "n_bins": 15,
        "kelly_fraction": 0.06547483450184828,
        "max_position_pct": 0.2291436924781199,
        "fee": 0.011469499540000422
      }
    },
    {
      "number": 9,
      "value": 1103956359296.6216,
      "params": {
        "spread_threshold": 0.10275311980955747,
        "n_bins": 11,
        "kelly_fraction": 0.28403060953001485,
        "max_position_pct": 0.14574336424895432,
        "fee": 0.009621361388138176
      }
    },
    {
      "number": 10,
      "value": 237541018117.7153,
      "params": {
        "spread_threshold": 0.061069251278459566,
        "n_bins": 17,
        "kelly_fraction": 0.1967385186931856,
        "max_position_pct": 0.02413123139140852,
        "fee": 0.021428091726816024
      }
    },
    {
      "number": 11,
      "value": 668664854201.3597,
      "params": {
        "spread_threshold": 0.06490258062260942,
        "n_bins": 13,
        "kelly_fraction": 0.296906532147106,
        "max_position_pct": 0.10089470909712195,
        "fee": 0.01278926525488654
      }
    },
    {
      "number": 12,
      "value": 407471615955.6928,
      "params": {
        "spread_threshold": 0.14759374336888562,
        "n_bins": 19,
        "kelly_fraction": 0.337550665222313,
        "max_position_pct": 0.11293944049506502,
        "fee": 0.005785815144768867
      }
    },
    {
      "number": 13,
      "value": 611307706735.8188,
      "params": {
        "spread_threshold": 0.043609321639411495,
        "n_bins": 12,
        "kelly_fraction": 0.19677594266808887,
        "max_position_pct": 0.20916673163822155,
        "fee": 0.013674124420176965
      }
    },
    {
      "number": 14,
      "value": 417179557361.1104,
      "params": {
        "spread_threshold": 0.08750975463534172,
        "n_bins": 10,
        "kelly_fraction": 0.2415012834828416,
        "max_position_pct": 0.05004978370783604,
        "fee": 0.020691073631398747
      }
    },
    {
      "number": 15,
      "value": 1003943170431.1046,
      "params": {
        "spread_threshold": 0.1154514151637061,
        "n_bins": 5,
        "kelly_fraction": 0.4982074392863459,
        "max_position_pct": 0.12911010396918543,
        "fee": 0.008894594829829638
      }
    },
    {
      "number": 16,
      "value": 145577990858.77774,
      "params": {
        "spread_threshold": 0.07133822344875881,
        "n_bins": 14,
        "kelly_fraction": 0.3365131675581005,
        "max_position_pct": 0.07727678604557311,
        "fee": 0.01785663849262467
      }
    },
    {
      "number": 17,
      "value": 190678342729.5037,
      "params": {
        "spread_threshold": 0.04726997591723663,
        "n_bins": 20,
        "kelly_fraction": 0.13953027913971844,
        "max_position_pct": 0.18136522377538095,
        "fee": 0.014018550530269795
      }
    },
    {
      "number": 18,
      "value": 813822208007.4376,
      "params": {
        "spread_threshold": 0.10687599949641244,
        "n_bins": 16,
        "kelly_fraction": 0.23684297736348503,
        "max_position_pct": 0.13223555187046085,
        "fee": 0.02551180632966729
      }
    },
    {
      "number": 19,
      "value": 905420780390.5887,
      "params": {
        "spread_threshold": 0.1398630396290957,
        "n_bins": 12,
        "kelly_fraction": 0.31291509802701273,
        "max_position_pct": 0.19518242866135005,
        "fee": 0.010717564811455702
      }
    },
    {
      "number": 20,
      "value": 1424762901665.4866,
      "params": {
        "spread_threshold": 0.08085173987056371,
        "n_bins": 9,
        "kelly_fraction": 0.3823582513652691,
        "max_position_pct": 0.08131184507479246,
        "fee": 0.0073743175695940195
      }
    },
    {
      "number": 21,
      "value": 1182095894190.8804,
      "params": {
        "spread_threshold": 0.07822031755420195,