{
  "llm_meta": null,
  "models": [
    {
      "arb_profit": 0.0,
      "brier": 0.09113599998593361,
      "ece": 0.0014199911785125845,
      "logloss": 0.3282030322131191,
      "n_eval": 50000,
      "name": "oracle",
      "sce": 0.0
    },
    {
      "arb_profit": 0.3999999911785126,
      "brier": 0.25,
      "ece": 0.002819999999999989,
      "logloss": 0.6931471805599453,
      "n_eval": 50000,
      "name": "const_0.5",
      "sce": 0.15999999294281037
    },
    {
      "arb_profit": 0.12246301794052124,
      "brier": 0.10578539791672223,
      "ece": 0.12104302676200865,
      "logloss": 0.37853805592124723,
      "n_eval": 50000,
      "name": "diff_analytic_rho=0.97",
      "sce": 0.014997190763101317
    },
    {
      "arb_profit": 0.3999999911785126,
      "brier": 0.25,
      "ece": 0.002819999999999989,
      "logloss": 0.6931471805599453,
      "n_eval": 50000,
      "name": "L_query_oracle(L=6)",
      "sce": 0.15999999294281037
    }
  ]
}
