{
  "llm_meta": null,
  "models": [
    {
      "arb_profit": 0.3999999910473824,
      "brier": 0.25,
      "ece": 0.0043999999999999595,
      "gcal_S": 0.4000000059604645,
      "gcal_S_argmax_key": 127,
      "logloss": 0.6931471805599454,
      "n_eval": 5000,
      "name": "AR-intrinsic",
      "sce": 0.1599999928379062
    },
    {
      "arb_profit": 0.09527213870286942,
      "brier": 0.10005191124639136,
      "ece": 0.09367214765548706,
      "gcal_S": 0.09527215361595154,
      "gcal_S_argmax_key": 127,
      "logloss": 0.36112789964452874,
      "n_eval": 5000,
      "name": "Diffusion-intrinsic",
      "sce": 0.00907678041301901
    },
    {
      "arb_profit": 0.3947517231762409,
      "brier": 0.24665197081368911,
      "ece": 0.017614732509851443,
      "gcal_S": 0.5041666030883789,
      "gcal_S_argmax_key": 22410,
      "logloss": 0.6863762088763669,
      "n_eval": 5000,
      "name": "AR+post",
      "sce": 0.15637288002079622
    },
    {
      "arb_profit": 0.004819718158245087,
      "brier": 0.09167081785002547,
      "ece": 0.005402436470985409,
      "gcal_S": 0.21250000596046448,
      "gcal_S_argmax_key": 8376,
      "logloss": 0.3296685894399412,
      "n_eval": 5000,
      "name": "Diffusion+post",
      "sce": 0.0003960048236135502
    }
  ]
}
