{
  "llm_meta": null,
  "models": [
    {
      "arb_profit": 0.0,
      "brier": 0.08967000002048939,
      "ece": 0.0004400149259716309,
      "logloss": 0.3241766183671271,
      "n_eval": 80000,
      "name": "oracle",
      "sce": 0.0
    },
    {
      "arb_profit": 0.3999999910179526,
      "brier": 0.25,
      "ece": 0.0015500000000000513,
      "logloss": 0.6931471805599453,
      "n_eval": 80000,
      "name": "const_0.5",
      "sce": 0.15999999281436234
    },
    {
      "arb_profit": 0.22781312465667725,
      "brier": 0.14175676970662654,
      "ece": 0.2282256336387247,
      "logloss": 0.46873195351485686,
      "n_eval": 80000,
      "name": "diff_analytic_rho=0.9",
      "sce": 0.051898819765838766
    },
    {
      "arb_profit": 0.3999999910179526,
      "brier": 0.25,
      "ece": 0.0015500000000000513,
      "logloss": 0.6931471805599453,
      "n_eval": 80000,
      "name": "L_query_oracle(L=4)",
      "sce": 0.15999999281436234
    }
  ]
}
