{
  "llm_meta": {
    "K": 5,
    "L": 4,
    "aggregate": "median",
    "max_new_tokens_used": 128,
    "n": 512,
    "parse_failures": 40
  },
  "metrics": {
    "approachability": {
      "clip_eps": 1e-06,
      "curve": {
        "app_err": [
          0.0800000011920929,
          0.04749999940395355,
          0.03166666626930237,
          0.025,
          0.02,
          0.016666666666666666,
          0.014285714285714285,
          0.017500000074505806,
          0.015555555621782938,
          0.02199999988079071,
          0.0190909089689905,
          0.017499999888241292,
          0.026923076923076925,
          0.02857142857142857,
          0.03,
          0.034375,
          0.029411764705882353,
          0.030555555555555555,
          0.02631578947368421,
          0.025,
          0.02857142857142857,
          0.029545454545454545,
          0.02826086956521739,
          0.029166666666666667,
          0.028,
          0.025,
          0.024074074074074074,
          0.023214285714285715,
          0.022413793103448276,
          0.021666666666666667,
          0.02258064516129032,
          0.021875,
          0.021212121212121213,
          0.020588235294117647,
          0.02,
          0.019444444444444445,
          0.024324324324324326,
          0.02236842105263158,
          0.019230769230769232,
          0.02,
          0.01951219512195122,
          0.02142857142857143,
          0.026744186046511628,
          0.023863636363636365,
          0.02666666666666667,
          0.03152173913043478,
          0.031914893617021274,
          0.03333333333333333,
          0.0336734693877551,
          0.032,
          0.03235294117647059,
          0.0322265625
        ],
        "t": [
          10,
          20,
          30,
          40,
          50,
          60,
          70,
          80,
          90,
          100,
          110,
          120,
          130,
          140,
          150,
          160,
          170,
          180,
          190,
          200,
          210,
          220,
          230,
          240,
          250,
          260,
          270,
          280,
          290,
          300,
          310,
          320,
          330,
          340,
          350,
          360,
          370,
          380,
          390,
          400,
          410,
          420,
          430,
          440,
          450,
          460,
          470,
          480,
          490,
          500,
          510,
          512
        ]
      },
      "curve_every": 10,
      "curve_time_ts": [
        1764454170.796427,
        1764975603.961904,
        1746039253.0143192,
        1764975612.153339,
        1764489601.992749,
        1716582294.7209432,
        1752605662.6692412,
        1759844335.3846478,
        1763787610.0185869,
        1757692801.088487,
        1759939208.795478,
        1758794401.875069,
        1731691630.1683772,
        1739819940.558997,
        1766128211.475931,
        1731360767.473193,
        1747826494.497078,
        1731345013.192617,
        1761752127.082299,
        1724251359.9818292,
        1762534807.499985,
        1753657955.134179,
        1758218401.015598,
        1762783201.985727,
        1744013206.271193,
        1738097857.646245,
        1764692785.823267,
        1765644312.955094,
        1741718796.5851278,
        1746826759.137544,
        1755052271.978944,
        1719329152.9853811,
        1746024239.769436,
        1739908022.8717282,
        1733157619.963896,
        1739554895.0982451,
        1757469602.148373,
        1758477606.872763,
        1706902277.555,
        1750393469.3211122,
        1761250571.603311,
        1749734045.005978,
        1746720660.0606349,
        1761973211.340328,
        1754501963.403122,
        1721337199.335254,
        1759156206.500031,
        1751041023.0296881,
        1745356531.062998,
        1763269211.025377,
        1727806734.245898,
        1760975111.136162
      ],
      "eps": 0.0,
      "family": "group_bin_indicator",
      "final": {
        "app_err": 0.0322265625,
        "top_violations": [
          {
            "bin_hi": 0.5,
            "bin_idx": 9,
            "bin_lo": 0.45,
            "coord": 9,
            "group": "crypto",
            "group_idx": 0,
            "mean_payoff": -0.0322265625,
            "violation": 0.0322265625
          },
          {
            "bin_hi": 0.5,
            "bin_idx": 9,
            "bin_lo": 0.45,
            "coord": 29,
            "group": "politics",
            "group_idx": 1,
            "mean_payoff": -0.0185546875,
            "violation": 0.0185546875
          },
          {
            "bin_hi": 0.45,
            "bin_idx": 8,
            "bin_lo": 0.4,
            "coord": 8,
            "group": "crypto",
            "group_idx": 0,
            "mean_payoff": -0.011152343708090484,
            "violation": 0.011152343708090484
          },
          {
            "bin_hi": 0.5,
            "bin_idx": 9,
            "bin_lo": 0.45,
            "coord": 49,
            "group": "sports",
            "group_idx": 2,
            "mean_payoff": -0.0107421875,
            "violation": 0.0107421875
          },
          {
            "bin_hi": 0.25,
            "bin_idx": 4,
            "bin_lo": 0.2,
            "coord": 4,
            "group": "crypto",
            "group_idx": 0,
            "mean_payoff": -0.007324218808207661,
            "violation": 0.007324218808207661
          },
          {
            "bin_hi": 0.15000000000000002,
            "bin_idx": 2,
            "bin_lo": 0.1,
            "coord": 22,
            "group": "politics",
            "group_idx": 1,
            "mean_payoff": 0.006835937427240424,
            "violation": 0.006835937427240424
          },
          {
            "bin_hi": 0.9500000000000001,
            "bin_idx": 18,
            "bin_lo": 0.9,
            "coord": 38,
            "group": "politics",
            "group_idx": 1,
            "mean_payoff": -0.0054687499068677425,
            "violation": 0.0054687499068677425
          },
          {
            "bin_hi": 0.75,
            "bin_idx": 14,
            "bin_lo": 0.7000000000000001,
            "coord": 34,
            "group": "politics",
            "group_idx": 1,
            "mean_payoff": -0.00439453125,
            "violation": 0.00439453125
          },
          {
            "bin_hi": 0.15000000000000002,
            "bin_idx": 2,
            "bin_lo": 0.1,
            "coord": 42,
            "group": "sports",
            "group_idx": 2,
            "mean_payoff": -0.004296875064028427,
            "violation": 0.004296875064028427
          },
          {
            "bin_hi": 0.35000000000000003,
            "bin_idx": 6,
            "bin_lo": 0.30000000000000004,
            "coord": 6,
            "group": "crypto",
            "group_idx": 0,
            "mean_payoff": -0.003906250465661287,
            "violation": 0.003906250465661287
          }
        ]
      },
      "group_cols": [
        "topic"
      ],
      "n": 512,
      "n_bins": 20,
      "n_groups": 3,
      "pred_col": "pred_prob",
      "time_col": "createdAt",
      "y_col": "y"
    },
    "brier": 0.19699849748612755,
    "ece": 0.13329882896096024,
    "groups": {
      "topic": {
        "avg_abs_bias": 0.10345898569039491,
        "n_groups": 3,
        "worst_abs_bias": 0.1314498003058876
      }
    },
    "logloss": 0.6062729169435466,
    "n": 512,
    "trading": {
      "B": 1.0,
      "mode": "sign",
      "pnl_per_event": 0.12061718706081592,
      "transaction_cost": 0.0
    }
  }
}
