{
  "llm_meta": null,
  "metrics": {
    "approachability": {
      "clip_eps": 1e-06,
      "curve": {
        "app_err": [
          0.07991420030593872,
          0.09989171624183654,
          0.09300356836213419,
          0.099624283015728,
          0.10364386047422885,
          0.09965691204570855,
          0.08536375666902002,
          0.08485127329826354,
          0.07985798835754394,
          0.08762745067663491,
          0.08326497193552893,
          0.08628978944596989,
          0.08268920571453726,
          0.0824828187687256,
          0.07963471878956382,
          0.07963758406214766,
          0.07751715926563038,
          0.07741359684396432,
          0.07332872748975397,
          0.0716563871636754,
          0.06823659137634205,
          0.06713905193588951,
          0.06768866901812345,
          0.0731888136267662,
          0.07185780220031739,
          0.07216421108979446,
          0.07096967838428639,
          0.07271283796855381,
          0.07571516694693729,
          0.0758506042957306,
          0.07984265027507659,
          0.08109076239168644,
          0.08105508356383352,
          0.07984503760057338,
          0.07984192800521851,
          0.08206367360221015,
          0.08416176609090857,
          0.08299613645202235,
          0.08394042705878234,
          0.08683530741930008,
          0.08623168561996036
        ],
        "t": [
          25,
          50,
          75,
          100,
          125,
          150,
          175,
          200,
          225,
          250,
          275,
          300,
          325,
          350,
          375,
          400,
          425,
          450,
          475,
          500,
          525,
          550,
          575,
          600,
          625,
          650,
          675,
          700,
          725,
          750,
          775,
          800,
          825,
          850,
          875,
          900,
          925,
          950,
          975,
          1000,
          1007
        ]
      },
      "curve_every": 25,
      "curve_time_ts": [
        1755607189.2302961,
        1764489601.992749,
        1749230456.1648982,
        1757692801.088487,
        1758664802.233784,
        1766128211.475931,
        1732637173.121185,
        1724251359.9818292,
        1721059248.318618,
        1744013206.271193,
        1762876482.4426408,
        1746826759.137544,
        1732896480.239716,
        1733157619.963896,
        1744989926.194477,
        1750393469.3211122,
        1761753601.459714,
        1754501963.403122,
        1759961288.509166,
        1763269211.025377,
        1761248934.536551,
        1763226002.830776,
        1760377501.636529,
        1758837601.160341,
        1758816001.2131681,
        1762223105.6333618,
        1739387368.848027,
        1748032840.909587,
        1757716857.430743,
        1764781204.521163,
        1765645206.241966,
        1735924157.979765,
        1721339217.885109,
        1763571613.495424,
        1763830813.849674,
        1751846980.529997,
        1764091557.935233,
        1740286957.537361,
        1765457700.588395,
        1751156628.462006,
        1732575428.504298
      ],
      "eps": 0.0,
      "family": "group_bin_indicator",
      "final": {
        "app_err": 0.08623168561996036,
        "top_violations": [
          {
            "bin_hi": 1.0,
            "bin_idx": 19,
            "bin_lo": 0.9500000000000001,
            "coord": 19,
            "group": "crypto",
            "group_idx": 0,
            "mean_payoff": -0.08623168561996036,
            "violation": 0.08623168561996036
          },
          {
            "bin_hi": 0.05,
            "bin_idx": 0,
            "bin_lo": 0.0,
            "coord": 0,
            "group": "crypto",
            "group_idx": 0,
            "mean_payoff": 0.0761291823341685,
            "violation": 0.0761291823341685
          },
          {
            "bin_hi": 0.05,
            "bin_idx": 0,
            "bin_lo": 0.0,
            "coord": 20,
            "group": "politics",
            "group_idx": 1,
            "mean_payoff": 0.05237893474934754,
            "violation": 0.05237893474934754
          },
          {
            "bin_hi": 1.0,
            "bin_idx": 19,
            "bin_lo": 0.9500000000000001,
            "coord": 39,
            "group": "politics",
            "group_idx": 1,
            "mean_payoff": -0.04857320860102255,
            "violation": 0.04857320860102255
          },
          {
            "bin_hi": 1.0,
            "bin_idx": 19,
            "bin_lo": 0.9500000000000001,
            "coord": 59,
            "group": "sports",
            "group_idx": 2,
            "mean_payoff": -0.03668307565529983,
            "violation": 0.03668307565529983
          },
          {
            "bin_hi": 0.05,
            "bin_idx": 0,
            "bin_lo": 0.0,
            "coord": 40,
            "group": "sports",
            "group_idx": 2,
            "mean_payoff": 0.014778781686819325,
            "violation": 0.014778781686819325
          },
          {
            "bin_hi": 0.5,
            "bin_idx": 9,
            "bin_lo": 0.45,
            "coord": 9,
            "group": "crypto",
            "group_idx": 0,
            "mean_payoff": -0.003971797174588215,
            "violation": 0.003971797174588215
          },
          {
            "bin_hi": 0.5,
            "bin_idx": 9,
            "bin_lo": 0.45,
            "coord": 29,
            "group": "politics",
            "group_idx": 1,
            "mean_payoff": -0.0004964669446841015,
            "violation": 0.0004964669446841015
          },
          {
            "bin_hi": 0.5,
            "bin_idx": 9,
            "bin_lo": 0.45,
            "coord": 49,
            "group": "sports",
            "group_idx": 2,
            "mean_payoff": -0.0004964612032237806,
            "violation": 0.0004964612032237806
          }
        ]
      },
      "group_cols": [
        "topic"
      ],
      "n": 1007,
      "n_bins": 20,
      "n_groups": 3,
      "pred_col": "pred_prob",
      "time_col": "createdAt",
      "y_col": "y"
    },
    "brier": 0.3176081005507082,
    "ece": 0.3197395939691141,
    "groups": {
      "topic": {
        "avg_abs_bias": 0.03978431483572524,
        "n_groups": 3,
        "worst_abs_bias": 0.12890034547374982
      }
    },
    "logloss": 2.17331206628984,
    "n": 1007,
    "trading": {
      "B": 1.0,
      "mode": "sign",
      "pnl_per_event": 0.12498758706243851,
      "transaction_cost": 0.0
    }
  }
}
