{
  "metrics": {
    "brier": 0.40465452324745355,
    "ece": 0.45414143468439583,
    "groups": {
      "ttc_q5": {
        "avg_abs_bias": 0.45414143468439583,
        "n_groups": 5,
        "worst_abs_bias": 0.5305702532262766
      },
      "volume_q5": {
        "avg_abs_bias": 0.45414143468439583,
        "n_groups": 5,
        "worst_abs_bias": 0.47589097075511755
      }
    },
    "logloss": 1.043193429638574,
    "n": 4000,
    "trading": {
      "B": 1.0,
      "kelly": {
        "final_bankroll": 1.7427244091981734e-251,
        "n": 4000,
        "roi": -1.0
      },
      "mode": "sign",
      "pnl_per_event": -0.16240250025010028,
      "transaction_cost": 0.0
    }
  },
  "train_meta": {
    "final_loss": 0.005836403600405902,
    "steps": 50000
  }
}
