{
  "llm_meta": null,
  "models": [
    {
      "arb_profit": 0.39999999102652073,
      "brier": 0.25,
      "ece": 0.0030000000000000027,
      "gcal_S": 0.4000000059604645,
      "gcal_S_argmax_key": 1,
      "logloss": 0.6931471805599453,
      "n_eval": 10000,
      "name": "AR-intrinsic",
      "sce": 0.15999999282121688
    },
    {
      "arb_profit": 0.16050520532727242,
      "brier": 0.11427705626223138,
      "ece": 0.1636052143007517,
      "gcal_S": 0.1605052351951599,
      "gcal_S_argmax_key": 1,
      "logloss": 0.4028881161282241,
      "n_eval": 10000,
      "name": "Diffusion-intrinsic",
      "sce": 0.025761920937150764
    },
    {
      "arb_profit": 0.04437205332033336,
      "brier": 0.09087155744659357,
      "ece": 0.046553633720055256,
      "gcal_S": 0.180555522441864,
      "gcal_S_argmax_key": 639,
      "logloss": 0.33155092057842395,
      "n_eval": 10000,
      "name": "AR+post",
      "sce": 0.0031258730846896485
    },
    {
      "arb_profit": 0.03392939434573054,
      "brier": 0.08952179904410228,
      "ece": 0.03452939642891285,
      "gcal_S": 0.15277773141860962,
      "gcal_S_argmax_key": 639,
      "logloss": 0.32749759807083745,
      "n_eval": 10000,
      "name": "Diffusion+post",
      "sce": 0.0018963227461454512
    }
  ]
}
