strategy,cv_value,holdout_sharpe,holdout_pnl,holdout_return_pct,holdout_win_rate,holdout_trades,holdout_max_dd,final_bankroll
blackwell,5.567044037746737,5.046712251255921,237058987.03529176,2219288.859678084,0.7527472527472527,3276,0.047821539253372264,237069668.78976467
stat_arb,5.495227439769614,4.9841672040770195,989618654.6131012,3551325.17079251,0.7527472527472527,3276,0.03901406226686411,989646520.7928234
mean_reversion,4.8265556217928065,9.035382168439353,42370.19256118228,826.8091674358835,0.5,2,0.25240824143502155,47494.7357121226
