{
  "metrics": {
    "approachability": {
      "clip_eps": 1e-06,
      "curve": {
        "app_err": [
          0.07991963148117065,
          0.07991933941841126,
          0.09323815981547037,
          0.09958279925398529,
          0.10359957384131849,
          0.09961754667339846,
          0.09102888650926096,
          0.08960275937861298,
          0.0884795985603705,
          0.09557725053885952,
          0.09049043584403328,
          0.09291442984676299,
          0.09187572897555163,
          0.09672056422502334,
          0.09292234457160035,
          0.09209357081592316,
          0.09136226979002138,
          0.09069839418012028,
          0.08591368325299731,
          0.08361170706991106,
          0.07962222305503452,
          0.0760011306413534,
          0.07443037904697754,
          0.07132386838842648,
          0.0734774435043335,
          0.07218358397483826,
          0.07098716744670161,
          0.07701314372675759,
          0.0784898461144546,
          0.07986540699005126,
          0.0811482947872531,
          0.07861241057515145,
          0.08228468837160052,
          0.08103859761182,
          0.08100190026419503,
          0.08207957499557071,
          0.08201786228128381,
          0.08090997620632774,
          0.08088344775713407,
          0.08085927075147628,
          0.08029719041854647
        ],
        "t": [
          25,
          50,
          75,
          100,
          125,
          150,
          175,
          200,
          225,
          250,
          275,
          300,
          325,
          350,
          375,
          400,
          425,
          450,
          475,
          500,
          525,
          550,
          575,
          600,
          625,
          650,
          675,
          700,
          725,
          750,
          775,
          800,
          825,
          850,
          875,
          900,
          925,
          950,
          975,
          1000,
          1007
        ]
      },
      "curve_every": 25,
      "curve_time_ts": [
        1755607189.2302961,
        1764489601.992749,
        1749230456.1648982,
        1757692801.088487,
        1758664802.233784,
        1766128211.475931,
        1732637173.121185,
        1724251359.9818292,
        1721059248.318618,
        1744013206.271193,
        1762876482.4426408,
        1746826759.137544,
        1732896480.239716,
        1733157619.963896,
        1744989926.194477,
        1750393469.3211122,
        1761753601.459714,
        1754501963.403122,
        1759961288.509166,
        1763269211.025377,
        1761248934.536551,
        1763226002.830776,
        1760377501.636529,
        1758837601.160341,
        1758816001.2131681,
        1762223105.6333618,
        1739387368.848027,
        1748032840.909587,
        1757716857.430743,
        1764781204.521163,
        1765645206.241966,
        1735924157.979765,
        1721339217.885109,
        1763571613.495424,
        1763830813.849674,
        1751846980.529997,
        1764091557.935233,
        1740286957.537361,
        1765457700.588395,
        1751156628.462006,
        1732575428.504298
      ],
      "eps": 0.0,
      "family": "group_bin_indicator",
      "final": {
        "app_err": 0.08029719041854647,
        "top_violations": [
          {
            "bin_hi": 1.0,
            "bin_idx": 19,
            "bin_lo": 0.9500000000000001,
            "coord": 19,
            "group": "crypto",
            "group_idx": 0,
            "mean_payoff": -0.08029719041854647,
            "violation": 0.08029719041854647
          },
          {
            "bin_hi": 0.05,
            "bin_idx": 0,
            "bin_lo": 0.0,
            "coord": 0,
            "group": "crypto",
            "group_idx": 0,
            "mean_payoff": 0.06916853443991353,
            "violation": 0.06916853443991353
          },
          {
            "bin_hi": 0.05,
            "bin_idx": 0,
            "bin_lo": 0.0,
            "coord": 20,
            "group": "politics",
            "group_idx": 1,
            "mean_payoff": 0.056327390637227484,
            "violation": 0.056327390637227484
          },
          {
            "bin_hi": 1.0,
            "bin_idx": 19,
            "bin_lo": 0.9500000000000001,
            "coord": 39,
            "group": "politics",
            "group_idx": 1,
            "mean_payoff": -0.040648920296912396,
            "violation": 0.040648920296912396
          },
          {
            "bin_hi": 1.0,
            "bin_idx": 19,
            "bin_lo": 0.9500000000000001,
            "coord": 59,
            "group": "sports",
            "group_idx": 2,
            "mean_payoff": -0.02677132741223499,
            "violation": 0.02677132741223499
          },
          {
            "bin_hi": 0.05,
            "bin_idx": 0,
            "bin_lo": 0.0,
            "coord": 40,
            "group": "sports",
            "group_idx": 2,
            "mean_payoff": 0.018728744899650596,
            "violation": 0.018728744899650596
          },
          {
            "bin_hi": 0.55,
            "bin_idx": 10,
            "bin_lo": 0.5,
            "coord": 30,
            "group": "politics",
            "group_idx": 1,
            "mean_payoff": -0.0014901308577725998,
            "violation": 0.0014901308577725998
          },
          {
            "bin_hi": 0.55,
            "bin_idx": 10,
            "bin_lo": 0.5,
            "coord": 50,
            "group": "sports",
            "group_idx": 2,
            "mean_payoff": -0.0004965703205650352,
            "violation": 0.0004965703205650352
          },
          {
            "bin_hi": 0.55,
            "bin_idx": 10,
            "bin_lo": 0.5,
            "coord": 10,
            "group": "crypto",
            "group_idx": 0,
            "mean_payoff": 0.0004963044968712058,
            "violation": 0.0004963044968712058
          },
          {
            "bin_hi": 0.5,
            "bin_idx": 9,
            "bin_lo": 0.45,
            "coord": 9,
            "group": "crypto",
            "group_idx": 0,
            "mean_payoff": 2.864811129224336e-08,
            "violation": 2.864811129224336e-08
          }
        ]
      },
      "group_cols": [
        "topic"
      ],
      "n": 1007,
      "n_bins": 20,
      "n_groups": 3,
      "pred_col": "pred_prob",
      "time_col": "createdAt",
      "y_col": "y"
    },
    "brier": 0.3000428643239005,
    "ece": 0.29343253343406317,
    "groups": {
      "topic": {
        "avg_abs_bias": 0.03335981514934236,
        "n_groups": 3,
        "worst_abs_bias": 0.049136725159894146
      }
    },
    "logloss": 2.036703422939221,
    "n": 1007,
    "trading": {
      "B": 1.0,
      "mode": "sign",
      "pnl_per_event": 0.13075521397043682,
      "transaction_cost": 0.0
    }
  }
}
