{
  "llm_meta": null,
  "models": [
    {
      "arb_profit": 0.3999999910473824,
      "brier": 0.25,
      "ece": 0.0043999999999999595,
      "gcal_S": 0.4000000059604645,
      "gcal_S_argmax_key": 127,
      "logloss": 0.6931471805599454,
      "n_eval": 5000,
      "name": "AR-intrinsic",
      "sce": 0.1599999928379062
    },
    {
      "arb_profit": 0.1688195019841194,
      "brier": 0.11923980483792151,
      "ece": 0.16721951093673706,
      "gcal_S": 0.16881951689720154,
      "gcal_S_argmax_key": 127,
      "logloss": 0.41475794937675076,
      "n_eval": 5000,
      "name": "Diffusion-intrinsic",
      "sce": 0.028500024250166324
    },
    {
      "arb_profit": 0.3947517231762409,
      "brier": 0.24665197081368911,
      "ece": 0.017614732509851443,
      "gcal_S": 0.5041666030883789,
      "gcal_S_argmax_key": 22410,
      "logloss": 0.6863762088763669,
      "n_eval": 5000,
      "name": "AR+post",
      "sce": 0.15637288002079622
    },
    {
      "arb_profit": 0.010901099741458893,
      "brier": 0.09263854610090967,
      "ece": 0.013746057850122447,
      "gcal_S": 0.2958333492279053,
      "gcal_S_argmax_key": 8376,
      "logloss": 0.33246523278853013,
      "n_eval": 5000,
      "name": "Diffusion+post",
      "sce": 0.0016094650794599066
    }
  ]
}
