{
  "llm_meta": null,
  "models": [
    {
      "arb_profit": 0.3999999909341335,
      "brier": 0.25,
      "ece": 0.0014000000000000123,
      "gcal_S": 0.4000000059604645,
      "gcal_S_argmax_key": 1,
      "logloss": 0.6931471805599454,
      "n_eval": 5000,
      "name": "AR-intrinsic",
      "sce": 0.1599999927473071
    },
    {
      "arb_profit": 0.12246301745176315,
      "brier": 0.10588531132045996,
      "ece": 0.12086302651762963,
      "gcal_S": 0.12246304750442505,
      "gcal_S_argmax_key": 1,
      "logloss": 0.37876330284172766,
      "n_eval": 5000,
      "name": "Diffusion-intrinsic",
      "sce": 0.014997190643391736
    },
    {
      "arb_profit": 0.21401328411251305,
      "brier": 0.14310853382566172,
      "ece": 0.19350844859629868,
      "gcal_S": 0.5041666030883789,
      "gcal_S_argmax_key": 101,
      "logloss": 0.4667989504713653,
      "n_eval": 5000,
      "name": "AR+post",
      "sce": 0.052351110461664234
    },
    {
      "arb_profit": 0.06762060479819774,
      "brier": 0.09963734405909594,
      "ece": 0.06942061177790165,
      "gcal_S": 0.3270833492279053,
      "gcal_S_argmax_key": 2790,
      "logloss": 0.3561763013551108,
      "n_eval": 5000,
      "name": "Diffusion+post",
      "sce": 0.008391216398785485
    }
  ]
}
