{
  "metrics": {
    "brier": 0.24760280447928923,
    "ece": 0.19190016410436975,
    "logloss": 0.6884735084336779,
    "n": 415,
    "trading": {
      "B": 1.0,
      "kelly": {
        "final_bankroll": 1.3096780378522395e-14,
        "n": 415,
        "roi": -0.9999999999999869
      },
      "mode": "sign",
      "pnl_per_event": 0.013026506079680634,
      "transaction_cost": 0.0
    }
  },
  "train_meta": {
    "final_loss": 0.43825734255835413,
    "steps": 2000
  }
}
