{
  "llm_meta": null,
  "models": [
    {
      "arb_profit": 0.0,
      "brier": 0.09113599996578724,
      "ece": 0.0014199910169840082,
      "logloss": 0.32820303210119484,
      "n_eval": 50000,
      "name": "oracle",
      "sce": 0.0
    },
    {
      "arb_profit": 0.39999999101698397,
      "brier": 0.25,
      "ece": 0.0008399999999999519,
      "logloss": 0.6931471805599453,
      "n_eval": 50000,
      "name": "const_0.5",
      "sce": 0.1599999928135875
    },
    {
      "arb_profit": 0.0346766858869791,
      "brier": 0.09223999135367596,
      "ece": 0.03325669486999509,
      "logloss": 0.33331621454269783,
      "n_eval": 50000,
      "name": "diff_analytic_rho=0.985",
      "sce": 0.0012024725441044375
    },
    {
      "arb_profit": 0.39999999101698397,
      "brier": 0.25,
      "ece": 0.0008399999999999519,
      "logloss": 0.6931471805599453,
      "n_eval": 50000,
      "name": "L_query_oracle(L=2)",
      "sce": 0.1599999928135875
    }
  ]
}
