{
  "models": [
    {
      "arb_profit": 0.39807724155820906,
      "brier": 0.38583326826748154,
      "ece": 0.36552790174148975,
      "logloss": 1.0970092446761301,
      "n_eval": 20000,
      "name": "learned_logit_diff(T=64,sample_steps=32)",
      "sce": 0.29521240829671935
    }
  ],
  "train_meta": {
    "final_loss": 0.05742395792156458,
    "steps": 5000
  }
}
