{
  "metrics": {
    "brier": 0.4647836062375813,
    "ece": 0.5146496265232562,
    "groups": {
      "ttc_q5": {
        "avg_abs_bias": 0.5146496265232563,
        "n_groups": 5,
        "worst_abs_bias": 0.5966501590347998
      },
      "volume_q5": {
        "avg_abs_bias": 0.5146496265232563,
        "n_groups": 5,
        "worst_abs_bias": 0.5474589317291975
      }
    },
    "logloss": 1.2231826750556418,
    "n": 4000,
    "trading": {
      "B": 1.0,
      "kelly": {
        "final_bankroll": 7.144975663543222e-258,
        "n": 4000,
        "roi": -1.0
      },
      "mode": "sign",
      "pnl_per_event": -0.1601473753735627,
      "transaction_cost": 0.0
    }
  },
  "train_meta": {
    "final_loss": 0.03210400042589754,
    "steps": 6000
  }
}
