{
  "impact_model": {
    "name": "random_average_2801",
    "regime": "average",
    "base_fill_prob": 0.713869955680837,
    "fill_size_decay": 0.13908777773075381,
    "fill_spread_sensitivity": 2.588626165855217,
    "permanent_impact": 0.0023557948735449417,
    "temporary_impact": 0.009679682324128958,
    "impact_power": 0.5960317627028485,
    "adverse_selection": 0.040207403330844924,
    "adverse_selection_decay": 0.7371571826454038,
    "mev_extraction_rate": 0.01496916457574128,
    "reorder_probability": 0.03620580924399944,
    "block_delay_cost": 0.0009674770415059958,
    "base_liquidity": 7815.197865251939,
    "liquidity_price_factor": 2.0,
    "exit_spread": 0.026844681832431536,
    "exit_impact_mult": 2.187961637712061,
    "stress_multiplier": 1.0
  },
  "best_params": {
    "spread_threshold": 0.03703139556139414,
    "n_bins": 6,
    "kelly_fraction": 0.45586067908860023,
    "max_position_pct": 0.12321148537458798,
    "fee": 0.020815065278721866
  },
  "optimization_sharpe": 739086404179.0835,
  "final_evaluation": {
    "mean_sharpe": 7.158031152607889,
    "std_sharpe": 1.4722787214086794,
    "min_sharpe": 4.454218802060644,
    "p5_sharpe": 5.12221170740024,
    "p25_sharpe": 6.185311910470814,
    "median_sharpe": 7.084098595817704,
    "mean_return": 3408.1658550596894,
    "mean_fill_rate": 0.004839718530101642,
    "mean_drawdown": 0.009404266729891904,
    "mean_impact_cost": 0.5381593413467023,
    "mean_mev_cost": 0.9873052550457875,
    "mean_as_cost": 0.24163369826774347,
    "n_simulations": 50,
    "impact_model": "random_average_2801",
    "regime": "average"
  },
  "all_trials": [
    {
      "number": 0,
      "value": 8.438020842664743,
      "params": {
        "spread_threshold": 0.062435616638630745,
        "n_bins": 24,
        "kelly_fraction": 0.3793972738151323,
        "max_position_pct": 0.15769145136531842,
        "fee": 0.008900466011060912
      }
    },
    {
      "number": 1,
      "value": 68.21935741127795,
      "params": {
        "spread_threshold": 0.03183923284706837,
        "n_bins": 6,
        "kelly_fraction": 0.4397792655987208,
        "max_position_pct": 0.15825645270093802,
        "fee": 0.022701814444901137
      }
    },
    {
      "number": 2,
      "value": 11.788568515962647,
      "params": {
        "spread_threshold": 0.012881829201412343,
        "n_bins": 25,
        "kelly_fraction": 0.4245991883601898,
        "max_position_pct": 0.06883799545600351,
        "fee": 0.009545624180177514
      }
    },
    {
      "number": 3,
      "value": 18.138575466090423,
      "params": {
        "spread_threshold": 0.03567663137948073,
        "n_bins": 11,
        "kelly_fraction": 0.28614039423450705,
        "max_position_pct": 0.11934735428768663,
        "fee": 0.012280728504951047
      }
    },
    {
      "number": 4,
      "value": 20.950217944164425,
      "params": {
        "spread_threshold": 0.09565940526113312,
        "n_bins": 7,
        "kelly_fraction": 0.1814650918408482,
        "max_position_pct": 0.1042632239575491,
        "fee": 0.016401749605425897
      }
    },
    {
      "number": 5,
      "value": 8.410780937033183,
      "params": {
        "spread_threshold": 0.11992463459502188,
        "n_bins": 9,
        "kelly_fraction": 0.28140549728612524,
        "max_position_pct": 0.15625535083826977,
        "fee": 0.006161260317999943
      }
    },
    {
      "number": 6,
      "value": 10.726490240120741,
      "params": {
        "spread_threshold": 0.09505627926620136,
        "n_bins": 8,
        "kelly_fraction": 0.0792732168433758,
        "max_position_pct": 0.23824367356826665,
        "fee": 0.02914080082686398
      }
    },
    {
      "number": 7,
      "value": 13.021726104238539,
      "params": {
        "spread_threshold": 0.12317562873630454,
        "n_bins": 11,
        "kelly_fraction": 0.09395245130287275,
        "max_position_pct": 0.17737359609779607,
        "fee": 0.01600381234349003
      }
    },
    {
      "number": 8,
      "value": 8.205287913333091,
      "params": {
        "spread_threshold": 0.027085352878269034,
        "n_bins": 15,
        "kelly_fraction": 0.06547483450184828,
        "max_position_pct": 0.2291436924781199,
        "fee": 0.011469499540000422
      }
    },
    {
      "number": 9,
      "value": 20.032043338056724,
      "params": {
        "spread_threshold": 0.10275311980955747,
        "n_bins": 11,
        "kelly_fraction": 0.28403060953001485,
        "max_position_pct": 0.14574336424895432,
        "fee": 0.009621361388138176
      }
    },
    {
      "number": 10,
      "value": 12.235233258685035,
      "params": {
        "spread_threshold": 0.060014184851109945,
        "n_bins": 17,
        "kelly_fraction": 0.4862916998545396,
        "max_position_pct": 0.02413123139140852,
        "fee": 0.02584079164149875
      }
    },
    {
      "number": 11,
      "value": 13.463370031617702,
      "params": {
        "spread_threshold": 0.07133132984465616,
        "n_bins": 5,
        "kelly_fraction": 0.17007152075188547,
        "max_position_pct": 0.09700289053134434,
        "fee": 0.021327271030623558
      }
    },
    {
      "number": 12,
      "value": 13.767790373234552,
      "params": {
        "spread_threshold": 0.1467641709232364,
        "n_bins": 5,
        "kelly_fraction": 0.1905551927665381,
        "max_position_pct": 0.18945326785661504,
        "fee": 0.020217184567544705
      }
    },
    {
      "number": 13,
      "value": 7.60340761547866,
      "params": {
        "spread_threshold": 0.043609321639411495,
        "n_bins": 15,
        "kelly_fraction": 0.19885098728735684,
        "max_position_pct": 0.08140794677743496,
        "fee": 0.016170600407416587
      }
    },
    {
      "number": 14,
      "value": 10.676049838057153,
      "params": {
        "spread_threshold": 0.08793736264450167,
        "n_bins": 19,
        "kelly_fraction": 0.369038436267091,
        "max_position_pct": 0.11274460476197082,
        "fee": 0.023429971639325725
      }
    },
    {
      "number": 15,
      "value": 23.718027741486594,
      "params": {
        "spread_threshold": 0.1154514151637061,
        "n_bins": 7,
        "kelly_fraction": 0.4982074392863459,
        "max_position_pct": 0.05424702827492541,
        "fee": 0.018674863187246836
      }
    },
    {
      "number": 16,
      "value": 19.083468113836144,
      "params": {
        "spread_threshold": 0.14991074140981717,
        "n_bins": 21,
        "kelly_fraction": 0.48033509091742776,
        "max_position_pct": 0.19114413003193123,
        "fee": 0.019315493531988904
      }
    },
    {
      "number": 17,
      "value": 11.553975757626617,
      "params": {
        "spread_threshold": 0.11862662997261549,
        "n_bins": 13,
        "kelly_fraction": 0.4397057724835545,
        "max_position_pct": 0.04286633588173169,
        "fee": 0.025435948644698895
      }
    },
    {
      "number": 18,
      "value": 26.27683925090113,
      "params": {
        "spread_threshold": 0.05309880417399152,
        "n_bins": 7,
        "kelly_fraction": 0.3533614856063474,
        "max_position_pct": 0.058077944718636934,
        "fee": 0.023101569651236466
      }
    },
    {
      "number": 19,
      "value": 16.207399971583303,
      "params": {
        "spread_threshold": 0.04794474774165615,
        "n_bins": 5,
        "kelly_fraction": 0.34448823539041856,
        "max_position_pct": 0.1356457013482097,
        "fee": 0.028211049725172757
      }
    },
    {
      "number": 20,
      "value": 8.323208770573146,
      "params": {
        "spread_threshold": 0.025144089033989098,
        "n_bins": 9,
        "kelly_fraction": 0.3241669802947307,
        "max_position_pct": 0.2155375124330379,
        "fee": 0.022648470059095635
      }
    },
    {
      "number": 21,
      "value": 24.691982419176668,
      "params": {
        "spread_threshold": 0.05495723717427391,
        "n_bins": 7,