{
  "metrics": {
    "approachability": {
      "clip_eps": 1e-06,
      "curve": {
        "app_err": [
          0.018160817325115205,
          0.009557189643383026,
          0.007034929543733597,
          0.00696244329214096,
          0.006306561857461929,
          0.01081458347539107,
          0.009060724143471036,
          0.009688316453248262,
          0.00913907605740759,
          0.010092459425330162,
          0.010879747000607577,
          0.011208724801739057,
          0.01142115063392199,
          0.012590389539088523,
          0.01250582519173622,
          0.012417130134999753,
          0.012807039688615239,
          0.012465958694616953,
          0.012639005560623973,
          0.012173084877431392,
          0.011625121022973741,
          0.011096706431020389,
          0.010614240934019503,
          0.010261771394806581
        ],
        "t": [
          200,
          400,
          600,
          800,
          1000,
          1200,
          1400,
          1600,
          1800,
          2000,
          2200,
          2400,
          2600,
          2800,
          3000,
          3200,
          3400,
          3600,
          3800,
          4000,
          4200,
          4400,
          4600,
          4758
        ]
      },
      "curve_every": 200,
      "curve_time_ts": [
        1683057889.0,
        1691592550.0,
        1698732373.0,
        1704007464.0,
        1706684625.0,
        1708906653.0,
        1709794107.0,
        1711345805.0,
        1713161062.0,
        1714511346.0,
        1716063605.0,
        1717349232.0,
        1718430753.0,
        1719274523.0,
        1719749355.0,
        1720467741.0,
        1721288416.0,
        1722376838.0,
        1722839452.0,
        1723315813.0,
        1730475012.0,
        1730849711.0,
        1732174541.0,
        1739085597.0
      ],
      "eps": 0.0,
      "family": "group_bin_indicator",
      "final": {
        "app_err": 0.010261771394806581,
        "top_violations": [
          {
            "bin_hi": 0.4,
            "bin_idx": 7,
            "bin_lo": 0.35000000000000003,
            "coord": 67,
            "group": "(5409.256, 15629.304]|nan",
            "group_idx": 3,
            "mean_payoff": -0.010261771394806581,
            "violation": 0.010261771394806581
          },
          {
            "bin_hi": 0.4,
            "bin_idx": 7,
            "bin_lo": 0.35000000000000003,
            "coord": 87,
            "group": "(999.999, 5409.256]|nan",
            "group_idx": 4,
            "mean_payoff": -0.008312903936543652,
            "violation": 0.008312903936543652
          },
          {
            "bin_hi": 0.35000000000000003,
            "bin_idx": 6,
            "bin_lo": 0.30000000000000004,
            "coord": 86,
            "group": "(999.999, 5409.256]|nan",
            "group_idx": 4,
            "mean_payoff": -0.007084085791989904,
            "violation": 0.007084085791989904
          },
          {
            "bin_hi": 0.4,
            "bin_idx": 7,
            "bin_lo": 0.35000000000000003,
            "coord": 7,
            "group": "(139356.56, 1531479284.504]|nan",
            "group_idx": 0,
            "mean_payoff": -0.00669527191632733,
            "violation": 0.00669527191632733
          },
          {
            "bin_hi": 0.4,
            "bin_idx": 7,
            "bin_lo": 0.35000000000000003,
            "coord": 47,
            "group": "(38940.746, 139356.56]|nan",
            "group_idx": 2,
            "mean_payoff": -0.006455384799290626,
            "violation": 0.006455384799290626
          },
          {
            "bin_hi": 0.45,
            "bin_idx": 8,
            "bin_lo": 0.4,
            "coord": 8,
            "group": "(139356.56, 1531479284.504]|nan",
            "group_idx": 0,
            "mean_payoff": -0.006120955257568103,
            "violation": 0.006120955257568103
          },
          {
            "bin_hi": 0.4,
            "bin_idx": 7,
            "bin_lo": 0.35000000000000003,
            "coord": 27,
            "group": "(15629.304, 38940.746]|nan",
            "group_idx": 1,
            "mean_payoff": -0.005211501724833248,
            "violation": 0.005211501724833248
          },
          {
            "bin_hi": 0.35000000000000003,
            "bin_idx": 6,
            "bin_lo": 0.30000000000000004,
            "coord": 66,
            "group": "(5409.256, 15629.304]|nan",
            "group_idx": 3,
            "mean_payoff": -0.005094751321051791,
            "violation": 0.005094751321051791
          },
          {
            "bin_hi": 0.45,
            "bin_idx": 8,
            "bin_lo": 0.4,
            "coord": 28,
            "group": "(15629.304, 38940.746]|nan",
            "group_idx": 1,
            "mean_payoff": -0.004908777237840439,
            "violation": 0.004908777237840439
          },
          {
            "bin_hi": 0.45,
            "bin_idx": 8,
            "bin_lo": 0.4,
            "coord": 48,
            "group": "(38940.746, 139356.56]|nan",
            "group_idx": 2,
            "mean_payoff": -0.0046793358849096115,
            "violation": 0.0046793358849096115
          }
        ]
      },
      "group_cols": [
        "volume_q5",
        "ttc_q5"
      ],
      "n": 4758,
      "n_bins": 20,
      "n_groups": 5,
      "pred_col": "pred_prob",
      "time_col": "market_prob_target_ts",
      "y_col": "y"
    },
    "brier": 0.19736611075649077,
    "ece": 0.10031598318601517,
    "groups": {
      "ttc_q5": {
        "avg_abs_bias": 0.09928283986830069,
        "n_groups": 1,
        "worst_abs_bias": 0.09928283986830069
      },
      "volume_q5": {
        "avg_abs_bias": 0.09928283986830069,
        "n_groups": 5,
        "worst_abs_bias": 0.11640075569925439
      }
    },
    "logloss": 0.5844648332099305,
    "n": 4758,
    "trading": {
      "B": 1.0,
      "mode": "sign",
      "pnl_per_event": -0.0040808111972534915,
      "transaction_cost": 0.0
    }
  }
}
