{
  "llm_meta": null,
  "metrics": {
    "approachability": {
      "clip_eps": 1e-06,
      "curve": {
        "app_err": [
          0.2795473873615265,
          0.2242143750190735,
          0.17851860125859578,
          0.1799896776676178,
          0.18075565338134766,
          0.1548592895269394,
          0.17299383112362454,
          0.17445979490876198,
          0.16557583345307245,
          0.15713245332241058,
          0.14679912708022377,
          0.14643219411373137,
          0.1451467481943277,
          0.14828129027570996,
          0.13793839891751608,
          0.1459439717233181,
          0.1535987278994392,
          0.15479378667142657,
          0.15593417255501998,
          0.16671285629272461,
          0.17620805218106225,
          0.18066353418610312,
          0.18088464270467344,
          0.1768814392387867,
          0.17675297784805297,
          0.18075902347381298,
          0.1844343121405001,
          0.18751978597470692,
          0.19042608861265511,
          0.1869733347495397,
          0.1896150004479193,
          0.19762702453881503,
          0.20008635394500965,
          0.19396106933846194,
          0.19349908862795148,
          0.19580393003092872,
          0.19302834175728462,
          0.18781322507481826,
          0.18299750135495113,
          0.18050237312912942,
          0.17832750198317737,
          0.17852018049785068,
          0.1892914537773576,
          0.1934642557393421,
          0.19300110008981491,
          0.19078257874302243,
          0.1867233749399794,
          0.18283330462872982,
          0.1808105204786573,
          0.17704716789722444,
          0.17539185577747868,
          0.17377589952487213,
          0.17393605799045203,
          0.17244187140906297,
          0.16930656465617094,
          0.16789164724094527,
          0.16482621379065931,
          0.16357495198989735,
          0.16234126767869722,
          0.1610979617635409,
          0.15845701157069597,
          0.1559012533195557,
          0.15342663025099135,
          0.1508794527500868,
          0.14855823040008545,
          0.14795140876914514,
          0.14826651482439754,
          0.1528745801133268,
          0.15843465578728827,
          0.16016109577247076,
          0.16054155574717993,
          0.16205383150113953,
          0.1661007966080757,
          0.16749300433171763,
          0.16895113921165467,
          0.17151885126766406,
          0.170127353265688,
          0.17254731892011105,
          0.17262835510169403,
          0.17047050066292285,
          0.17272785865230325,
          0.17394724851701318,
          0.17627057375678096,
          0.17526105379774456,
          0.17421646938604468,
          0.1732809237269468,
          0.17556411754125836,
          0.17568260261958296,
          0.18104751002922487,
          0.1810230533281962,
          0.18180293028171246,
          0.18184326355871946,
          0.18065895822740372,
          0.18263888378092583,
          0.18171399060048554,
          0.18367361575365065,
          0.1836074621407027,
          0.18167525323069825,
          0.18075414594977793,
          0.18175169306993486,
          0.18048827514392735
        ],
        "t": [
          10,
          20,
          30,
          40,
          50,
          60,
          70,
          80,
          90,
          100,
          110,
          120,
          130,
          140,
          150,
          160,
          170,
          180,
          190,
          200,
          210,
          220,
          230,
          240,
          250,
          260,
          270,
          280,
          290,
          300,
          310,
          320,
          330,
          340,
          350,
          360,
          370,
          380,
          390,
          400,
          410,
          420,
          430,
          440,
          450,
          460,
          470,
          480,
          490,
          500,
          510,
          520,
          530,
          540,
          550,
          560,
          570,
          580,
          590,
          600,
          610,
          620,
          630,
          640,
          650,
          660,
          670,
          680,
          690,
          700,
          710,
          720,
          730,
          740,
          750,
          760,
          770,
          780,
          790,
          800,
          810,
          820,
          830,
          840,
          850,
          860,
          870,
          880,
          890,
          900,
          910,
          920,
          930,
          940,
          950,
          960,
          970,
          980,
          990,
          1000,
          1007
        ]
      },
      "curve_every": 10,
      "curve_time_ts": [
        1764454170.796427,
        1764975603.961904,
        1746039253.0143192,
        1764975612.153339,
        1764489601.992749,
        1716582294.7209432,
        1752605662.6692412,
        1759844335.3846478,
        1763787610.0185869,
        1757692801.088487,
        1759939208.795478,
        1758794401.875069,
        1731691630.1683772,
        1739819940.558997,
        1766128211.475931,
        1731360767.473193,
        1747826494.497078,
        1731345013.192617,
        1761752127.082299,
        1724251359.9818292,
        1762534807.499985,
        1753657955.134179,
        1758218401.015598,
        1762783201.985727,
        1744013206.271193,
        1738097857.646245,
        1764692785.823267,
        1765644312.955094,
        1741718796.5851278,
        1746826759.137544,
        1755052271.978944,
        1719329152.9853811,
        1746024239.769436,
        1739908022.8717282,
        1733157619.963896,
        1739554895.0982451,
        1757469602.148373,
        1758477606.872763,
        1706902277.555,
        1750393469.3211122,
        1761250571.603311,
        1749734045.005978,
        1746720660.0606349,
        1761973211.340328,
        1754501963.403122,
        1721337199.335254,
        1759156206.500031,
        1751041023.0296881,
        1745356531.062998,
        1763269211.025377,
        1727806734.245898,
        1730932630.057837,
        1761973215.2418509,
        1766142002.3824341,
        1763226002.830776,
        1745609629.460533,
        1756244627.0302022,
        1757858401.1297889,
        1756036260.793134,
        1758837601.160341,
        1711666263.289073,
        1740421669.607776,
        1761591612.9363992,
        1735226592.8636968,
        1762223105.6333618,
        1753991288.3870678,
        1740761344.372457,
        1762880403.058697,
        1757714403.857494,
        1748032840.909587,
        1759844110.7113678,
        1751910876.8960488,
        1765811736.542372,
        1765806404.7742379,
        1764781204.521163,
        1763135958.401702,
        1763881202.662116,
        1734551774.4662971,
        1764486001.851128,
        1735924157.979765,
        1755662798.0162182,
        1766207414.369201,
        1763135956.193148,
        1752434790.686443,
        1763571613.495424,
        1733521425.733613,
        1765812071.190853,
        1764262903.998254,
        1733765458.570956,
        1751846980.529997,
        1747421331.840116,
        1759965347.421449,
        1765645206.167368,
        1738024231.963965,
        1740286957.537361,
        1761494411.997787,
        1762270074.508912,
        1758551402.289948,
        1741641677.287648,
        1751156628.462006,
        1732575428.504298
      ],
      "eps": 0.0,
      "family": "group_bin_indicator",
      "final": {
        "app_err": 0.18048827514392735,
        "top_violations": [
          {
            "bin_hi": 0.9500000000000001,
            "bin_idx": 18,
            "bin_lo": 0.9,
            "coord": 18,
            "group": "crypto",
            "group_idx": 0,
            "mean_payoff": -0.18048827514392735,