{
  "llm_meta": {
    "K": 5,
    "n": 512,
    "parse_failures": 44
  },
  "metrics": {
    "approachability": {
      "clip_eps": 1e-06,
      "curve": {
        "app_err": [
          0.004009999910340412,
          0.04999500000012631,
          0.03333000000008421,
          0.025,
          0.03859396003144402,
          0.049996633333417535,
          0.042854257142929314,
          0.03749747500006315,
          0.033331088888945024,
          0.029997980000050523,
          0.03636179090913683,
          0.03333164166670877,
          0.030767669230808092,
          0.028569978571464656,
          0.02639864667266081,
          0.02474873125561951,
          0.023292923534700714,
          0.02199887222721734,
          0.020841036846837482,
          0.019798985004495607,
          0.02302664287199956,
          0.02197997728690867,
          0.021023891317923624,
          0.020147895846343473,
          0.019839184003596487,
          0.01907613846499662,
          0.018369614818144895,
          0.02128498214606829,
          0.020551013796203867,
          0.01986598000299707,
          0.019225141938384264,
          0.021749353127809755,
          0.02109028182090643,
          0.02046997941440918,
          0.019770837147980544,
          0.019221647227203306,
          0.018702143248089706,
          0.018209981583666292,
          0.017743056414854335,
          0.017299480004482976,
          0.01931656341900778,
          0.018856645242364738,
          0.018418118608821372,
          0.017999525004075433,
          0.017599535559540424,
          0.01721693696041998,
          0.01685061915275147,
          0.016499356253741077,
          0.01616263469754228,
          0.015839382003591432,
          0.015526239219129016,
          0.015465589847179294
        ],
        "t": [
          10,
          20,
          30,
          40,
          50,
          60,
          70,
          80,
          90,
          100,
          110,
          120,
          130,
          140,
          150,
          160,
          170,
          180,
          190,
          200,
          210,
          220,
          230,
          240,
          250,
          260,
          270,
          280,
          290,
          300,
          310,
          320,
          330,
          340,
          350,
          360,
          370,
          380,
          390,
          400,
          410,
          420,
          430,
          440,
          450,
          460,
          470,
          480,
          490,
          500,
          510,
          512
        ]
      },
      "curve_every": 10,
      "curve_time_ts": [
        1761494402.1636631,
        1755786667.721317,
        1765818520.389775,
        1765786214.032286,
        1744297137.744982,
        1743785725.848381,
        1746452030.655029,
        1762794001.270776,
        1705518718.9550002,
        1737407801.1653152,
        1754908235.620882,
        1764257590.394356,
        1755425181.302361,
        1730222513.407464,
        1715277908.478744,
        1741787261.491043,
        1751407713.820672,
        1757354407.969131,
        1749734045.005978,
        1761572794.019048,
        1721241003.453942,
        1744142979.180035,
        1763744401.618592,
        1763740964.805242,
        1733775829.381151,
        1750369127.810498,
        1737410160.603235,
        1758693603.5605881,
        1719090696.494977,
        1732693988.891347,
        1744066566.3936791,
        1753807738.266647,
        1756128808.9727721,
        1761248929.707416,
        1761579904.8051589,
        1758038403.760753,
        1753102433.035558,
        1746661452.218008,
        1727720147.5087008,
        1759766353.561051,
        1763787610.455581,
        1760932812.160964,
        1730930874.109406,
        1740775355.674517,
        1753813464.605763,
        1761222200.198248,
        1757692802.633375,
        1763933884.2021928,
        1764871690.7842371,
        1710945913.197921,
        1726518909.100841,
        1754868138.073339
      ],
      "eps": 0.0,
      "family": "group_bin_indicator",
      "final": {
        "app_err": 0.015465589847179294,
        "top_violations": [
          {
            "bin_hi": 0.05,
            "bin_idx": 0,
            "bin_lo": 0.0,
            "coord": 0,
            "group": "(101.03, 2337.455]|(13625.198, 163838.173]",
            "group_idx": 0,
            "mean_payoff": 0.015465589847179294,
            "violation": 0.015465589847179294
          },
          {
            "bin_hi": 0.05,
            "bin_idx": 0,
            "bin_lo": 0.0,
            "coord": 480,
            "group": "(8885.694, 25468.52]|(13625.198, 163838.173]",
            "group_idx": 24,
            "mean_payoff": 0.015389826177133423,
            "violation": 0.015389826177133423
          },
          {
            "bin_hi": 0.05,
            "bin_idx": 0,
            "bin_lo": 0.0,
            "coord": 400,
            "group": "(80556.181, 17217303.425]|(2315698.079, 34765814.095]",
            "group_idx": 20,
            "mean_payoff": 0.015147251962720897,
            "violation": 0.015147251962720897
          },
          {
            "bin_hi": 0.05,
            "bin_idx": 0,
            "bin_lo": 0.0,
            "coord": 280,
            "group": "(25468.52, 80556.181]|(2315698.079, 34765814.095]",
            "group_idx": 14,
            "mean_payoff": 0.009442767583893492,
            "violation": 0.009442767583893492
          },
          {
            "bin_hi": 0.05,
            "bin_idx": 0,
            "bin_lo": 0.0,
            "coord": 260,
            "group": "(25468.52, 80556.181]|(163838.173, 583443.869]",
            "group_idx": 13,
            "mean_payoff": 0.009373355477522594,
            "violation": 0.009373355477522594
          },
          {
            "bin_hi": 0.05,
            "bin_idx": 0,
            "bin_lo": 0.0,
            "coord": 500,
            "group": "(8885.694, 25468.52]|(163838.173, 583443.869]",
            "group_idx": 25,
            "mean_payoff": 0.009295417979249017,
            "violation": 0.009295417979249017
          },
          {
            "bin_hi": 0.05,
            "bin_idx": 0,
            "bin_lo": 0.0,
            "coord": 440,
            "group": "(80556.181, 17217303.425]|(856093.761, 2315698.079]",
            "group_idx": 22,
            "mean_payoff": 0.009217955090368343,
            "violation": 0.009217955090368343
          },
          {
            "bin_hi": 0.05,
            "bin_idx": 0,
            "bin_lo": 0.0,
            "coord": 240,
            "group": "(25468.52, 80556.181]|(13625.198, 163838.173]",
            "group_idx": 12,
            "mean_payoff": 0.007597248051686999,
            "violation": 0.007597248051686999
          },
          {
            "bin_hi": 0.05,
            "bin_idx": 0,
            "bin_lo": 0.0,
            "coord": 560,
            "group": "(8885.694, 25468.52]|(856093.761, 2315698.079]",
            "group_idx": 28,
            "mean_payoff": 0.007496628913160159,
            "violation": 0.007496628913160159
          },
          {
            "bin_hi": 0.05,
            "bin_idx": 0,
            "bin_lo": 0.0,
            "coord": 540,
            "group": "(8885.694, 25468.52]|(583443.869, 856093.761]",
            "group_idx": 27,
            "mean_payoff": 0.007495302740739371,
            "violation": 0.007495302740739371
          }
        ]
      },
      "group_cols": [
        "volume_q5",
        "ttc_q5"
      ],
      "n": 512,
      "n_bins": 20,
      "n_groups": 30,
      "pred_col": "pred_prob",
      "time_col": "createdAt",
      "y_col": "y"
    },
    "brier": 0.23130907104013715,
    "ece": 0.2017712927499087,
    "groups": {
      "ttc_q5": {
        "avg_abs_bias": 0.15677129264979156,
        "n_groups": 6,
        "worst_abs_bias": 0.2778018750139036
      },