{
  "metrics": {
    "brier": 0.30211388684159385,
    "ece": 0.3293549145758152,
    "groups": {
      "ttc_q5": {
        "avg_abs_bias": 0.3293549145758152,
        "n_groups": 5,
        "worst_abs_bias": 0.40715581007087337
      },
      "volume_q5": {
        "avg_abs_bias": 0.32935491457581517,
        "n_groups": 5,
        "worst_abs_bias": 0.3498419229488646
      }
    },
    "logloss": 0.7993972273232749,
    "n": 4000,
    "trading": {
      "B": 1.0,
      "kelly": {
        "final_bankroll": 7.8382462135762525e-202,
        "n": 4000,
        "roi": -1.0
      },
      "mode": "sign",
      "pnl_per_event": -0.1567425003430835,
      "transaction_cost": 0.0
    }
  },
  "train_meta": {
    "final_loss": 0.2632096065580845,
    "steps": 6000
  }
}
