{
  "llm_meta": null,
  "metrics": {
    "approachability": {
      "clip_eps": 1e-06,
      "curve": {
        "app_err": [
          0.09767166078090668,
          0.04883583039045334,
          0.05470608075459798,
          0.04889524877071381,
          0.02805849313735962,
          0.02436548372109731,
          0.02715719257082258,
          0.023762543499469758,
          0.020554338230027093,
          0.018498904407024383,
          0.01900471882386641,
          0.017420992255210876,
          0.016080915927886963,
          0.015100951067038945,
          0.019156391223271688,
          0.02015625350177288,
          0.01897059153108036,
          0.01791666977935367,
          0.01896536475733707,
          0.01992104634642601,
          0.022441596218517847,
          0.023090781000527468,
          0.022086834000504534,
          0.021166549250483512,
          0.02031988728046417,
          0.020896692803272835,
          0.020122741217966433,
          0.019404071888753347,
          0.020013581781551756,
          0.019346462388833363,
          0.018722382956935513,
          0.018137308489531278,
          0.017587693080757603,
          0.017070407990147085,
          0.016582682047571455,
          0.016795728769567277,
          0.01727518672878678,
          0.017286454690130133,
          0.017539426684379578,
          0.017239421382546426,
          0.01700017306862808,
          0.01962548622063228,
          0.021124974309011946,
          0.020644861256534402,
          0.02018608656194475,
          0.01941954350989798,
          0.01991033928191408,
          0.02133268372466167,
          0.02264030222990075,
          0.02185055047273636,
          0.021422108306604272,
          0.0213384281960316
        ],
        "t": [
          10,
          20,
          30,
          40,
          50,
          60,
          70,
          80,
          90,
          100,
          110,
          120,
          130,
          140,
          150,
          160,
          170,
          180,
          190,
          200,
          210,
          220,
          230,
          240,
          250,
          260,
          270,
          280,
          290,
          300,
          310,
          320,
          330,
          340,
          350,
          360,
          370,
          380,
          390,
          400,
          410,
          420,
          430,
          440,
          450,
          460,
          470,
          480,
          490,
          500,
          510,
          512
        ]
      },
      "curve_every": 10,
      "curve_time_ts": [
        1761494402.1636631,
        1755786667.721317,
        1765818520.389775,
        1765786214.032286,
        1744297137.744982,
        1743785725.848381,
        1746452030.655029,
        1762794001.270776,
        1705518718.9550002,
        1737407801.1653152,
        1754908235.620882,
        1764257590.394356,
        1755425181.302361,
        1730222513.407464,
        1715277908.478744,
        1741787261.491043,
        1751407713.820672,
        1757354407.969131,
        1749734045.005978,
        1761572794.019048,
        1721241003.453942,
        1744142979.180035,
        1763744401.618592,
        1763740964.805242,
        1733775829.381151,
        1750369127.810498,
        1737410160.603235,
        1758693603.5605881,
        1719090696.494977,
        1732693988.891347,
        1744066566.3936791,
        1753807738.266647,
        1756128808.9727721,
        1761248929.707416,
        1761579904.8051589,
        1758038403.760753,
        1753102433.035558,
        1746661452.218008,
        1727720147.5087008,
        1759766353.561051,
        1763787610.455581,
        1760932812.160964,
        1730930874.109406,
        1740775355.674517,
        1753813464.605763,
        1761222200.198248,
        1757692802.633375,
        1763933884.2021928,
        1764871690.7842371,
        1710945913.197921,
        1726518909.100841,
        1754868138.073339
      ],
      "eps": 0.0,
      "family": "group_bin_indicator",
      "final": {
        "app_err": 0.0213384281960316,
        "top_violations": [
          {
            "bin_hi": 0.45,
            "bin_idx": 8,
            "bin_lo": 0.4,
            "coord": 8,
            "group": "crypto",
            "group_idx": 0,
            "mean_payoff": -0.0213384281960316,
            "violation": 0.0213384281960316
          },
          {
            "bin_hi": 0.55,
            "bin_idx": 10,
            "bin_lo": 0.5,
            "coord": 10,
            "group": "crypto",
            "group_idx": 0,
            "mean_payoff": -0.015029019792564213,
            "violation": 0.015029019792564213
          },
          {
            "bin_hi": 0.5,
            "bin_idx": 9,
            "bin_lo": 0.45,
            "coord": 9,
            "group": "crypto",
            "group_idx": 0,
            "mean_payoff": -0.013255561178084463,
            "violation": 0.013255561178084463
          },
          {
            "bin_hi": 0.4,
            "bin_idx": 7,
            "bin_lo": 0.35000000000000003,
            "coord": 27,
            "group": "politics",
            "group_idx": 1,
            "mean_payoff": -0.012609514291398227,
            "violation": 0.012609514291398227
          },
          {
            "bin_hi": 0.6000000000000001,
            "bin_idx": 11,
            "bin_lo": 0.55,
            "coord": 11,
            "group": "crypto",
            "group_idx": 0,
            "mean_payoff": -0.0116776303621009,
            "violation": 0.0116776303621009
          },
          {
            "bin_hi": 0.5,
            "bin_idx": 9,
            "bin_lo": 0.45,
            "coord": 29,
            "group": "politics",
            "group_idx": 1,
            "mean_payoff": -0.010958683211356401,
            "violation": 0.010958683211356401
          },
          {
            "bin_hi": 0.7000000000000001,
            "bin_idx": 13,
            "bin_lo": 0.65,
            "coord": 13,
            "group": "crypto",
            "group_idx": 0,
            "mean_payoff": -0.009836432873271406,
            "violation": 0.009836432873271406
          },
          {
            "bin_hi": 0.65,
            "bin_idx": 12,
            "bin_lo": 0.6000000000000001,
            "coord": 12,
            "group": "crypto",
            "group_idx": 0,
            "mean_payoff": -0.008581028669141233,
            "violation": 0.008581028669141233
          },
          {
            "bin_hi": 0.45,
            "bin_idx": 8,
            "bin_lo": 0.4,
            "coord": 28,
            "group": "politics",
            "group_idx": 1,
            "mean_payoff": -0.007567725842818618,
            "violation": 0.007567725842818618
          },
          {
            "bin_hi": 0.35000000000000003,
            "bin_idx": 6,
            "bin_lo": 0.30000000000000004,
            "coord": 26,
            "group": "politics",
            "group_idx": 1,
            "mean_payoff": -0.005682159797288477,
            "violation": 0.005682159797288477
          }
        ]
      },
      "group_cols": [
        "topic"
      ],
      "n": 512,
      "n_bins": 20,
      "n_groups": 3,
      "pred_col": "pred_prob",
      "time_col": "createdAt",
      "y_col": "y"
    },
    "brier": 0.2204333320495292,
    "ece": 0.16701576330160606,
    "groups": {
      "topic": {
        "avg_abs_bias": 0.1610315457037359,
        "n_groups": 3,
        "worst_abs_bias": 0.19235822738560496
      }
    },
    "logloss": 0.6309288845971415,
    "n": 512,
    "trading": {
      "B": 1.0,
      "mode": "sign",
      "pnl_per_event": 0.0862900394913595,
      "transaction_cost": 0.0
    }
  }
}
