{
  "metrics": {
    "approachability": {
      "clip_eps": 1e-06,
      "curve": {
        "app_err": [
          0.07992005109786987,
          0.07991843104362488,
          0.09294309712635974,
          0.09958172461600043,
          0.10359873437415809,
          0.09961689752526581,
          0.09103428986256144,
          0.08961302684969269,
          0.08849372238593382,
          0.09558974816882983,
          0.09050165379462256,
          0.09292470532663477,
          0.09188515396967817,
          0.09672919035556593,
          0.09292746352838974,
          0.09209830487932777,
          0.08901633735883105,
          0.08848264758449255,
          0.0838146271522304,
          0.08161758998129517,
          0.07772304613098857,
          0.07418826182457534,
          0.0726963306426921,
          0.06966209220020876,
          0.06847398754563183,
          0.067373971208536,
          0.06635388615196226,
          0.06844903017793383,
          0.0702210703389398,
          0.0718721543153127,
          0.07341422996213359,
          0.07112003527581692,
          0.07501929326490922,
          0.07398686808698318,
          0.07301001024246216,
          0.0743096532424291,
          0.07445793512705211,
          0.07438101846835037,
          0.07371121333195613,
          0.07386635673046112,
          0.07335288652478761
        ],
        "t": [
          25,
          50,
          75,
          100,
          125,
          150,
          175,
          200,
          225,
          250,
          275,
          300,
          325,
          350,
          375,
          400,
          425,
          450,
          475,
          500,
          525,
          550,
          575,
          600,
          625,
          650,
          675,
          700,
          725,
          750,
          775,
          800,
          825,
          850,
          875,
          900,
          925,
          950,
          975,
          1000,
          1007
        ]
      },
      "curve_every": 25,
      "curve_time_ts": [
        1755607189.2302961,
        1764489601.992749,
        1749230456.1648982,
        1757692801.088487,
        1758664802.233784,
        1766128211.475931,
        1732637173.121185,
        1724251359.9818292,
        1721059248.318618,
        1744013206.271193,
        1762876482.4426408,
        1746826759.137544,
        1732896480.239716,
        1733157619.963896,
        1744989926.194477,
        1750393469.3211122,
        1761753601.459714,
        1754501963.403122,
        1759961288.509166,
        1763269211.025377,
        1761248934.536551,
        1763226002.830776,
        1760377501.636529,
        1758837601.160341,
        1758816001.2131681,
        1762223105.6333618,
        1739387368.848027,
        1748032840.909587,
        1757716857.430743,
        1764781204.521163,
        1765645206.241966,
        1735924157.979765,
        1721339217.885109,
        1763571613.495424,
        1763830813.849674,
        1751846980.529997,
        1764091557.935233,
        1740286957.537361,
        1765457700.588395,
        1751156628.462006,
        1732575428.504298
      ],
      "eps": 0.0,
      "family": "group_bin_indicator",
      "final": {
        "app_err": 0.07335288652478761,
        "top_violations": [
          {
            "bin_hi": 1.0,
            "bin_idx": 19,
            "bin_lo": 0.9500000000000001,
            "coord": 19,
            "group": "crypto",
            "group_idx": 0,
            "mean_payoff": -0.07335288652478761,
            "violation": 0.07335288652478761
          },
          {
            "bin_hi": 0.05,
            "bin_idx": 0,
            "bin_lo": 0.0,
            "coord": 0,
            "group": "crypto",
            "group_idx": 0,
            "mean_payoff": 0.07213725253110502,
            "violation": 0.07213725253110502
          },
          {
            "bin_hi": 0.05,
            "bin_idx": 0,
            "bin_lo": 0.0,
            "coord": 20,
            "group": "politics",
            "group_idx": 1,
            "mean_payoff": 0.05533705524281278,
            "violation": 0.05533705524281278
          },
          {
            "bin_hi": 1.0,
            "bin_idx": 19,
            "bin_lo": 0.9500000000000001,
            "coord": 39,
            "group": "politics",
            "group_idx": 1,
            "mean_payoff": -0.04064794093400033,
            "violation": 0.04064794093400033
          },
          {
            "bin_hi": 1.0,
            "bin_idx": 19,
            "bin_lo": 0.9500000000000001,
            "coord": 59,
            "group": "sports",
            "group_idx": 2,
            "mean_payoff": -0.025779259891472128,
            "violation": 0.025779259891472128
          },
          {
            "bin_hi": 0.05,
            "bin_idx": 0,
            "bin_lo": 0.0,
            "coord": 40,
            "group": "sports",
            "group_idx": 2,
            "mean_payoff": 0.018730421143407307,
            "violation": 0.018730421143407307
          },
          {
            "bin_hi": 0.55,
            "bin_idx": 10,
            "bin_lo": 0.5,
            "coord": 30,
            "group": "politics",
            "group_idx": 1,
            "mean_payoff": -0.001986239671470392,
            "violation": 0.001986239671470392
          },
          {
            "bin_hi": 0.55,
            "bin_idx": 10,
            "bin_lo": 0.5,
            "coord": 50,
            "group": "sports",
            "group_idx": 2,
            "mean_payoff": -0.001986206939227531,
            "violation": 0.001986206939227531
          },
          {
            "bin_hi": 0.55,
            "bin_idx": 10,
            "bin_lo": 0.5,
            "coord": 10,
            "group": "crypto",
            "group_idx": 0,
            "mean_payoff": -0.0009932784361777736,
            "violation": 0.0009932784361777736
          },
          {
            "bin_hi": 0.5,
            "bin_idx": 9,
            "bin_lo": 0.45,
            "coord": 29,
            "group": "politics",
            "group_idx": 1,
            "mean_payoff": -0.0004964961551033633,
            "violation": 0.0004964961551033633
          }
        ]
      },
      "group_cols": [
        "topic"
      ],
      "n": 1007,
      "n_bins": 20,
      "n_groups": 3,
      "pred_col": "pred_prob",
      "time_col": "createdAt",
      "y_col": "y"
    },
    "brier": 0.2945921984015633,
    "ece": 0.2914469633041026,
    "groups": {
      "topic": {
        "avg_abs_bias": 0.02345026243392974,
        "n_groups": 3,
        "worst_abs_bias": 0.05199023432630513
      }
    },
    "logloss": 1.9967626901300364,
    "n": 1007,
    "trading": {
      "B": 1.0,
      "mode": "sign",
      "pnl_per_event": 0.13463207597283844,
      "transaction_cost": 0.0
    }
  }
}
