{
  "llm_meta": null,
  "models": [
    {
      "arb_profit": 0.39999999059438707,
      "brier": 0.25,
      "ece": 0.02180000000000004,
      "gcal_S": 0.4000000059604645,
      "gcal_S_argmax_key": 1,
      "logloss": 0.6931471805599454,
      "n_eval": 5000,
      "name": "AR-intrinsic",
      "sce": 0.15999999247550994
    },
    {
      "arb_profit": 0.22781312465667725,
      "brier": 0.1412789516099914,
      "ece": 0.22961313406229023,
      "gcal_S": 0.22781312465667725,
      "gcal_S_argmax_key": 0,
      "logloss": 0.46773560100766864,
      "n_eval": 5000,
      "name": "Diffusion-intrinsic",
      "sce": 0.051898819765838766
    },
    {
      "arb_profit": 0.030326115725934504,
      "brier": 0.09015310985198031,
      "ece": 0.030206120847165563,
      "gcal_S": 0.11590903997421265,
      "gcal_S_argmax_key": 132,
      "logloss": 0.32802850632923736,
      "n_eval": 5000,
      "name": "AR+post",
      "sce": 0.0015508215991119779
    },
    {
      "arb_profit": 0.026320471374690534,
      "brier": 0.0897235187765947,
      "ece": 0.026400473777949827,
      "gcal_S": 0.10292202234268188,
      "gcal_S_argmax_key": 132,
      "logloss": 0.32668196061051646,
      "n_eval": 5000,
      "name": "Diffusion+post",
      "sce": 0.0011739094098528323
    }
  ]
}
