{
  "llm_meta": {
    "K": 1,
    "L": 4,
    "aggregate": "mean",
    "max_new_tokens_used": 64,
    "n": 3072,
    "parse_failures": 3072
  },
  "models": [
    {
      "arb_profit": 0.39999999103019945,
      "brier": 0.25,
      "ece": 0.001953125,
      "gcal_S": 0.4000000059604645,
      "gcal_S_argmax_key": 1,
      "logloss": 0.6931471805599453,
      "n_eval": 1024,
      "name": "AR-intrinsic",
      "sce": 0.15999999282415986
    },
    {
      "arb_profit": 0.105963245005114,
      "brier": 0.088938394073935,
      "ece": 0.12686169147491455,
      "gcal_S": 0.10596325993537903,
      "gcal_S_argmax_key": 1,
      "logloss": 0.33736771615076055,
      "n_eval": 1024,
      "name": "Diffusion-intrinsic",
      "sce": 0.01122820929201404
    },
    {
      "arb_profit": 0.07442410950170597,
      "brier": 0.08428676009192937,
      "ece": 0.09303812011057744,
      "gcal_S": 0.17500001192092896,
      "gcal_S_argmax_key": 55,
      "logloss": 0.31936484756972283,
      "n_eval": 1024,
      "name": "AR+post",
      "sce": 0.007557942709003194
    },
    {
      "arb_profit": 0.047588891531631816,
      "brier": 0.07864239042780677,
      "ece": 0.06016654163977361,
      "gcal_S": 0.14722222089767456,
      "gcal_S_argmax_key": 55,
      "logloss": 0.300283742642412,
      "n_eval": 1024,
      "name": "Diffusion+post",
      "sce": 0.0034634422770923245
    }
  ]
}
