{
  "llm_meta": null,
  "models": [
    {
      "arb_profit": 0.3999999909341335,
      "brier": 0.25,
      "ece": 0.0014000000000000123,
      "gcal_S": 0.4000000059604645,
      "gcal_S_argmax_key": 1,
      "logloss": 0.6931471805599454,
      "n_eval": 5000,
      "name": "AR-intrinsic",
      "sce": 0.1599999927473071
    },
    {
      "arb_profit": 0.06634719657301903,
      "brier": 0.09546964063804413,
      "ece": 0.0647472056388855,
      "gcal_S": 0.06634721159934998,
      "gcal_S_argmax_key": 1,
      "logloss": 0.3456910404700555,
      "n_eval": 5000,
      "name": "Diffusion-intrinsic",
      "sce": 0.00440195049309905
    },
    {
      "arb_profit": 0.21401328411251305,
      "brier": 0.14310853382566172,
      "ece": 0.19350844859629868,
      "gcal_S": 0.5041666030883789,
      "gcal_S_argmax_key": 101,
      "logloss": 0.4667989504713653,
      "n_eval": 5000,
      "name": "AR+post",
      "sce": 0.052351110461664234
    },
    {
      "arb_profit": 0.05100462947934866,
      "brier": 0.09677097824834216,
      "ece": 0.055982131096720705,
      "gcal_S": 0.3062500059604645,
      "gcal_S_argmax_key": 2790,
      "logloss": 0.34800817906191944,
      "n_eval": 5000,
      "name": "Diffusion+post",
      "sce": 0.005500805375676367
    }
  ]
}
