{
  "llm_meta": null,
  "metrics": {
    "approachability": {
      "clip_eps": 1e-06,
      "curve": {
        "app_err": [
          0.15,
          0.075,
          0.06533333333333333,
          0.0615,
          0.0592,
          0.057666666666666665,
          0.0565,
          0.0556875,
          0.05494444444444445,
          0.054150000000000004,
          0.05372727272727273,
          0.057958333333333334,
          0.06499999999999999,
          0.06392857142857142,
          0.05966666666666666,
          0.0653125,
          0.06405882352941177,
          0.05772222222222222,
          0.054684210526315793,
          0.05195,
          0.05423809523809524,
          0.05852272727272727,
          0.06026086956521738,
          0.06397916666666666,
          0.06339999999999998,
          0.06288461538461536,
          0.060555555555555536,
          0.061964285714285694,
          0.05982758620689653,
          0.05783333333333331,
          0.05596774193548385,
          0.055781249999999984,
          0.05409090909090907,
          0.053970588235294104,
          0.05784285714285715,
          0.057625,
          0.06414864864864865,
          0.0624342105263158,
          0.0633846153846154,
          0.06416250000000001,
          0.06258536585365855,
          0.06458333333333335,
          0.06540697674418607,
          0.06619318181818185,
          0.06575555555555558,
          0.06428260869565221,
          0.06290425531914896,
          0.0615416666666667,
          0.06027551020408167,
          0.05807000000000004,
          0.05885294117647062,
          0.058623046875000036
        ],
        "t": [
          10,
          20,
          30,
          40,
          50,
          60,
          70,
          80,
          90,
          100,
          110,
          120,
          130,
          140,
          150,
          160,
          170,
          180,
          190,
          200,
          210,
          220,
          230,
          240,
          250,
          260,
          270,
          280,
          290,
          300,
          310,
          320,
          330,
          340,
          350,
          360,
          370,
          380,
          390,
          400,
          410,
          420,
          430,
          440,
          450,
          460,
          470,
          480,
          490,
          500,
          510,
          512
        ]
      },
      "curve_every": 10,
      "curve_time_ts": [
        1757426774.911114,
        1758729603.394814,
        1760975103.994037,
        1758362402.7297568,
        1756952437.883234,
        1764775915.686799,
        1760365872.918287,
        1763798404.125634,
        1745356531.062998,
        1757779200.7458172,
        1763744403.865676,
        1761934835.827596,
        1759866899.368001,
        1751382102.169755,
        1761774040.149638,
        1755490343.065778,
        1744142979.180035,
        1765364403.287425,
        1752600857.837996,
        1758558129.332109,
        1759951499.644268,
        1760932810.173635,
        1752678506.553039,
        1737484103.462396,
        1749717290.593214,
        1764370803.136767,
        1755636827.494267,
        1742332615.2809432,
        1744666961.158993,
        1762754402.6877508,
        1761090446.071698,
        1758117601.331551,
        1765220886.248245,
        1733934360.004716,
        1757768721.089908,
        1750871019.126511,
        1753160985.5047512,
        1741876988.1479511,
        1749677739.0008361,
        1756548000.7921221,
        1761148801.028728,
        1757650637.488249,
        1753300508.086949,
        1743440533.150916,
        1761062406.6448488,
        1763475196.403001,
        1759318876.760926,
        1730405805.671387,
        1747577478.686143,
        1721326323.846897,
        1760975103.346632,
        1762880403.0341172
      ],
      "eps": 0.0,
      "family": "group_bin_indicator",
      "final": {
        "app_err": 0.058623046875000036,
        "top_violations": [
          {
            "bin_hi": 0.5,
            "bin_idx": 9,
            "bin_lo": 0.45,
            "coord": 9,
            "group": "crypto",
            "group_idx": 0,
            "mean_payoff": -0.058623046875000036,
            "violation": 0.058623046875000036
          },
          {
            "bin_hi": 0.5,
            "bin_idx": 9,
            "bin_lo": 0.45,
            "coord": 29,
            "group": "politics",
            "group_idx": 1,
            "mean_payoff": -0.04059570312500001,
            "violation": 0.04059570312500001
          },
          {
            "bin_hi": 0.5,
            "bin_idx": 9,
            "bin_lo": 0.45,
            "coord": 49,
            "group": "sports",
            "group_idx": 2,
            "mean_payoff": -0.035732421874999996,
            "violation": 0.035732421874999996
          },
          {
            "bin_hi": 0.55,
            "bin_idx": 10,
            "bin_lo": 0.5,
            "coord": 30,
            "group": "politics",
            "group_idx": 1,
            "mean_payoff": -0.006552734374999998,
            "violation": 0.006552734374999998
          },
          {
            "bin_hi": 0.65,
            "bin_idx": 12,
            "bin_lo": 0.6000000000000001,
            "coord": 32,
            "group": "politics",
            "group_idx": 1,
            "mean_payoff": -0.004599609375,
            "violation": 0.004599609375
          },
          {
            "bin_hi": 0.30000000000000004,
            "bin_idx": 5,
            "bin_lo": 0.25,
            "coord": 25,
            "group": "politics",
            "group_idx": 1,
            "mean_payoff": -0.004501953125,
            "violation": 0.004501953125
          },
          {
            "bin_hi": 0.55,
            "bin_idx": 10,
            "bin_lo": 0.5,
            "coord": 10,
            "group": "crypto",
            "group_idx": 0,
            "mean_payoff": -0.004443359375000001,
            "violation": 0.004443359375000001
          },
          {
            "bin_hi": 0.4,
            "bin_idx": 7,
            "bin_lo": 0.35000000000000003,
            "coord": 7,
            "group": "crypto",
            "group_idx": 0,
            "mean_payoff": -0.0040234375,
            "violation": 0.0040234375
          },
          {
            "bin_hi": 0.35000000000000003,
            "bin_idx": 6,
            "bin_lo": 0.30000000000000004,
            "coord": 6,
            "group": "crypto",
            "group_idx": 0,
            "mean_payoff": -0.003740234375,
            "violation": 0.003740234375
          },
          {
            "bin_hi": 0.15000000000000002,
            "bin_idx": 2,
            "bin_lo": 0.1,
            "coord": 2,
            "group": "crypto",
            "group_idx": 0,
            "mean_payoff": 0.002587890625,
            "violation": 0.002587890625
          }
        ]
      },
      "group_cols": [
        "topic"
      ],
      "n": 512,
      "n_bins": 20,
      "n_groups": 3,
      "pred_col": "market_prob",
      "time_col": "createdAt",
      "y_col": "y"
    },
    "brier": 0.20457792297090605,
    "ece": 0.18896582150819086,
    "groups": {
      "topic": {
        "avg_abs_bias": 0.18162207031250002,
        "n_groups": 3,
        "worst_abs_bias": 0.22927083333333334
      }
    },
    "logloss": 0.5860852534679116,
    "n": 512,
    "trading": {
      "B": 1.0,
      "kelly": {
        "final_bankroll": 1.0,
        "n": 512,
        "roi": 0.0
      },
      "mode": "sign",
      "pnl_per_event": 0.0,
      "transaction_cost": 0.0
    }
  }
}
