{
  "llm_meta": null,
  "models": [
    {
      "arb_profit": 0.3999999911785126,
      "brier": 0.25,
      "ece": 0.00039999999999995595,
      "gcal_S": 0.4000000059604645,
      "gcal_S_argmax_key": 372,
      "logloss": 0.6931471805599454,
      "n_eval": 5000,
      "name": "AR-intrinsic",
      "sce": 0.15999999294281037
    },
    {
      "arb_profit": 0.03815580916404724,
      "brier": 0.09261376782859154,
      "ece": 0.03655581798553465,
      "gcal_S": 0.038155823945999146,
      "gcal_S_argmax_key": 372,
      "logloss": 0.3346791284032715,
      "n_eval": 5000,
      "name": "Diffusion-intrinsic",
      "sce": 0.0014558657729634135
    },
    {
      "arb_profit": 0.3987774362921715,
      "brier": 0.24927760354706346,
      "ece": 0.004575190150737797,
      "gcal_S": 0.4625000059604645,
      "gcal_S_argmax_key": 25122,
      "logloss": 0.691688174304651,
      "n_eval": 5000,
      "name": "AR+post",
      "sce": 0.15913723126759033
    },
    {
      "arb_profit": 0.0005794009894132614,
      "brier": 0.09124539795389816,
      "ece": 0.003911082413792601,
      "gcal_S": 0.17083334922790527,
      "gcal_S_argmax_key": 25122,
      "logloss": 0.32846039962672874,
      "n_eval": 5000,
      "name": "Diffusion+post",
      "sce": 1.794957909734698e-05
    }
  ]
}
