{
  "llm_meta": null,
  "models": [
    {
      "arb_profit": 0.0,
      "brier": 0.0907200000202659,
      "ece": 0.0012200149655341925,
      "gcal_S": 0.0,
      "gcal_S_argmax_key": 0,
      "logloss": 0.3270604756236391,
      "n_eval": 10000,
      "name": "AR-intrinsic",
      "sce": 0.0
    },
    {
      "arb_profit": 0.07419748593568802,
      "brier": 0.09609171277088158,
      "ece": 0.07329749498367308,
      "gcal_S": 0.07419750094413757,
      "gcal_S_argmax_key": 1,
      "logloss": 0.3484167777283603,
      "n_eval": 10000,
      "name": "Diffusion-intrinsic",
      "sce": 0.005505266919176843
    },
    {
      "arb_profit": 0.00432690766826272,
      "brier": 0.09070158728210263,
      "ece": 0.004479600397497442,
      "gcal_S": 0.011837884783744812,
      "gcal_S_argmax_key": 1,
      "logloss": 0.32695960007105357,
      "n_eval": 10000,
      "name": "AR+post",
      "sce": 2.8396408450252313e-05
    },
    {
      "arb_profit": 0.004386698004603386,
      "brier": 0.09070187323751805,
      "ece": 0.0045375036627054305,
      "gcal_S": 0.011998400092124939,
      "gcal_S_argmax_key": 1,
      "logloss": 0.32696106472227987,
      "n_eval": 10000,
      "name": "Diffusion+post",
      "sce": 2.8996683969008897e-05
    }
  ]
}
