{
  "llm_meta": {
    "K": 1,
    "L": 4,
    "aggregate": "mean",
    "max_new_tokens_used": 64,
    "n": 5120,
    "parse_failures": 0
  },
  "models": [
    {
      "arb_profit": 0.3971679596506874,
      "brier": 0.27354980371514104,
      "ece": 0.12480468508874765,
      "gcal_S": 0.7999999523162842,
      "gcal_S_argmax_key": 10,
      "logloss": 0.7524532202995811,
      "n_eval": 1024,
      "name": "AR-intrinsic",
      "sce": 0.18411619984777686
    },
    {
      "arb_profit": 0.1605052049853839,
      "brier": 0.12212350361712973,
      "ece": 0.14722396412980743,
      "gcal_S": 0.1605052351951599,
      "gcal_S_argmax_key": 1,
      "logloss": 0.4199793993615504,
      "n_eval": 1024,
      "name": "Diffusion-intrinsic",
      "sce": 0.025761920827400992
    },
    {
      "arb_profit": 0.29356741939409403,
      "brier": 0.19776737324931545,
      "ece": 0.12351246151229132,
      "gcal_S": 0.6708333194255829,
      "gcal_S_argmax_key": 170,
      "logloss": 0.5833227346207057,
      "n_eval": 1024,
      "name": "AR+post",
      "sce": 0.1023138968201342
    },
    {
      "arb_profit": 0.09575954020692734,
      "brier": 0.11219021057974063,
      "ece": 0.08556014640635112,
      "gcal_S": 0.3821428418159485,
      "gcal_S_argmax_key": 945,
      "logloss": 0.38884260550834193,
      "n_eval": 1024,
      "name": "Diffusion+post",
      "sce": 0.013272278643365148
    }
  ]
}
