{
  "metrics": {
    "brier": 0.41638041815876164,
    "ece": 0.46673954430222514,
    "groups": {
      "ttc_q5": {
        "avg_abs_bias": 0.4663348788022995,
        "n_groups": 5,
        "worst_abs_bias": 0.5512637715118294
      },
      "volume_q5": {
        "avg_abs_bias": 0.4663348788022995,
        "n_groups": 5,
        "worst_abs_bias": 0.4764954597506691
      }
    },
    "logloss": 1.0655352281477246,
    "n": 4000,
    "trading": {
      "B": 1.0,
      "kelly": {
        "final_bankroll": 1.4230913567968517e-249,
        "n": 4000,
        "roi": -1.0
      },
      "mode": "sign",
      "pnl_per_event": -0.15671450056821049,
      "transaction_cost": 0.0
    }
  },
  "train_meta": {
    "final_loss": 0.24481869593262673,
    "steps": 6000
  }
}
