{
  "metrics": {
    "approachability": {
      "clip_eps": 1e-06,
      "curve": {
        "app_err": [
          0.2762021255493164,
          0.2970509934425354,
          0.250273486773173,
          0.24697432816028594,
          0.23734097957611083,
          0.23719512184460959,
          0.2541430980818612,
          0.26198844343423844,
          0.2768497313393487,
          0.28858044958114626,
          0.29119033314964987,
          0.28989957372347513,
          0.30712381271215583,
          0.2935760773931231,
          0.2925482444763184,
          0.2915675413608551,
          0.28596949212691364,
          0.2876351845264435,
          0.2828775336867885,
          0.2726737447977066,
          0.2634668159484863,
          0.25506853743032976,
          0.24739339154699574,
          0.241998577217261,
          0.23231516304016114,
          0.22637083924733675,
          0.22240003550494158,
          0.220075632248606,
          0.22367444671433548,
          0.22543257729212443,
          0.22701326808621808,
          0.2273470798879862,
          0.23250913533297451,
          0.23500573165276473,
          0.2384054537500654,
          0.24485344264242384,
          0.2456871162234126,
          0.24229161118206224,
          0.24420554069372324,
          0.24303057956695556,
          0.24134119122835707
        ],
        "t": [
          25,
          50,
          75,
          100,
          125,
          150,
          175,
          200,
          225,
          250,
          275,
          300,
          325,
          350,
          375,
          400,
          425,
          450,
          475,
          500,
          525,
          550,
          575,
          600,
          625,
          650,
          675,
          700,
          725,
          750,
          775,
          800,
          825,
          850,
          875,
          900,
          925,
          950,
          975,
          1000,
          1007
        ]
      },
      "curve_every": 25,
      "curve_time_ts": [
        1755607189.2302961,
        1764489601.992749,
        1749230456.1648982,
        1757692801.088487,
        1758664802.233784,
        1766128211.475931,
        1732637173.121185,
        1724251359.9818292,
        1721059248.318618,
        1744013206.271193,
        1762876482.4426408,
        1746826759.137544,
        1732896480.239716,
        1733157619.963896,
        1744989926.194477,
        1750393469.3211122,
        1761753601.459714,
        1754501963.403122,
        1759961288.509166,
        1763269211.025377,
        1761248934.536551,
        1763226002.830776,
        1760377501.636529,
        1758837601.160341,
        1758816001.2131681,
        1762223105.6333618,
        1739387368.848027,
        1748032840.909587,
        1757716857.430743,
        1764781204.521163,
        1765645206.241966,
        1735924157.979765,
        1721339217.885109,
        1763571613.495424,
        1763830813.849674,
        1751846980.529997,
        1764091557.935233,
        1740286957.537361,
        1765457700.588395,
        1751156628.462006,
        1732575428.504298
      ],
      "eps": 0.0,
      "family": "group_bin_indicator",
      "final": {
        "app_err": 0.24134119122835707,
        "top_violations": [
          {
            "bin_hi": 1.0,
            "bin_idx": 19,
            "bin_lo": 0.9500000000000001,
            "coord": 19,
            "group": "crypto",
            "group_idx": 0,
            "mean_payoff": -0.24134119122835707,
            "violation": 0.24134119122835707
          },
          {
            "bin_hi": 1.0,
            "bin_idx": 19,
            "bin_lo": 0.9500000000000001,
            "coord": 39,
            "group": "politics",
            "group_idx": 1,
            "mean_payoff": -0.19616399520440278,
            "violation": 0.19616399520440278
          },
          {
            "bin_hi": 1.0,
            "bin_idx": 19,
            "bin_lo": 0.9500000000000001,
            "coord": 59,
            "group": "sports",
            "group_idx": 2,
            "mean_payoff": -0.09617237952401882,
            "violation": 0.09617237952401882
          },
          {
            "bin_hi": 0.05,
            "bin_idx": 0,
            "bin_lo": 0.0,
            "coord": 0,
            "group": "crypto",
            "group_idx": 0,
            "mean_payoff": 0.03459633062941613,
            "violation": 0.03459633062941613
          },
          {
            "bin_hi": 0.9500000000000001,
            "bin_idx": 18,
            "bin_lo": 0.9,
            "coord": 18,
            "group": "crypto",
            "group_idx": 0,
            "mean_payoff": -0.012422015259732319,
            "violation": 0.012422015259732319
          },
          {
            "bin_hi": 0.05,
            "bin_idx": 0,
            "bin_lo": 0.0,
            "coord": 20,
            "group": "politics",
            "group_idx": 1,
            "mean_payoff": 0.009855947176215555,
            "violation": 0.009855947176215555
          },
          {
            "bin_hi": 0.9500000000000001,
            "bin_idx": 18,
            "bin_lo": 0.9,
            "coord": 38,
            "group": "politics",
            "group_idx": 1,
            "mean_payoff": -0.007177993166884694,
            "violation": 0.007177993166884694
          },
          {
            "bin_hi": 0.05,
            "bin_idx": 0,
            "bin_lo": 0.0,
            "coord": 40,
            "group": "sports",
            "group_idx": 2,
            "mean_payoff": 0.006890826063903924,
            "violation": 0.006890826063903924
          },
          {
            "bin_hi": 0.9,
            "bin_idx": 17,
            "bin_lo": 0.8500000000000001,
            "coord": 17,
            "group": "crypto",
            "group_idx": 0,
            "mean_payoff": -0.006873888493531274,
            "violation": 0.006873888493531274
          },
          {
            "bin_hi": 0.8500000000000001,
            "bin_idx": 16,
            "bin_lo": 0.8,
            "coord": 16,
            "group": "crypto",
            "group_idx": 0,
            "mean_payoff": -0.0029114279988505755,
            "violation": 0.0029114279988505755
          }
        ]
      },
      "group_cols": [
        "topic"
      ],
      "n": 1007,
      "n_bins": 20,
      "n_groups": 3,
      "pred_col": "pred_prob",
      "time_col": "createdAt",
      "y_col": "y"
    },
    "brier": 0.6251728824450488,
    "ece": 0.6327341371467324,
    "groups": {
      "topic": {
        "avg_abs_bias": 0.527967352008823,
        "n_groups": 3,
        "worst_abs_bias": 0.5892534082325126
      }
    },
    "logloss": 3.1680944883651945,
    "n": 1007,
    "trading": {
      "B": 1.0,
      "mode": "sign",
      "pnl_per_event": -0.09922889786700292,
      "transaction_cost": 0.0
    }
  }
}
