{
  "llm_meta": null,
  "models": [
    {
      "arb_profit": 0.3999999911546707,
      "brier": 0.25,
      "ece": 0.0013000000000000234,
      "gcal_S": 0.4000000059604645,
      "gcal_S_argmax_key": 1,
      "logloss": 0.6931471805599453,
      "n_eval": 10000,
      "name": "AR-intrinsic",
      "sce": 0.15999999292373687
    },
    {
      "arb_profit": 0.10596324512958527,
      "brier": 0.09940518336759671,
      "ece": 0.10906325397491456,
      "gcal_S": 0.10596325993537903,
      "gcal_S_argmax_key": 1,
      "logloss": 0.3613854966525818,
      "n_eval": 10000,
      "name": "Diffusion-intrinsic",
      "sce": 0.011228209318392798
    },
    {
      "arb_profit": 0.008280664521455764,
      "brier": 0.08766405542653702,
      "ece": 0.01116066878437996,
      "gcal_S": 0.026621222496032715,
      "gcal_S_argmax_key": 36,
      "logloss": 0.3190416347651349,
      "n_eval": 10000,
      "name": "AR+post",
      "sce": 0.00011409762855701255
    },
    {
      "arb_profit": 0.008109660287201404,
      "brier": 0.08764664863777559,
      "ece": 0.010549661035835751,
      "gcal_S": 0.026054009795188904,
      "gcal_S_argmax_key": 49,
      "logloss": 0.31896577612191535,
      "n_eval": 10000,
      "name": "Diffusion+post",
      "sce": 0.00010794921136095186
    }
  ]
}
