{
  "metrics": {
    "approachability": {
      "clip_eps": 1e-06,
      "curve": {
        "app_err": [
          0.148736572265625,
          0.16447123646736145,
          0.11774732192357382,
          0.13467475414276123,
          0.11504087591171265,
          0.10823370973269145,
          0.11829960686819894,
          0.11655376434326171,
          0.12844900157716538,
          0.1265464289188385,
          0.12824686310508035,
          0.12647812843322753,
          0.12813454004434438,
          0.1239219832420349,
          0.11816828854878743,
          0.1131142421066761,
          0.1086465334892273,
          0.11486090434922112,
          0.1127345525590997,
          0.1088598701953888,
          0.10367606685275123,
          0.10063446608456698,
          0.0977245367091635,
          0.10134041736523311,
          0.10153181247711182,
          0.10605541330117446,
          0.10745764043596055,
          0.10898805839674813,
          0.1153701425420827,
          0.11508637626965841,
          0.11585659550082299,
          0.11340016156435012,
          0.11325007633729414,
          0.11529747549225303,
          0.11915278516496931,
          0.12185300674703387,
          0.12324385398143047,
          0.11991743752830906,
          0.12253832523639385,
          0.12117172354459763,
          0.12032941762124888
        ],
        "t": [
          25,
          50,
          75,
          100,
          125,
          150,
          175,
          200,
          225,
          250,
          275,
          300,
          325,
          350,
          375,
          400,
          425,
          450,
          475,
          500,
          525,
          550,
          575,
          600,
          625,
          650,
          675,
          700,
          725,
          750,
          775,
          800,
          825,
          850,
          875,
          900,
          925,
          950,
          975,
          1000,
          1007
        ]
      },
      "curve_every": 25,
      "curve_time_ts": [
        1755607189.2302961,
        1764489601.992749,
        1749230456.1648982,
        1757692801.088487,
        1758664802.233784,
        1766128211.475931,
        1732637173.121185,
        1724251359.9818292,
        1721059248.318618,
        1744013206.271193,
        1762876482.4426408,
        1746826759.137544,
        1732896480.239716,
        1733157619.963896,
        1744989926.194477,
        1750393469.3211122,
        1761753601.459714,
        1754501963.403122,
        1759961288.509166,
        1763269211.025377,
        1761248934.536551,
        1763226002.830776,
        1760377501.636529,
        1758837601.160341,
        1758816001.2131681,
        1762223105.6333618,
        1739387368.848027,
        1748032840.909587,
        1757716857.430743,
        1764781204.521163,
        1765645206.241966,
        1735924157.979765,
        1721339217.885109,
        1763571613.495424,
        1763830813.849674,
        1751846980.529997,
        1764091557.935233,
        1740286957.537361,
        1765457700.588395,
        1751156628.462006,
        1732575428.504298
      ],
      "eps": 0.0,
      "family": "group_bin_indicator",
      "final": {
        "app_err": 0.12032941762124888,
        "top_violations": [
          {
            "bin_hi": 0.9500000000000001,
            "bin_idx": 18,
            "bin_lo": 0.9,
            "coord": 18,
            "group": "crypto",
            "group_idx": 0,
            "mean_payoff": -0.12032941762124888,
            "violation": 0.12032941762124888
          },
          {
            "bin_hi": 0.9500000000000001,
            "bin_idx": 18,
            "bin_lo": 0.9,
            "coord": 38,
            "group": "politics",
            "group_idx": 1,
            "mean_payoff": -0.0720838324907638,
            "violation": 0.0720838324907638
          },
          {
            "bin_hi": 0.9500000000000001,
            "bin_idx": 18,
            "bin_lo": 0.9,
            "coord": 58,
            "group": "sports",
            "group_idx": 2,
            "mean_payoff": -0.05438718001442372,
            "violation": 0.05438718001442372
          },
          {
            "bin_hi": 1.0,
            "bin_idx": 19,
            "bin_lo": 0.9500000000000001,
            "coord": 39,
            "group": "politics",
            "group_idx": 1,
            "mean_payoff": -0.05012418917179581,
            "violation": 0.05012418917179581
          },
          {
            "bin_hi": 1.0,
            "bin_idx": 19,
            "bin_lo": 0.9500000000000001,
            "coord": 19,
            "group": "crypto",
            "group_idx": 0,
            "mean_payoff": -0.040172704636991435,
            "violation": 0.040172704636991435
          },
          {
            "bin_hi": 0.9,
            "bin_idx": 17,
            "bin_lo": 0.8500000000000001,
            "coord": 37,
            "group": "politics",
            "group_idx": 1,
            "mean_payoff": -0.03922147742567848,
            "violation": 0.03922147742567848
          },
          {
            "bin_hi": 0.9,
            "bin_idx": 17,
            "bin_lo": 0.8500000000000001,
            "coord": 17,
            "group": "crypto",
            "group_idx": 0,
            "mean_payoff": -0.03774635817822302,
            "violation": 0.03774635817822302
          },
          {
            "bin_hi": 0.8500000000000001,
            "bin_idx": 16,
            "bin_lo": 0.8,
            "coord": 16,
            "group": "crypto",
            "group_idx": 0,
            "mean_payoff": -0.02934428549333741,
            "violation": 0.02934428549333741
          },
          {
            "bin_hi": 1.0,
            "bin_idx": 19,
            "bin_lo": 0.9500000000000001,
            "coord": 59,
            "group": "sports",
            "group_idx": 2,
            "mean_payoff": -0.020742136825989587,
            "violation": 0.020742136825989587
          },
          {
            "bin_hi": 0.8,
            "bin_idx": 15,
            "bin_lo": 0.75,
            "coord": 15,
            "group": "crypto",
            "group_idx": 0,
            "mean_payoff": -0.017702119885513776,
            "violation": 0.017702119885513776
          }
        ]
      },
      "group_cols": [
        "topic"
      ],
      "n": 1007,
      "n_bins": 20,
      "n_groups": 3,
      "pred_col": "pred_prob",
      "time_col": "createdAt",
      "y_col": "y"
    },
    "brier": 0.556688454865267,
    "ece": 0.5816875854840035,
    "groups": {
      "topic": {
        "avg_abs_bias": 0.578174573541346,
        "n_groups": 3,
        "worst_abs_bias": 0.6428829821944236
      }
    },
    "logloss": 1.6903435967538396,
    "n": 1007,
    "trading": {
      "B": 1.0,
      "mode": "sign",
      "pnl_per_event": -0.14643545211995687,
      "transaction_cost": 0.0
    }
  }
}
