{
  "results": [
    {
      "mse": 0.0,
      "n": 20000,
      "name": "oracle",
      "static_arbitrage": {
        "M": 10,
        "curve": {
          "app_err": [
            0.0,
            0.0,
            0.0,
            0.0,
            0.0,
            0.0,
            0.0,
            0.0,
            0.0,
            0.0,
            0.0,
            0.0,
            0.0,
            0.0,
            0.0,
            0.0,
            0.0,
            0.0,
            0.0,
            0.0,
            0.0,
            0.0,
            0.0,
            0.0,
            0.0,
            0.0,
            0.0,
            0.0,
            0.0,
            0.0,
            0.0,
            0.0,
            0.0,
            0.0,
            0.0,
            0.0,
            0.0,
            0.0,
            0.0,
            0.0
          ],
          "t": [
            500,
            1000,
            1500,
            2000,
            2500,
            3000,
            3500,
            4000,
            4500,
            5000,
            5500,
            6000,
            6500,
            7000,
            7500,
            8000,
            8500,
            9000,
            9500,
            10000,
            10500,
            11000,
            11500,
            12000,
            12500,
            13000,
            13500,
            14000,
            14500,
            15000,
            15500,
            16000,
            16500,
            17000,
            17500,
            18000,
            18500,
            19000,
            19500,
            20000
          ]
        },
        "curve_every": 500,
        "final_app_err": 0.0,
        "frac_any_violated": 0.0,
        "include_box": true,
        "mean_pos": 0.0,
        "structure": "frechet"
      }
    },
    {
      "mse": 0.020111654390236784,
      "n": 20000,
      "name": "noisy(sigma=0.15)",
      "static_arbitrage": {
        "M": 10,
        "curve": {
          "app_err": [
            0.0348392838939452,
            0.03294971854059397,
            0.0337279834727106,
            0.03189483467112716,
            0.031925658124689976,
            0.03205975388903249,
            0.032000130052922626,
            0.03197827430575338,
            0.031345126533318356,
            0.03064722860042895,
            0.030326219226420016,
            0.030214937313363242,
            0.029932447257161484,
            0.02985145953571947,
            0.02979762210708771,
            0.029808059851384593,
            0.029905294287821915,
            0.030014191817769768,
            0.03013109281756631,
            0.029876921899098626,
            0.02979936873048688,
            0.02961623886898855,
            0.029292641404955466,
            0.02957020092408699,
            0.029650918298757538,
            0.02958147303169465,
            0.029273123568679192,
            0.029385030485621372,
            0.029232307338546815,
            0.02911278773332561,
            0.029154158860020086,
            0.02923509458860087,
            0.02938826124489543,
            0.02932113194765317,
            0.029114334866642493,
            0.029143133039269704,
            0.0291771327885304,
            0.02917297799447543,
            0.029257740949957336,
            0.029240416287775396
          ],
          "t": [
            500,
            1000,
            1500,
            2000,
            2500,
            3000,
            3500,
            4000,
            4500,
            5000,
            5500,
            6000,
            6500,
            7000,
            7500,
            8000,
            8500,
            9000,
            9500,
            10000,
            10500,
            11000,
            11500,
            12000,
            12500,
            13000,
            13500,
            14000,
            14500,
            15000,
            15500,
            16000,
            16500,
            17000,
            17500,
            18000,
            18500,
            19000,
            19500,
            20000
          ]
        },
        "curve_every": 500,
        "final_app_err": 0.029240416287775396,
        "frac_any_violated": 0.49825,
        "include_box": true,
        "mean_pos": 0.007264796001735046,
        "structure": "frechet"
      }
    },
    {
      "mse": 0.05246544723002263,
      "n": 20000,
      "name": "bundle_diff(sample_steps=4,mc=16,mean)",
      "static_arbitrage": {
        "M": 10,
        "curve": {
          "app_err": [
            0.015079996287822724,
            0.015561003237962723,
            0.01597398950656255,
            0.015799530059099197,
            0.015699766767024993,
            0.015517687916755677,
            0.01598966005018779,
            0.016010834626853467,
            0.015909319897492728,
            0.016009440636634828,
            0.015999452130361035,
            0.015897483999530473,
            0.01582542868760916,
            0.01596754496012415,
            0.01584986556371053,
            0.015773446418344973,
            0.01573662095560747,
            0.015735809892416,
            0.015815973375972948,
            0.01577066027522087,
            0.015780157367388407,
            0.015737742936069315,
            0.015631813886372938,
            0.015593112843732038,
            0.015643570864200592,
            0.015683658338510074,
            0.015688402129544154,
            0.01570336522800582,
            0.015744157937066308,
            0.015685002209742865,
            0.015609422745243195,
            0.015608229262754321,
            0.015607949874617836,
            0.01558085374621784,
            0.015641957783699034,
            0.015660428621702725,
            0.01567144772813127,
            0.01564201760605762,
            0.015616294978520809,
            0.01557625438272953
          ],
          "t": [
            500,
            1000,
            1500,
            2000,
            2500,
            3000,
            3500,
            4000,
            4500,
            5000,
            5500,
            6000,
            6500,
            7000,
            7500,
            8000,
            8500,
            9000,
            9500,
            10000,
            10500,
            11000,
            11500,
            12000,
            12500,
            13000,
            13500,
            14000,
            14500,
            15000,
            15500,
            16000,
            16500,
            17000,
            17500,
            18000,
            18500,
            19000,
            19500,
            20000
          ]
        },
        "curve_every": 500,
        "final_app_err": 0.01557625438272953,
        "frac_any_violated": 0.4883,
        "include_box": true,
        "mean_pos": 0.003073224101513624,
        "structure": "frechet"
      }
    },
    {
      "mse": 0.04517391527155441,
      "n": 20000,
      "name": "bundle_diff(sample_steps=8,mc=16,mean)",
      "static_arbitrage": {
        "M": 10,