{
  "llm_meta": {
    "K": 1,
    "L": 4,
    "aggregate": "mean",
    "max_new_tokens_used": 64,
    "n": 13312,
    "parse_failures": 129
  },
  "models": [
    {
      "arb_profit": 0.43346680140166427,
      "brier": 0.45286083461937987,
      "ece": 0.44577147728341515,
      "gcal_S": 0.8999999761581421,
      "gcal_S_argmax_key": 468,
      "logloss": 1.7959853422203613,
      "n_eval": 1024,
      "name": "AR-intrinsic",
      "sce": 0.3451362283845378
    },
    {
      "arb_profit": 0.16050520492717624,
      "brier": 0.11510705582177816,
      "ece": 0.1618724016007036,
      "gcal_S": 0.1605052351951599,
      "gcal_S_argmax_key": 1,
      "logloss": 0.40469603741521565,
      "n_eval": 1024,
      "name": "Diffusion-intrinsic",
      "sce": 0.025761920808715727
    },
    {
      "arb_profit": 0.203422695475183,
      "brier": 0.16512978338404719,
      "ece": 0.16488594630618536,
      "gcal_S": 0.7124999761581421,
      "gcal_S_argmax_key": 174,
      "logloss": 0.5285984577590621,
      "n_eval": 1024,
      "name": "AR+post",
      "sce": 0.07189937560062587
    },
    {
      "arb_profit": 0.05995140372397145,
      "brier": 0.09609259862505765,
      "ece": 0.05984753587836168,
      "gcal_S": 0.42678573727607727,
      "gcal_S_argmax_key": 820,
      "logloss": 0.34512792090276273,
      "n_eval": 1024,
      "name": "Diffusion+post",
      "sce": 0.0068353037855109
    }
  ]
}
