{
  "metrics": {
    "approachability": {
      "clip_eps": 1e-06,
      "curve": {
        "app_err": [
          0.12320060491561889,
          0.12003829836845398,
          0.08140416940053304,
          0.09212912619113922,
          0.09017742252349853,
          0.07763095617294312,
          0.08186765568596976,
          0.0871042212843895,
          0.0867785980966356,
          0.08949490022659302,
          0.08698448332873258,
          0.08666125178337097,
          0.09049331940137423,
          0.08402951087270465,
          0.08458818006515503,
          0.0826340851187706,
          0.0796155010952669,
          0.08041425347328186,
          0.07950981805199071,
          0.07613890826702117,
          0.0725132459685916,
          0.07063453804362904,
          0.0675634711721669,
          0.06600562075773875,
          0.0629868462562561,
          0.0605642752464001,
          0.059112901599318896,
          0.061039647459983824,
          0.0596890585998009,
          0.05979495135943095,
          0.06186789204997401,
          0.06255201898515224,
          0.06636159578959147,
          0.06507644625271068,
          0.0686663590839931,
          0.07115602963500553,
          0.07232142358212858,
          0.07125924210799368,
          0.07315841528085562,
          0.0739258286356926,
          0.07341194502054875
        ],
        "t": [
          25,
          50,
          75,
          100,
          125,
          150,
          175,
          200,
          225,
          250,
          275,
          300,
          325,
          350,
          375,
          400,
          425,
          450,
          475,
          500,
          525,
          550,
          575,
          600,
          625,
          650,
          675,
          700,
          725,
          750,
          775,
          800,
          825,
          850,
          875,
          900,
          925,
          950,
          975,
          1000,
          1007
        ]
      },
      "curve_every": 25,
      "curve_time_ts": [
        1755607189.2302961,
        1764489601.992749,
        1749230456.1648982,
        1757692801.088487,
        1758664802.233784,
        1766128211.475931,
        1732637173.121185,
        1724251359.9818292,
        1721059248.318618,
        1744013206.271193,
        1762876482.4426408,
        1746826759.137544,
        1732896480.239716,
        1733157619.963896,
        1744989926.194477,
        1750393469.3211122,
        1761753601.459714,
        1754501963.403122,
        1759961288.509166,
        1763269211.025377,
        1761248934.536551,
        1763226002.830776,
        1760377501.636529,
        1758837601.160341,
        1758816001.2131681,
        1762223105.6333618,
        1739387368.848027,
        1748032840.909587,
        1757716857.430743,
        1764781204.521163,
        1765645206.241966,
        1735924157.979765,
        1721339217.885109,
        1763571613.495424,
        1763830813.849674,
        1751846980.529997,
        1764091557.935233,
        1740286957.537361,
        1765457700.588395,
        1751156628.462006,
        1732575428.504298
      ],
      "eps": 0.0,
      "family": "group_bin_indicator",
      "final": {
        "app_err": 0.07341194502054875,
        "top_violations": [
          {
            "bin_hi": 0.8,
            "bin_idx": 15,
            "bin_lo": 0.75,
            "coord": 15,
            "group": "crypto",
            "group_idx": 0,
            "mean_payoff": -0.07341194502054875,
            "violation": 0.07341194502054875
          },
          {
            "bin_hi": 0.8500000000000001,
            "bin_idx": 16,
            "bin_lo": 0.8,
            "coord": 16,
            "group": "crypto",
            "group_idx": 0,
            "mean_payoff": -0.05906915060931663,
            "violation": 0.05906915060931663
          },
          {
            "bin_hi": 0.8,
            "bin_idx": 15,
            "bin_lo": 0.75,
            "coord": 35,
            "group": "politics",
            "group_idx": 1,
            "mean_payoff": -0.049477757443974486,
            "violation": 0.049477757443974486
          },
          {
            "bin_hi": 0.75,
            "bin_idx": 14,
            "bin_lo": 0.7000000000000001,
            "coord": 14,
            "group": "crypto",
            "group_idx": 0,
            "mean_payoff": -0.04291589423466581,
            "violation": 0.04291589423466581
          },
          {
            "bin_hi": 0.8500000000000001,
            "bin_idx": 16,
            "bin_lo": 0.8,
            "coord": 36,
            "group": "politics",
            "group_idx": 1,
            "mean_payoff": -0.04140820770775076,
            "violation": 0.04140820770775076
          },
          {
            "bin_hi": 0.75,
            "bin_idx": 14,
            "bin_lo": 0.7000000000000001,
            "coord": 34,
            "group": "politics",
            "group_idx": 1,
            "mean_payoff": -0.02524409938119019,
            "violation": 0.02524409938119019
          },
          {
            "bin_hi": 0.7000000000000001,
            "bin_idx": 13,
            "bin_lo": 0.65,
            "coord": 33,
            "group": "politics",
            "group_idx": 1,
            "mean_payoff": -0.024136179608645246,
            "violation": 0.024136179608645246
          },
          {
            "bin_hi": 0.7000000000000001,
            "bin_idx": 13,
            "bin_lo": 0.65,
            "coord": 13,
            "group": "crypto",
            "group_idx": 0,
            "mean_payoff": -0.023732823494529535,
            "violation": 0.023732823494529535
          },
          {
            "bin_hi": 0.8,
            "bin_idx": 15,
            "bin_lo": 0.75,
            "coord": 55,
            "group": "sports",
            "group_idx": 2,
            "mean_payoff": -0.021467941934326083,
            "violation": 0.021467941934326083
          },
          {
            "bin_hi": 0.7000000000000001,
            "bin_idx": 13,
            "bin_lo": 0.65,
            "coord": 53,
            "group": "sports",
            "group_idx": 2,
            "mean_payoff": -0.01909140832611205,
            "violation": 0.01909140832611205
          }
        ]
      },
      "group_cols": [
        "topic"
      ],
      "n": 1007,
      "n_bins": 20,
      "n_groups": 3,
      "pred_col": "pred_prob",
      "time_col": "createdAt",
      "y_col": "y"
    },
    "brier": 0.43172282448636135,
    "ece": 0.489097002394268,
    "groups": {
      "topic": {
        "avg_abs_bias": 0.4890970023942681,
        "n_groups": 3,
        "worst_abs_bias": 0.5427269918578012
      }
    },
    "logloss": 1.1172494197585452,
    "n": 1007,
    "trading": {
      "B": 1.0,
      "mode": "sign",
      "pnl_per_event": -0.15475720005103433,
      "transaction_cost": 0.0
    }
  }
}
