{
  "metrics": {
    "approachability": {
      "clip_eps": 1e-06,
      "curve": {
        "app_err": [
          0.018215127792209386,
          0.013654341669753194,
          0.015505836252123118,
          0.011561890976736322,
          0.009062474223785102,
          0.0074480792065151034,
          0.00626831440321569,
          0.006312808357179165,
          0.005747971485058467,
          0.006002676963806152,
          0.006899935318665071,
          0.006453795482714971,
          0.005951128819814095,
          0.005165511614509991,
          0.004821144173542659,
          0.004396598478779197,
          0.004304087885194913
        ],
        "t": [
          200,
          400,
          600,
          800,
          1000,
          1200,
          1400,
          1600,
          1800,
          2000,
          2200,
          2400,
          2600,
          2800,
          3000,
          3200,
          3371
        ]
      },
      "curve_every": 200,
      "curve_time_ts": [
        1687594578.0,
        1698215444.0,
        1704352522.0,
        1708158848.0,
        1709531170.0,
        1711835276.0,
        1714104676.0,
        1716618025.0,
        1718088928.0,
        1719216558.0,
        1720492058.0,
        1722118342.0,
        1722716359.0,
        1728495273.0,
        1730324112.0,
        1731407082.0,
        1738567197.0
      ],
      "eps": 0.0,
      "family": "group_bin_indicator",
      "final": {
        "app_err": 0.004304087885194913,
        "top_violations": [
          {
            "bin_hi": 0.5,
            "bin_idx": 9,
            "bin_lo": 0.45,
            "coord": 49,
            "group": "(271261.238, 1531479284.504]|nan",
            "group_idx": 2,
            "mean_payoff": -0.004304087885194913,
            "violation": 0.004304087885194913
          },
          {
            "bin_hi": 0.35000000000000003,
            "bin_idx": 6,
            "bin_lo": 0.30000000000000004,
            "coord": 86,
            "group": "(8755.43, 25005.0]|nan",
            "group_idx": 4,
            "mean_payoff": -0.0042767080911292905,
            "violation": 0.0042767080911292905
          },
          {
            "bin_hi": 0.4,
            "bin_idx": 7,
            "bin_lo": 0.35000000000000003,
            "coord": 87,
            "group": "(8755.43, 25005.0]|nan",
            "group_idx": 4,
            "mean_payoff": -0.0039597246668806275,
            "violation": 0.0039597246668806275
          },
          {
            "bin_hi": 0.5,
            "bin_idx": 9,
            "bin_lo": 0.45,
            "coord": 89,
            "group": "(8755.43, 25005.0]|nan",
            "group_idx": 4,
            "mean_payoff": -0.003936382234361751,
            "violation": 0.003936382234361751
          },
          {
            "bin_hi": 0.45,
            "bin_idx": 8,
            "bin_lo": 0.4,
            "coord": 8,
            "group": "(1005.489, 8755.43]|nan",
            "group_idx": 0,
            "mean_payoff": -0.0038942177212227705,
            "violation": 0.0038942177212227705
          },
          {
            "bin_hi": 0.4,
            "bin_idx": 7,
            "bin_lo": 0.35000000000000003,
            "coord": 7,
            "group": "(1005.489, 8755.43]|nan",
            "group_idx": 0,
            "mean_payoff": -0.003882139514511751,
            "violation": 0.003882139514511751
          },
          {
            "bin_hi": 0.45,
            "bin_idx": 8,
            "bin_lo": 0.4,
            "coord": 28,
            "group": "(25005.0, 61900.2]|nan",
            "group_idx": 1,
            "mean_payoff": -0.0036090152601713386,
            "violation": 0.0036090152601713386
          },
          {
            "bin_hi": 0.45,
            "bin_idx": 8,
            "bin_lo": 0.4,
            "coord": 88,
            "group": "(8755.43, 25005.0]|nan",
            "group_idx": 4,
            "mean_payoff": -0.0035915149580792267,
            "violation": 0.0035915149580792267
          },
          {
            "bin_hi": 0.5,
            "bin_idx": 9,
            "bin_lo": 0.45,
            "coord": 9,
            "group": "(1005.489, 8755.43]|nan",
            "group_idx": 0,
            "mean_payoff": -0.003583178361775577,
            "violation": 0.003583178361775577
          },
          {
            "bin_hi": 0.4,
            "bin_idx": 7,
            "bin_lo": 0.35000000000000003,
            "coord": 47,
            "group": "(271261.238, 1531479284.504]|nan",
            "group_idx": 2,
            "mean_payoff": -0.003475781453889967,
            "violation": 0.003475781453889967
          }
        ]
      },
      "group_cols": [
        "volume_q5",
        "ttc_q5"
      ],
      "n": 3371,
      "n_bins": 20,
      "n_groups": 5,
      "pred_col": "pred_prob",
      "time_col": "market_prob_target_ts",
      "y_col": "y"
    },
    "brier": 0.20577244986312496,
    "ece": 0.14538832262113638,
    "groups": {
      "ttc_q5": {
        "avg_abs_bias": 0.06581304293306552,
        "n_groups": 1,
        "worst_abs_bias": 0.06581304293306552
      },
      "volume_q5": {
        "avg_abs_bias": 0.06581304293306552,
        "n_groups": 5,
        "worst_abs_bias": 0.09260389136388146
      }
    },
    "logloss": 0.6183375520824118,
    "n": 3371,
    "trading": {
      "B": 1.0,
      "mode": "sign",
      "pnl_per_event": -0.001792049963471765,
      "transaction_cost": 0.0
    }
  }
}
