{
  "metrics": {
    "brier": 0.5851931358920458,
    "ece": 0.6254670554101468,
    "groups": {
      "ttc_q5": {
        "avg_abs_bias": 0.6254670554101468,
        "n_groups": 5,
        "worst_abs_bias": 0.7018270146414096
      },
      "volume_q5": {
        "avg_abs_bias": 0.6254670554101467,
        "n_groups": 5,
        "worst_abs_bias": 0.6470639162113012
      }
    },
    "logloss": 1.6850254929193689,
    "n": 4000,
    "trading": {
      "B": 1.0,
      "kelly": {
        "final_bankroll": 8.850562762261374e-257,
        "n": 4000,
        "roi": -1.0
      },
      "mode": "sign",
      "pnl_per_event": -0.1649925004622928,
      "transaction_cost": 0.0
    }
  },
  "train_meta": {
    "final_loss": 0.04387299618683756,
    "steps": 8000
  }
}
