{
  "metrics": {
    "brier": 0.09552631337807953,
    "ece": 0.06365196692986765,
    "logloss": 0.3426094409830786,
    "n": 69,
    "trading": {
      "B": 1.0,
      "kelly": {
        "final_bankroll": 0.1108438320588097,
        "n": 69,
        "roi": -0.8891561679411903
      },
      "mode": "sign",
      "pnl_per_event": 0.019702898152847436,
      "transaction_cost": 0.0
    }
  },
  "train_meta": {
    "final_loss": 0.06058673844556324,
    "steps": 10000
  }
}
