{
  "baselines": {
    "constant_0.5": {
      "bayes_brier": 0.19216838479042053,
      "brier": 0.25,
      "correlation_with_truth": NaN,
      "ece": 0.05500000715255737,
      "excess_brier": 0.05783161520957947,
      "mse_to_truth": 0.049101290544878114,
      "n": 400
    },
    "oracle": {
      "bayes_brier": 0.19216838479042053,
      "brier": 0.19216838479042053,
      "correlation_with_truth": 0.9999999999999999,
      "ece": 0.06996933206915855,
      "excess_brier": 0.0,
      "mse_to_truth": 0.0,
      "n": 400
    },
    "prior": {
      "base_rate": 0.5799999833106995,
      "bayes_brier": 0.19216838479042053,
      "brier": 0.24759999916553524,
      "correlation_with_truth": NaN,
      "ece": 0.02499997615814209,
      "excess_brier": 0.05543161437511471,
      "mse_to_truth": 0.04208408803703736,
      "n": 400
    }
  },
  "headlines_sample": [
    "Will G2 score more than 3 goals against Heat?",
    "Will US hold elections by 2024-09?",
    "Will BNB outperform Ethereum this week?",
    "Will H.R. 156 pass the House?",
    "Will Lakers win ESL Katowice?"
  ],
  "n_test": 400,
  "n_train": 1600,
  "spec": {
    "n_factors": 5,
    "n_samples": 2000,
    "noise": 0.2,
    "structure": "factor"
  }
}
