{
  "metrics": {
    "brier": 0.19680446359789575,
    "ece": 0.05556457361020149,
    "groups": {
      "ttc_q5": {
        "avg_abs_bias": 0.05387364530749619,
        "n_groups": 5,
        "worst_abs_bias": 0.10927373258506551
      },
      "volume_q5": {
        "avg_abs_bias": 0.03575196863152087,
        "n_groups": 5,
        "worst_abs_bias": 0.04997230330167185
      }
    },
    "logloss": 0.5838072210762675,
    "n": 4000,
    "trading": {
      "B": 1.0,
      "kelly": {
        "final_bankroll": 8.531484485824863e+37,
        "n": 4000,
        "roi": 8.531484485824863e+37
      },
      "mode": "sign",
      "pnl_per_event": 0.14228100036764227,
      "transaction_cost": 0.0
    }
  },
  "train_meta": {
    "final_loss": 0.02321088493335992,
    "steps": 10000
  }
}
