{
  "metrics": {
    "brier": 0.21562332819123234,
    "ece": 0.15996595158614219,
    "logloss": 0.6209140024718165,
    "n": 1000,
    "trading": {
      "B": 1.0,
      "mode": "sign",
      "pnl_per_event": 0.07486350050894544,
      "transaction_cost": 0.0
    }
  },
  "train_meta": {
    "final_loss": 0.2966005865484476,
    "steps": 4000
  }
}
