{
  "metrics": {
    "brier": 0.4777324180194072,
    "ece": 0.5271287952065468,
    "groups": {
      "ttc_q5": {
        "avg_abs_bias": 0.5271287952065469,
        "n_groups": 5,
        "worst_abs_bias": 0.5956795791586735
      },
      "volume_q5": {
        "avg_abs_bias": 0.5271287952065469,
        "n_groups": 5,
        "worst_abs_bias": 0.5608033829466623
      }
    },
    "logloss": 1.2592686557833797,
    "n": 4000,
    "trading": {
      "B": 1.0,
      "kelly": {
        "final_bankroll": 2.9524144119078963e-248,
        "n": 4000,
        "roi": -1.0
      },
      "mode": "sign",
      "pnl_per_event": -0.15182250056261545,
      "transaction_cost": 0.0
    }
  },
  "train_meta": {
    "final_loss": 0.013225606449414045,
    "steps": 12000
  }
}
