{
  "llm_meta": {
    "K": 1,
    "L": 4,
    "aggregate": "mean",
    "max_new_tokens_used": 64,
    "n": 9216,
    "parse_failures": 92
  },
  "models": [
    {
      "arb_profit": 0.4495507847150293,
      "brier": 0.44262675269951174,
      "ece": 0.43197264821901626,
      "gcal_S": 0.8847058660843793,
      "gcal_S_argmax_key": 41,
      "logloss": 1.763338396782534,
      "n_eval": 1024,
      "name": "AR-intrinsic",
      "sce": 0.3619275366420963
    },
    {
      "arb_profit": 0.10596324494690634,
      "brier": 0.09353271823057696,
      "ece": 0.11904919147491454,
      "gcal_S": 0.10596325993537903,
      "gcal_S_argmax_key": 1,
      "logloss": 0.34791015338270737,
      "n_eval": 1024,
      "name": "Diffusion-intrinsic",
      "sce": 0.011228209279678294
    },
    {
      "arb_profit": 0.05744170596562981,
      "brier": 0.08841334798473413,
      "ece": 0.061102659845801106,
      "gcal_S": 0.12111530039045545,
      "gcal_S_argmax_key": 20,
      "logloss": 0.328467173103431,
      "n_eval": 1024,
      "name": "AR+post",
      "sce": 0.007025104638329203
    },
    {
      "arb_profit": 0.021752938540885225,
      "brier": 0.08049983844686573,
      "ece": 0.03423120893421585,
      "gcal_S": 0.08276510238647461,
      "gcal_S_argmax_key": 20,
      "logloss": 0.3010306194466932,
      "n_eval": 1024,
      "name": "Diffusion+post",
      "sce": 0.0007732516388417323
    }
  ]
}
