{
  "llm_meta": null,
  "models": [
    {
      "arb_profit": 0.39999999131560326,
      "brier": 0.25,
      "ece": 0.0038000000000000256,
      "gcal_S": 0.4000000059604645,
      "gcal_S_argmax_key": 4,
      "logloss": 0.6931471805599454,
      "n_eval": 5000,
      "name": "AR-intrinsic",
      "sce": 0.1599999930524829
    },
    {
      "arb_profit": 0.027107954025268555,
      "brier": 0.09192809625256888,
      "ece": 0.025507962709665294,
      "gcal_S": 0.027107954025268555,
      "gcal_S_argmax_key": 4,
      "logloss": 0.3317037453280638,
      "n_eval": 5000,
      "name": "Diffusion-intrinsic",
      "sce": 0.0007348411714360736
    },
    {
      "arb_profit": 0.33085035709142685,
      "brier": 0.2055896074600176,
      "ece": 0.1538912836253643,
      "gcal_S": 0.5607142448425293,
      "gcal_S_argmax_key": 9599,
      "logloss": 0.6020960840713254,
      "n_eval": 5000,
      "name": "AR+post",
      "sce": 0.11468249202151419
    },
    {
      "arb_profit": 0.021186254597455264,
      "brier": 0.09409713459616474,
      "ece": 0.021505547974258663,
      "gcal_S": 0.3027777671813965,
      "gcal_S_argmax_key": 12692,
      "logloss": 0.33779444645060497,
      "n_eval": 5000,
      "name": "Diffusion+post",
      "sce": 0.002420769019570344
    }
  ]
}
