{
  "llm_meta": null,
  "models": [
    {
      "arb_profit": 0.39999999087452887,
      "brier": 0.25,
      "ece": 0.0046000000000000485,
      "gcal_S": 0.4000000059604645,
      "gcal_S_argmax_key": 1,
      "logloss": 0.6931471805599454,
      "n_eval": 5000,
      "name": "AR-intrinsic",
      "sce": 0.1599999926996234
    },
    {
      "arb_profit": 0.0561077889084816,
      "brier": 0.09424854005664796,
      "ece": 0.0545077980339527,
      "gcal_S": 0.05610781908035278,
      "gcal_S_argmax_key": 1,
      "logloss": 0.3411782783423076,
      "n_eval": 5000,
      "name": "Diffusion-intrinsic",
      "sce": 0.003148083976199619
    },
    {
      "arb_profit": 0.08641323754638433,
      "brier": 0.10150055709061456,
      "ece": 0.08430865568071605,
      "gcal_S": 0.4096153676509857,
      "gcal_S_argmax_key": 216,
      "logloss": 0.36207427047280494,
      "n_eval": 5000,
      "name": "AR+post",
      "sce": 0.01075787911186064
    },
    {
      "arb_profit": 0.043909282329678535,
      "brier": 0.09436633767865832,
      "ece": 0.04498928360641004,
      "gcal_S": 0.2749999761581421,
      "gcal_S_argmax_key": 216,
      "logloss": 0.343166275463559,
      "n_eval": 5000,
      "name": "Diffusion+post",
      "sce": 0.0033680524000234825
    }
  ]
}
