{
  "llm_meta": {
    "K": 5,
    "L": 4,
    "aggregate": "median",
    "max_new_tokens_used": 128,
    "n": 512,
    "parse_failures": 31
  },
  "metrics": {
    "approachability": {
      "clip_eps": 1e-06,
      "curve": {
        "app_err": [
          0.05,
          0.032500000298023225,
          0.02833333412806193,
          0.021250000596046446,
          0.01799999997019768,
          0.02666666656732559,
          0.022857142771993365,
          0.019999999925494193,
          0.017777777711550393,
          0.015999999940395356,
          0.014545454491268504,
          0.013333333283662796,
          0.012307692261842581,
          0.011428571385996683,
          0.010666666626930237,
          0.009999999962747096,
          0.009411764670820798,
          0.008888888855775197,
          0.008421052600208081,
          0.007999999970197678,
          0.007619047590664455,
          0.007272727245634252,
          0.0069565217132153715,
          0.006875000149011612,
          0.008,
          0.007692307692307693,
          0.007407407407407408,
          0.010714285714285714,
          0.010344827586206896,
          0.01,
          0.00967741935483871,
          0.009375,
          0.007575757575757576,
          0.008823529411764706,
          0.008571428571428572,
          0.009722222222222222,
          0.00945945945945946,
          0.009210526315789473,
          0.008974358974358974,
          0.00875,
          0.00853658536585366,
          0.008333333333333333,
          0.009302325581395349,
          0.010227272727272727,
          0.01,
          0.009782608695652175,
          0.009574468085106383,
          0.009375,
          0.009183673469387756,
          0.009,
          0.008823529411764706,
          0.0087890625
        ],
        "t": [
          10,
          20,
          30,
          40,
          50,
          60,
          70,
          80,
          90,
          100,
          110,
          120,
          130,
          140,
          150,
          160,
          170,
          180,
          190,
          200,
          210,
          220,
          230,
          240,
          250,
          260,
          270,
          280,
          290,
          300,
          310,
          320,
          330,
          340,
          350,
          360,
          370,
          380,
          390,
          400,
          410,
          420,
          430,
          440,
          450,
          460,
          470,
          480,
          490,
          500,
          510,
          512
        ]
      },
      "curve_every": 10,
      "curve_time_ts": [
        1761494402.1636631,
        1755786667.721317,
        1765818520.389775,
        1765786214.032286,
        1744297137.744982,
        1743785725.848381,
        1746452030.655029,
        1762794001.270776,
        1705518718.9550002,
        1737407801.1653152,
        1754908235.620882,
        1764257590.394356,
        1755425181.302361,
        1730222513.407464,
        1715277908.478744,
        1741787261.491043,
        1751407713.820672,
        1757354407.969131,
        1749734045.005978,
        1761572794.019048,
        1721241003.453942,
        1744142979.180035,
        1763744401.618592,
        1763740964.805242,
        1733775829.381151,
        1750369127.810498,
        1737410160.603235,
        1758693603.5605881,
        1719090696.494977,
        1732693988.891347,
        1744066566.3936791,
        1753807738.266647,
        1756128808.9727721,
        1761248929.707416,
        1761579904.8051589,
        1758038403.760753,
        1753102433.035558,
        1746661452.218008,
        1727720147.5087008,
        1759766353.561051,
        1763787610.455581,
        1760932812.160964,
        1730930874.109406,
        1740775355.674517,
        1753813464.605763,
        1761222200.198248,
        1757692802.633375,
        1763933884.2021928,
        1764871690.7842371,
        1710945913.197921,
        1726518909.100841,
        1754868138.073339
      ],
      "eps": 0.0,
      "family": "group_bin_indicator",
      "final": {
        "app_err": 0.0087890625,
        "top_violations": [
          {
            "bin_hi": 0.5,
            "bin_idx": 9,
            "bin_lo": 0.45,
            "coord": 309,
            "group": "(25468.52, 80556.181]|(583443.869, 856093.761]",
            "group_idx": 15,
            "mean_payoff": -0.0087890625,
            "violation": 0.0087890625
          },
          {
            "bin_hi": 0.5,
            "bin_idx": 9,
            "bin_lo": 0.45,
            "coord": 149,
            "group": "(2337.455, 8885.694]|(163838.173, 583443.869]",
            "group_idx": 7,
            "mean_payoff": -0.0078125,
            "violation": 0.0078125
          },
          {
            "bin_hi": 0.5,
            "bin_idx": 9,
            "bin_lo": 0.45,
            "coord": 429,
            "group": "(80556.181, 17217303.425]|(583443.869, 856093.761]",
            "group_idx": 21,
            "mean_payoff": -0.0068359375,
            "violation": 0.0068359375
          },
          {
            "bin_hi": 0.5,
            "bin_idx": 9,
            "bin_lo": 0.45,
            "coord": 449,
            "group": "(80556.181, 17217303.425]|(856093.761, 2315698.079]",
            "group_idx": 22,
            "mean_payoff": -0.0068359375,
            "violation": 0.0068359375
          },
          {
            "bin_hi": 0.35000000000000003,
            "bin_idx": 6,
            "bin_lo": 0.30000000000000004,
            "coord": 6,
            "group": "(101.03, 2337.455]|(13625.198, 163838.173]",
            "group_idx": 0,
            "mean_payoff": 0.0054687499068677425,
            "violation": 0.0054687499068677425
          },
          {
            "bin_hi": 0.5,
            "bin_idx": 9,
            "bin_lo": 0.45,
            "coord": 129,
            "group": "(2337.455, 8885.694]|(13625.198, 163838.173]",
            "group_idx": 6,
            "mean_payoff": -0.0048828125,
            "violation": 0.0048828125
          },
          {
            "bin_hi": 0.5,
            "bin_idx": 9,
            "bin_lo": 0.45,
            "coord": 569,
            "group": "(8885.694, 25468.52]|(856093.761, 2315698.079]",
            "group_idx": 28,
            "mean_payoff": -0.00390625,
            "violation": 0.00390625
          },
          {
            "bin_hi": 0.45,
            "bin_idx": 8,
            "bin_lo": 0.4,
            "coord": 508,
            "group": "(8885.694, 25468.52]|(163838.173, 583443.869]",
            "group_idx": 25,
            "mean_payoff": 0.003222656319849193,
            "violation": 0.003222656319849193
          },
          {
            "bin_hi": 0.8500000000000001,
            "bin_idx": 16,
            "bin_lo": 0.8,
            "coord": 256,
            "group": "(25468.52, 80556.181]|(13625.198, 163838.173]",
            "group_idx": 12,
            "mean_payoff": -0.0031250000465661287,
            "violation": 0.0031250000465661287
          },
          {
            "bin_hi": 0.25,
            "bin_idx": 4,
            "bin_lo": 0.2,
            "coord": 484,
            "group": "(8885.694, 25468.52]|(13625.198, 163838.173]",
            "group_idx": 24,
            "mean_payoff": 0.003124999988358468,
            "violation": 0.003124999988358468
          }
        ]
      },
      "group_cols": [
        "volume_q5",
        "ttc_q5"
      ],
      "n": 512,
      "n_bins": 20,
      "n_groups": 30,
      "pred_col": "pred_prob",
      "time_col": "createdAt",
      "y_col": "y"
    },
    "brier": 0.20096797518270398,
    "ece": 0.11120488449195419,
    "groups": {
      "ttc_q5": {
        "avg_abs_bias": 0.0800841818450948,
        "n_groups": 6,
        "worst_abs_bias": 0.18081632887526433
      },
      "volume_q5": {
        "avg_abs_bias": 0.0800841818450948,
        "n_groups": 5,